"dgp","idx_d","idx_T","rep","d","T_sample","truth_seed","data_seed"
"dgp1",1,1,1,5,100,20270001,20361327
"dgp1",1,1,2,5,100,20270001,20361328
"dgp1",1,1,3,5,100,20270001,20361329
"dgp1",1,1,4,5,100,20270001,20361330
"dgp1",1,1,5,5,100,20270001,20361331
"dgp1",1,1,6,5,100,20270001,20361332
"dgp1",1,1,7,5,100,20270001,20361333
"dgp1",1,1,8,5,100,20270001,20361334
"dgp1",1,1,9,5,100,20270001,20361335
"dgp1",1,1,10,5,100,20270001,20361336
"dgp1",1,1,11,5,100,20270001,20361337
"dgp1",1,1,12,5,100,20270001,20361338
"dgp1",1,1,13,5,100,20270001,20361339
"dgp1",1,1,14,5,100,20270001,20361340
"dgp1",1,1,15,5,100,20270001,20361341
"dgp1",1,1,16,5,100,20270001,20361342
"dgp1",1,1,17,5,100,20270001,20361343
"dgp1",1,1,18,5,100,20270001,20361344
"dgp1",1,1,19,5,100,20270001,20361345
"dgp1",1,1,20,5,100,20270001,20361346
"dgp1",1,1,21,5,100,20270001,20361347
"dgp1",1,1,22,5,100,20270001,20361348
"dgp1",1,1,23,5,100,20270001,20361349
"dgp1",1,1,24,5,100,20270001,20361350
"dgp1",1,1,25,5,100,20270001,20361351
"dgp1",1,1,26,5,100,20270001,20361352
"dgp1",1,1,27,5,100,20270001,20361353
"dgp1",1,1,28,5,100,20270001,20361354
"dgp1",1,1,29,5,100,20270001,20361355
"dgp1",1,1,30,5,100,20270001,20361356
"dgp1",1,1,31,5,100,20270001,20361357
"dgp1",1,1,32,5,100,20270001,20361358
"dgp1",1,1,33,5,100,20270001,20361359
"dgp1",1,1,34,5,100,20270001,20361360
"dgp1",1,1,35,5,100,20270001,20361361
"dgp1",1,1,36,5,100,20270001,20361362
"dgp1",1,1,37,5,100,20270001,20361363
"dgp1",1,1,38,5,100,20270001,20361364
"dgp1",1,1,39,5,100,20270001,20361365
"dgp1",1,1,40,5,100,20270001,20361366
"dgp1",1,1,41,5,100,20270001,20361367
"dgp1",1,1,42,5,100,20270001,20361368
"dgp1",1,1,43,5,100,20270001,20361369
"dgp1",1,1,44,5,100,20270001,20361370
"dgp1",1,1,45,5,100,20270001,20361371
"dgp1",1,1,46,5,100,20270001,20361372
"dgp1",1,1,47,5,100,20270001,20361373
"dgp1",1,1,48,5,100,20270001,20361374
"dgp1",1,1,49,5,100,20270001,20361375
"dgp1",1,1,50,5,100,20270001,20361376
"dgp1",1,1,51,5,100,20270001,20361377
"dgp1",1,1,52,5,100,20270001,20361378
"dgp1",1,1,53,5,100,20270001,20361379
"dgp1",1,1,54,5,100,20270001,20361380
"dgp1",1,1,55,5,100,20270001,20361381
"dgp1",1,1,56,5,100,20270001,20361382
"dgp1",1,1,57,5,100,20270001,20361383
"dgp1",1,1,58,5,100,20270001,20361384
"dgp1",1,1,59,5,100,20270001,20361385
"dgp1",1,1,60,5,100,20270001,20361386
"dgp1",1,1,61,5,100,20270001,20361387
"dgp1",1,1,62,5,100,20270001,20361388
"dgp1",1,1,63,5,100,20270001,20361389
"dgp1",1,1,64,5,100,20270001,20361390
"dgp1",1,1,65,5,100,20270001,20361391
"dgp1",1,1,66,5,100,20270001,20361392
"dgp1",1,1,67,5,100,20270001,20361393
"dgp1",1,1,68,5,100,20270001,20361394
"dgp1",1,1,69,5,100,20270001,20361395
"dgp1",1,1,70,5,100,20270001,20361396
"dgp1",1,1,71,5,100,20270001,20361397
"dgp1",1,1,72,5,100,20270001,20361398
"dgp1",1,1,73,5,100,20270001,20361399
"dgp1",1,1,74,5,100,20270001,20361400
"dgp1",1,1,75,5,100,20270001,20361401
"dgp1",1,1,76,5,100,20270001,20361402
"dgp1",1,1,77,5,100,20270001,20361403
"dgp1",1,1,78,5,100,20270001,20361404
"dgp1",1,1,79,5,100,20270001,20361405
"dgp1",1,1,80,5,100,20270001,20361406
"dgp1",1,1,81,5,100,20270001,20361407
"dgp1",1,1,82,5,100,20270001,20361408
"dgp1",1,1,83,5,100,20270001,20361409
"dgp1",1,1,84,5,100,20270001,20361410
"dgp1",1,1,85,5,100,20270001,20361411
"dgp1",1,1,86,5,100,20270001,20361412
"dgp1",1,1,87,5,100,20270001,20361413
"dgp1",1,1,88,5,100,20270001,20361414
"dgp1",1,1,89,5,100,20270001,20361415
"dgp1",1,1,90,5,100,20270001,20361416
"dgp1",1,1,91,5,100,20270001,20361417
"dgp1",1,1,92,5,100,20270001,20361418
"dgp1",1,1,93,5,100,20270001,20361419
"dgp1",1,1,94,5,100,20270001,20361420
"dgp1",1,1,95,5,100,20270001,20361421
"dgp1",1,1,96,5,100,20270001,20361422
"dgp1",1,1,97,5,100,20270001,20361423
"dgp1",1,1,98,5,100,20270001,20361424
"dgp1",1,1,99,5,100,20270001,20361425
"dgp1",1,1,100,5,100,20270001,20361426
"dgp1",1,2,1,5,200,20270001,20362327
"dgp1",1,2,2,5,200,20270001,20362328
"dgp1",1,2,3,5,200,20270001,20362329
"dgp1",1,2,4,5,200,20270001,20362330
"dgp1",1,2,5,5,200,20270001,20362331
"dgp1",1,2,6,5,200,20270001,20362332
"dgp1",1,2,7,5,200,20270001,20362333
"dgp1",1,2,8,5,200,20270001,20362334
"dgp1",1,2,9,5,200,20270001,20362335
"dgp1",1,2,10,5,200,20270001,20362336
"dgp1",1,2,11,5,200,20270001,20362337
"dgp1",1,2,12,5,200,20270001,20362338
"dgp1",1,2,13,5,200,20270001,20362339
"dgp1",1,2,14,5,200,20270001,20362340
"dgp1",1,2,15,5,200,20270001,20362341
"dgp1",1,2,16,5,200,20270001,20362342
"dgp1",1,2,17,5,200,20270001,20362343
"dgp1",1,2,18,5,200,20270001,20362344
"dgp1",1,2,19,5,200,20270001,20362345
"dgp1",1,2,20,5,200,20270001,20362346
"dgp1",1,2,21,5,200,20270001,20362347
"dgp1",1,2,22,5,200,20270001,20362348
"dgp1",1,2,23,5,200,20270001,20362349
"dgp1",1,2,24,5,200,20270001,20362350
"dgp1",1,2,25,5,200,20270001,20362351
"dgp1",1,2,26,5,200,20270001,20362352
"dgp1",1,2,27,5,200,20270001,20362353
"dgp1",1,2,28,5,200,20270001,20362354
"dgp1",1,2,29,5,200,20270001,20362355
"dgp1",1,2,30,5,200,20270001,20362356
"dgp1",1,2,31,5,200,20270001,20362357
"dgp1",1,2,32,5,200,20270001,20362358
"dgp1",1,2,33,5,200,20270001,20362359
"dgp1",1,2,34,5,200,20270001,20362360
"dgp1",1,2,35,5,200,20270001,20362361
"dgp1",1,2,36,5,200,20270001,20362362
"dgp1",1,2,37,5,200,20270001,20362363
"dgp1",1,2,38,5,200,20270001,20362364
"dgp1",1,2,39,5,200,20270001,20362365
"dgp1",1,2,40,5,200,20270001,20362366
"dgp1",1,2,41,5,200,20270001,20362367
"dgp1",1,2,42,5,200,20270001,20362368
"dgp1",1,2,43,5,200,20270001,20362369
"dgp1",1,2,44,5,200,20270001,20362370
"dgp1",1,2,45,5,200,20270001,20362371
"dgp1",1,2,46,5,200,20270001,20362372
"dgp1",1,2,47,5,200,20270001,20362373
"dgp1",1,2,48,5,200,20270001,20362374
"dgp1",1,2,49,5,200,20270001,20362375
"dgp1",1,2,50,5,200,20270001,20362376
"dgp1",1,2,51,5,200,20270001,20362377
"dgp1",1,2,52,5,200,20270001,20362378
"dgp1",1,2,53,5,200,20270001,20362379
"dgp1",1,2,54,5,200,20270001,20362380
"dgp1",1,2,55,5,200,20270001,20362381
"dgp1",1,2,56,5,200,20270001,20362382
"dgp1",1,2,57,5,200,20270001,20362383
"dgp1",1,2,58,5,200,20270001,20362384
"dgp1",1,2,59,5,200,20270001,20362385
"dgp1",1,2,60,5,200,20270001,20362386
"dgp1",1,2,61,5,200,20270001,20362387
"dgp1",1,2,62,5,200,20270001,20362388
"dgp1",1,2,63,5,200,20270001,20362389
"dgp1",1,2,64,5,200,20270001,20362390
"dgp1",1,2,65,5,200,20270001,20362391
"dgp1",1,2,66,5,200,20270001,20362392
"dgp1",1,2,67,5,200,20270001,20362393
"dgp1",1,2,68,5,200,20270001,20362394
"dgp1",1,2,69,5,200,20270001,20362395
"dgp1",1,2,70,5,200,20270001,20362396
"dgp1",1,2,71,5,200,20270001,20362397
"dgp1",1,2,72,5,200,20270001,20362398
"dgp1",1,2,73,5,200,20270001,20362399
"dgp1",1,2,74,5,200,20270001,20362400
"dgp1",1,2,75,5,200,20270001,20362401
"dgp1",1,2,76,5,200,20270001,20362402
"dgp1",1,2,77,5,200,20270001,20362403
"dgp1",1,2,78,5,200,20270001,20362404
"dgp1",1,2,79,5,200,20270001,20362405
"dgp1",1,2,80,5,200,20270001,20362406
"dgp1",1,2,81,5,200,20270001,20362407
"dgp1",1,2,82,5,200,20270001,20362408
"dgp1",1,2,83,5,200,20270001,20362409
"dgp1",1,2,84,5,200,20270001,20362410
"dgp1",1,2,85,5,200,20270001,20362411
"dgp1",1,2,86,5,200,20270001,20362412
"dgp1",1,2,87,5,200,20270001,20362413
"dgp1",1,2,88,5,200,20270001,20362414
"dgp1",1,2,89,5,200,20270001,20362415
"dgp1",1,2,90,5,200,20270001,20362416
"dgp1",1,2,91,5,200,20270001,20362417
"dgp1",1,2,92,5,200,20270001,20362418
"dgp1",1,2,93,5,200,20270001,20362419
"dgp1",1,2,94,5,200,20270001,20362420
"dgp1",1,2,95,5,200,20270001,20362421
"dgp1",1,2,96,5,200,20270001,20362422
"dgp1",1,2,97,5,200,20270001,20362423
"dgp1",1,2,98,5,200,20270001,20362424
"dgp1",1,2,99,5,200,20270001,20362425
"dgp1",1,2,100,5,200,20270001,20362426
"dgp1",1,3,1,5,300,20270001,20363327
"dgp1",1,3,2,5,300,20270001,20363328
"dgp1",1,3,3,5,300,20270001,20363329
"dgp1",1,3,4,5,300,20270001,20363330
"dgp1",1,3,5,5,300,20270001,20363331
"dgp1",1,3,6,5,300,20270001,20363332
"dgp1",1,3,7,5,300,20270001,20363333
"dgp1",1,3,8,5,300,20270001,20363334
"dgp1",1,3,9,5,300,20270001,20363335
"dgp1",1,3,10,5,300,20270001,20363336
"dgp1",1,3,11,5,300,20270001,20363337
"dgp1",1,3,12,5,300,20270001,20363338
"dgp1",1,3,13,5,300,20270001,20363339
"dgp1",1,3,14,5,300,20270001,20363340
"dgp1",1,3,15,5,300,20270001,20363341
"dgp1",1,3,16,5,300,20270001,20363342
"dgp1",1,3,17,5,300,20270001,20363343
"dgp1",1,3,18,5,300,20270001,20363344
"dgp1",1,3,19,5,300,20270001,20363345
"dgp1",1,3,20,5,300,20270001,20363346
"dgp1",1,3,21,5,300,20270001,20363347
"dgp1",1,3,22,5,300,20270001,20363348
"dgp1",1,3,23,5,300,20270001,20363349
"dgp1",1,3,24,5,300,20270001,20363350
"dgp1",1,3,25,5,300,20270001,20363351
"dgp1",1,3,26,5,300,20270001,20363352
"dgp1",1,3,27,5,300,20270001,20363353
"dgp1",1,3,28,5,300,20270001,20363354
"dgp1",1,3,29,5,300,20270001,20363355
"dgp1",1,3,30,5,300,20270001,20363356
"dgp1",1,3,31,5,300,20270001,20363357
"dgp1",1,3,32,5,300,20270001,20363358
"dgp1",1,3,33,5,300,20270001,20363359
"dgp1",1,3,34,5,300,20270001,20363360
"dgp1",1,3,35,5,300,20270001,20363361
"dgp1",1,3,36,5,300,20270001,20363362
"dgp1",1,3,37,5,300,20270001,20363363
"dgp1",1,3,38,5,300,20270001,20363364
"dgp1",1,3,39,5,300,20270001,20363365
"dgp1",1,3,40,5,300,20270001,20363366
"dgp1",1,3,41,5,300,20270001,20363367
"dgp1",1,3,42,5,300,20270001,20363368
"dgp1",1,3,43,5,300,20270001,20363369
"dgp1",1,3,44,5,300,20270001,20363370
"dgp1",1,3,45,5,300,20270001,20363371
"dgp1",1,3,46,5,300,20270001,20363372
"dgp1",1,3,47,5,300,20270001,20363373
"dgp1",1,3,48,5,300,20270001,20363374
"dgp1",1,3,49,5,300,20270001,20363375
"dgp1",1,3,50,5,300,20270001,20363376
"dgp1",1,3,51,5,300,20270001,20363377
"dgp1",1,3,52,5,300,20270001,20363378
"dgp1",1,3,53,5,300,20270001,20363379
"dgp1",1,3,54,5,300,20270001,20363380
"dgp1",1,3,55,5,300,20270001,20363381
"dgp1",1,3,56,5,300,20270001,20363382
"dgp1",1,3,57,5,300,20270001,20363383
"dgp1",1,3,58,5,300,20270001,20363384
"dgp1",1,3,59,5,300,20270001,20363385
"dgp1",1,3,60,5,300,20270001,20363386
"dgp1",1,3,61,5,300,20270001,20363387
"dgp1",1,3,62,5,300,20270001,20363388
"dgp1",1,3,63,5,300,20270001,20363389
"dgp1",1,3,64,5,300,20270001,20363390
"dgp1",1,3,65,5,300,20270001,20363391
"dgp1",1,3,66,5,300,20270001,20363392
"dgp1",1,3,67,5,300,20270001,20363393
"dgp1",1,3,68,5,300,20270001,20363394
"dgp1",1,3,69,5,300,20270001,20363395
"dgp1",1,3,70,5,300,20270001,20363396
"dgp1",1,3,71,5,300,20270001,20363397
"dgp1",1,3,72,5,300,20270001,20363398
"dgp1",1,3,73,5,300,20270001,20363399
"dgp1",1,3,74,5,300,20270001,20363400
"dgp1",1,3,75,5,300,20270001,20363401
"dgp1",1,3,76,5,300,20270001,20363402
"dgp1",1,3,77,5,300,20270001,20363403
"dgp1",1,3,78,5,300,20270001,20363404
"dgp1",1,3,79,5,300,20270001,20363405
"dgp1",1,3,80,5,300,20270001,20363406
"dgp1",1,3,81,5,300,20270001,20363407
"dgp1",1,3,82,5,300,20270001,20363408
"dgp1",1,3,83,5,300,20270001,20363409
"dgp1",1,3,84,5,300,20270001,20363410
"dgp1",1,3,85,5,300,20270001,20363411
"dgp1",1,3,86,5,300,20270001,20363412
"dgp1",1,3,87,5,300,20270001,20363413
"dgp1",1,3,88,5,300,20270001,20363414
"dgp1",1,3,89,5,300,20270001,20363415
"dgp1",1,3,90,5,300,20270001,20363416
"dgp1",1,3,91,5,300,20270001,20363417
"dgp1",1,3,92,5,300,20270001,20363418
"dgp1",1,3,93,5,300,20270001,20363419
"dgp1",1,3,94,5,300,20270001,20363420
"dgp1",1,3,95,5,300,20270001,20363421
"dgp1",1,3,96,5,300,20270001,20363422
"dgp1",1,3,97,5,300,20270001,20363423
"dgp1",1,3,98,5,300,20270001,20363424
"dgp1",1,3,99,5,300,20270001,20363425
"dgp1",1,3,100,5,300,20270001,20363426
"dgp1",1,4,1,5,500,20270001,20364327
"dgp1",1,4,2,5,500,20270001,20364328
"dgp1",1,4,3,5,500,20270001,20364329
"dgp1",1,4,4,5,500,20270001,20364330
"dgp1",1,4,5,5,500,20270001,20364331
"dgp1",1,4,6,5,500,20270001,20364332
"dgp1",1,4,7,5,500,20270001,20364333
"dgp1",1,4,8,5,500,20270001,20364334
"dgp1",1,4,9,5,500,20270001,20364335
"dgp1",1,4,10,5,500,20270001,20364336
"dgp1",1,4,11,5,500,20270001,20364337
"dgp1",1,4,12,5,500,20270001,20364338
"dgp1",1,4,13,5,500,20270001,20364339
"dgp1",1,4,14,5,500,20270001,20364340
"dgp1",1,4,15,5,500,20270001,20364341
"dgp1",1,4,16,5,500,20270001,20364342
"dgp1",1,4,17,5,500,20270001,20364343
"dgp1",1,4,18,5,500,20270001,20364344
"dgp1",1,4,19,5,500,20270001,20364345
"dgp1",1,4,20,5,500,20270001,20364346
"dgp1",1,4,21,5,500,20270001,20364347
"dgp1",1,4,22,5,500,20270001,20364348
"dgp1",1,4,23,5,500,20270001,20364349
"dgp1",1,4,24,5,500,20270001,20364350
"dgp1",1,4,25,5,500,20270001,20364351
"dgp1",1,4,26,5,500,20270001,20364352
"dgp1",1,4,27,5,500,20270001,20364353
"dgp1",1,4,28,5,500,20270001,20364354
"dgp1",1,4,29,5,500,20270001,20364355
"dgp1",1,4,30,5,500,20270001,20364356
"dgp1",1,4,31,5,500,20270001,20364357
"dgp1",1,4,32,5,500,20270001,20364358
"dgp1",1,4,33,5,500,20270001,20364359
"dgp1",1,4,34,5,500,20270001,20364360
"dgp1",1,4,35,5,500,20270001,20364361
"dgp1",1,4,36,5,500,20270001,20364362
"dgp1",1,4,37,5,500,20270001,20364363
"dgp1",1,4,38,5,500,20270001,20364364
"dgp1",1,4,39,5,500,20270001,20364365
"dgp1",1,4,40,5,500,20270001,20364366
"dgp1",1,4,41,5,500,20270001,20364367
"dgp1",1,4,42,5,500,20270001,20364368
"dgp1",1,4,43,5,500,20270001,20364369
"dgp1",1,4,44,5,500,20270001,20364370
"dgp1",1,4,45,5,500,20270001,20364371
"dgp1",1,4,46,5,500,20270001,20364372
"dgp1",1,4,47,5,500,20270001,20364373
"dgp1",1,4,48,5,500,20270001,20364374
"dgp1",1,4,49,5,500,20270001,20364375
"dgp1",1,4,50,5,500,20270001,20364376
"dgp1",1,4,51,5,500,20270001,20364377
"dgp1",1,4,52,5,500,20270001,20364378
"dgp1",1,4,53,5,500,20270001,20364379
"dgp1",1,4,54,5,500,20270001,20364380
"dgp1",1,4,55,5,500,20270001,20364381
"dgp1",1,4,56,5,500,20270001,20364382
"dgp1",1,4,57,5,500,20270001,20364383
"dgp1",1,4,58,5,500,20270001,20364384
"dgp1",1,4,59,5,500,20270001,20364385
"dgp1",1,4,60,5,500,20270001,20364386
"dgp1",1,4,61,5,500,20270001,20364387
"dgp1",1,4,62,5,500,20270001,20364388
"dgp1",1,4,63,5,500,20270001,20364389
"dgp1",1,4,64,5,500,20270001,20364390
"dgp1",1,4,65,5,500,20270001,20364391
"dgp1",1,4,66,5,500,20270001,20364392
"dgp1",1,4,67,5,500,20270001,20364393
"dgp1",1,4,68,5,500,20270001,20364394
"dgp1",1,4,69,5,500,20270001,20364395
"dgp1",1,4,70,5,500,20270001,20364396
"dgp1",1,4,71,5,500,20270001,20364397
"dgp1",1,4,72,5,500,20270001,20364398
"dgp1",1,4,73,5,500,20270001,20364399
"dgp1",1,4,74,5,500,20270001,20364400
"dgp1",1,4,75,5,500,20270001,20364401
"dgp1",1,4,76,5,500,20270001,20364402
"dgp1",1,4,77,5,500,20270001,20364403
"dgp1",1,4,78,5,500,20270001,20364404
"dgp1",1,4,79,5,500,20270001,20364405
"dgp1",1,4,80,5,500,20270001,20364406
"dgp1",1,4,81,5,500,20270001,20364407
"dgp1",1,4,82,5,500,20270001,20364408
"dgp1",1,4,83,5,500,20270001,20364409
"dgp1",1,4,84,5,500,20270001,20364410
"dgp1",1,4,85,5,500,20270001,20364411
"dgp1",1,4,86,5,500,20270001,20364412
"dgp1",1,4,87,5,500,20270001,20364413
"dgp1",1,4,88,5,500,20270001,20364414
"dgp1",1,4,89,5,500,20270001,20364415
"dgp1",1,4,90,5,500,20270001,20364416
"dgp1",1,4,91,5,500,20270001,20364417
"dgp1",1,4,92,5,500,20270001,20364418
"dgp1",1,4,93,5,500,20270001,20364419
"dgp1",1,4,94,5,500,20270001,20364420
"dgp1",1,4,95,5,500,20270001,20364421
"dgp1",1,4,96,5,500,20270001,20364422
"dgp1",1,4,97,5,500,20270001,20364423
"dgp1",1,4,98,5,500,20270001,20364424
"dgp1",1,4,99,5,500,20270001,20364425
"dgp1",1,4,100,5,500,20270001,20364426
"dgp1",1,5,1,5,1000,20270001,20365327
"dgp1",1,5,2,5,1000,20270001,20365328
"dgp1",1,5,3,5,1000,20270001,20365329
"dgp1",1,5,4,5,1000,20270001,20365330
"dgp1",1,5,5,5,1000,20270001,20365331
"dgp1",1,5,6,5,1000,20270001,20365332
"dgp1",1,5,7,5,1000,20270001,20365333
"dgp1",1,5,8,5,1000,20270001,20365334
"dgp1",1,5,9,5,1000,20270001,20365335
"dgp1",1,5,10,5,1000,20270001,20365336
"dgp1",1,5,11,5,1000,20270001,20365337
"dgp1",1,5,12,5,1000,20270001,20365338
"dgp1",1,5,13,5,1000,20270001,20365339
"dgp1",1,5,14,5,1000,20270001,20365340
"dgp1",1,5,15,5,1000,20270001,20365341
"dgp1",1,5,16,5,1000,20270001,20365342
"dgp1",1,5,17,5,1000,20270001,20365343
"dgp1",1,5,18,5,1000,20270001,20365344
"dgp1",1,5,19,5,1000,20270001,20365345
"dgp1",1,5,20,5,1000,20270001,20365346
"dgp1",1,5,21,5,1000,20270001,20365347
"dgp1",1,5,22,5,1000,20270001,20365348
"dgp1",1,5,23,5,1000,20270001,20365349
"dgp1",1,5,24,5,1000,20270001,20365350
"dgp1",1,5,25,5,1000,20270001,20365351
"dgp1",1,5,26,5,1000,20270001,20365352
"dgp1",1,5,27,5,1000,20270001,20365353
"dgp1",1,5,28,5,1000,20270001,20365354
"dgp1",1,5,29,5,1000,20270001,20365355
"dgp1",1,5,30,5,1000,20270001,20365356
"dgp1",1,5,31,5,1000,20270001,20365357
"dgp1",1,5,32,5,1000,20270001,20365358
"dgp1",1,5,33,5,1000,20270001,20365359
"dgp1",1,5,34,5,1000,20270001,20365360
"dgp1",1,5,35,5,1000,20270001,20365361
"dgp1",1,5,36,5,1000,20270001,20365362
"dgp1",1,5,37,5,1000,20270001,20365363
"dgp1",1,5,38,5,1000,20270001,20365364
"dgp1",1,5,39,5,1000,20270001,20365365
"dgp1",1,5,40,5,1000,20270001,20365366
"dgp1",1,5,41,5,1000,20270001,20365367
"dgp1",1,5,42,5,1000,20270001,20365368
"dgp1",1,5,43,5,1000,20270001,20365369
"dgp1",1,5,44,5,1000,20270001,20365370
"dgp1",1,5,45,5,1000,20270001,20365371
"dgp1",1,5,46,5,1000,20270001,20365372
"dgp1",1,5,47,5,1000,20270001,20365373
"dgp1",1,5,48,5,1000,20270001,20365374
"dgp1",1,5,49,5,1000,20270001,20365375
"dgp1",1,5,50,5,1000,20270001,20365376
"dgp1",1,5,51,5,1000,20270001,20365377
"dgp1",1,5,52,5,1000,20270001,20365378
"dgp1",1,5,53,5,1000,20270001,20365379
"dgp1",1,5,54,5,1000,20270001,20365380
"dgp1",1,5,55,5,1000,20270001,20365381
"dgp1",1,5,56,5,1000,20270001,20365382
"dgp1",1,5,57,5,1000,20270001,20365383
"dgp1",1,5,58,5,1000,20270001,20365384
"dgp1",1,5,59,5,1000,20270001,20365385
"dgp1",1,5,60,5,1000,20270001,20365386
"dgp1",1,5,61,5,1000,20270001,20365387
"dgp1",1,5,62,5,1000,20270001,20365388
"dgp1",1,5,63,5,1000,20270001,20365389
"dgp1",1,5,64,5,1000,20270001,20365390
"dgp1",1,5,65,5,1000,20270001,20365391
"dgp1",1,5,66,5,1000,20270001,20365392
"dgp1",1,5,67,5,1000,20270001,20365393
"dgp1",1,5,68,5,1000,20270001,20365394
"dgp1",1,5,69,5,1000,20270001,20365395
"dgp1",1,5,70,5,1000,20270001,20365396
"dgp1",1,5,71,5,1000,20270001,20365397
"dgp1",1,5,72,5,1000,20270001,20365398
"dgp1",1,5,73,5,1000,20270001,20365399
"dgp1",1,5,74,5,1000,20270001,20365400
"dgp1",1,5,75,5,1000,20270001,20365401
"dgp1",1,5,76,5,1000,20270001,20365402
"dgp1",1,5,77,5,1000,20270001,20365403
"dgp1",1,5,78,5,1000,20270001,20365404
"dgp1",1,5,79,5,1000,20270001,20365405
"dgp1",1,5,80,5,1000,20270001,20365406
"dgp1",1,5,81,5,1000,20270001,20365407
"dgp1",1,5,82,5,1000,20270001,20365408
"dgp1",1,5,83,5,1000,20270001,20365409
"dgp1",1,5,84,5,1000,20270001,20365410
"dgp1",1,5,85,5,1000,20270001,20365411
"dgp1",1,5,86,5,1000,20270001,20365412
"dgp1",1,5,87,5,1000,20270001,20365413
"dgp1",1,5,88,5,1000,20270001,20365414
"dgp1",1,5,89,5,1000,20270001,20365415
"dgp1",1,5,90,5,1000,20270001,20365416
"dgp1",1,5,91,5,1000,20270001,20365417
"dgp1",1,5,92,5,1000,20270001,20365418
"dgp1",1,5,93,5,1000,20270001,20365419
"dgp1",1,5,94,5,1000,20270001,20365420
"dgp1",1,5,95,5,1000,20270001,20365421
"dgp1",1,5,96,5,1000,20270001,20365422
"dgp1",1,5,97,5,1000,20270001,20365423
"dgp1",1,5,98,5,1000,20270001,20365424
"dgp1",1,5,99,5,1000,20270001,20365425
"dgp1",1,5,100,5,1000,20270001,20365426
"dgp1",1,6,1,5,2000,20270001,20366327
"dgp1",1,6,2,5,2000,20270001,20366328
"dgp1",1,6,3,5,2000,20270001,20366329
"dgp1",1,6,4,5,2000,20270001,20366330
"dgp1",1,6,5,5,2000,20270001,20366331
"dgp1",1,6,6,5,2000,20270001,20366332
"dgp1",1,6,7,5,2000,20270001,20366333
"dgp1",1,6,8,5,2000,20270001,20366334
"dgp1",1,6,9,5,2000,20270001,20366335
"dgp1",1,6,10,5,2000,20270001,20366336
"dgp1",1,6,11,5,2000,20270001,20366337
"dgp1",1,6,12,5,2000,20270001,20366338
"dgp1",1,6,13,5,2000,20270001,20366339
"dgp1",1,6,14,5,2000,20270001,20366340
"dgp1",1,6,15,5,2000,20270001,20366341
"dgp1",1,6,16,5,2000,20270001,20366342
"dgp1",1,6,17,5,2000,20270001,20366343
"dgp1",1,6,18,5,2000,20270001,20366344
"dgp1",1,6,19,5,2000,20270001,20366345
"dgp1",1,6,20,5,2000,20270001,20366346
"dgp1",1,6,21,5,2000,20270001,20366347
"dgp1",1,6,22,5,2000,20270001,20366348
"dgp1",1,6,23,5,2000,20270001,20366349
"dgp1",1,6,24,5,2000,20270001,20366350
"dgp1",1,6,25,5,2000,20270001,20366351
"dgp1",1,6,26,5,2000,20270001,20366352
"dgp1",1,6,27,5,2000,20270001,20366353
"dgp1",1,6,28,5,2000,20270001,20366354
"dgp1",1,6,29,5,2000,20270001,20366355
"dgp1",1,6,30,5,2000,20270001,20366356
"dgp1",1,6,31,5,2000,20270001,20366357
"dgp1",1,6,32,5,2000,20270001,20366358
"dgp1",1,6,33,5,2000,20270001,20366359
"dgp1",1,6,34,5,2000,20270001,20366360
"dgp1",1,6,35,5,2000,20270001,20366361
"dgp1",1,6,36,5,2000,20270001,20366362
"dgp1",1,6,37,5,2000,20270001,20366363
"dgp1",1,6,38,5,2000,20270001,20366364
"dgp1",1,6,39,5,2000,20270001,20366365
"dgp1",1,6,40,5,2000,20270001,20366366
"dgp1",1,6,41,5,2000,20270001,20366367
"dgp1",1,6,42,5,2000,20270001,20366368
"dgp1",1,6,43,5,2000,20270001,20366369
"dgp1",1,6,44,5,2000,20270001,20366370
"dgp1",1,6,45,5,2000,20270001,20366371
"dgp1",1,6,46,5,2000,20270001,20366372
"dgp1",1,6,47,5,2000,20270001,20366373
"dgp1",1,6,48,5,2000,20270001,20366374
"dgp1",1,6,49,5,2000,20270001,20366375
"dgp1",1,6,50,5,2000,20270001,20366376
"dgp1",1,6,51,5,2000,20270001,20366377
"dgp1",1,6,52,5,2000,20270001,20366378
"dgp1",1,6,53,5,2000,20270001,20366379
"dgp1",1,6,54,5,2000,20270001,20366380
"dgp1",1,6,55,5,2000,20270001,20366381
"dgp1",1,6,56,5,2000,20270001,20366382
"dgp1",1,6,57,5,2000,20270001,20366383
"dgp1",1,6,58,5,2000,20270001,20366384
"dgp1",1,6,59,5,2000,20270001,20366385
"dgp1",1,6,60,5,2000,20270001,20366386
"dgp1",1,6,61,5,2000,20270001,20366387
"dgp1",1,6,62,5,2000,20270001,20366388
"dgp1",1,6,63,5,2000,20270001,20366389
"dgp1",1,6,64,5,2000,20270001,20366390
"dgp1",1,6,65,5,2000,20270001,20366391
"dgp1",1,6,66,5,2000,20270001,20366392
"dgp1",1,6,67,5,2000,20270001,20366393
"dgp1",1,6,68,5,2000,20270001,20366394
"dgp1",1,6,69,5,2000,20270001,20366395
"dgp1",1,6,70,5,2000,20270001,20366396
"dgp1",1,6,71,5,2000,20270001,20366397
"dgp1",1,6,72,5,2000,20270001,20366398
"dgp1",1,6,73,5,2000,20270001,20366399
"dgp1",1,6,74,5,2000,20270001,20366400
"dgp1",1,6,75,5,2000,20270001,20366401
"dgp1",1,6,76,5,2000,20270001,20366402
"dgp1",1,6,77,5,2000,20270001,20366403
"dgp1",1,6,78,5,2000,20270001,20366404
"dgp1",1,6,79,5,2000,20270001,20366405
"dgp1",1,6,80,5,2000,20270001,20366406
"dgp1",1,6,81,5,2000,20270001,20366407
"dgp1",1,6,82,5,2000,20270001,20366408
"dgp1",1,6,83,5,2000,20270001,20366409
"dgp1",1,6,84,5,2000,20270001,20366410
"dgp1",1,6,85,5,2000,20270001,20366411
"dgp1",1,6,86,5,2000,20270001,20366412
"dgp1",1,6,87,5,2000,20270001,20366413
"dgp1",1,6,88,5,2000,20270001,20366414
"dgp1",1,6,89,5,2000,20270001,20366415
"dgp1",1,6,90,5,2000,20270001,20366416
"dgp1",1,6,91,5,2000,20270001,20366417
"dgp1",1,6,92,5,2000,20270001,20366418
"dgp1",1,6,93,5,2000,20270001,20366419
"dgp1",1,6,94,5,2000,20270001,20366420
"dgp1",1,6,95,5,2000,20270001,20366421
"dgp1",1,6,96,5,2000,20270001,20366422
"dgp1",1,6,97,5,2000,20270001,20366423
"dgp1",1,6,98,5,2000,20270001,20366424
"dgp1",1,6,99,5,2000,20270001,20366425
"dgp1",1,6,100,5,2000,20270001,20366426
"dgp1",2,1,1,10,100,20270002,20461327
"dgp1",2,1,2,10,100,20270002,20461328
"dgp1",2,1,3,10,100,20270002,20461329
"dgp1",2,1,4,10,100,20270002,20461330
"dgp1",2,1,5,10,100,20270002,20461331
"dgp1",2,1,6,10,100,20270002,20461332
"dgp1",2,1,7,10,100,20270002,20461333
"dgp1",2,1,8,10,100,20270002,20461334
"dgp1",2,1,9,10,100,20270002,20461335
"dgp1",2,1,10,10,100,20270002,20461336
"dgp1",2,1,11,10,100,20270002,20461337
"dgp1",2,1,12,10,100,20270002,20461338
"dgp1",2,1,13,10,100,20270002,20461339
"dgp1",2,1,14,10,100,20270002,20461340
"dgp1",2,1,15,10,100,20270002,20461341
"dgp1",2,1,16,10,100,20270002,20461342
"dgp1",2,1,17,10,100,20270002,20461343
"dgp1",2,1,18,10,100,20270002,20461344
"dgp1",2,1,19,10,100,20270002,20461345
"dgp1",2,1,20,10,100,20270002,20461346
"dgp1",2,1,21,10,100,20270002,20461347
"dgp1",2,1,22,10,100,20270002,20461348
"dgp1",2,1,23,10,100,20270002,20461349
"dgp1",2,1,24,10,100,20270002,20461350
"dgp1",2,1,25,10,100,20270002,20461351
"dgp1",2,1,26,10,100,20270002,20461352
"dgp1",2,1,27,10,100,20270002,20461353
"dgp1",2,1,28,10,100,20270002,20461354
"dgp1",2,1,29,10,100,20270002,20461355
"dgp1",2,1,30,10,100,20270002,20461356
"dgp1",2,1,31,10,100,20270002,20461357
"dgp1",2,1,32,10,100,20270002,20461358
"dgp1",2,1,33,10,100,20270002,20461359
"dgp1",2,1,34,10,100,20270002,20461360
"dgp1",2,1,35,10,100,20270002,20461361
"dgp1",2,1,36,10,100,20270002,20461362
"dgp1",2,1,37,10,100,20270002,20461363
"dgp1",2,1,38,10,100,20270002,20461364
"dgp1",2,1,39,10,100,20270002,20461365
"dgp1",2,1,40,10,100,20270002,20461366
"dgp1",2,1,41,10,100,20270002,20461367
"dgp1",2,1,42,10,100,20270002,20461368
"dgp1",2,1,43,10,100,20270002,20461369
"dgp1",2,1,44,10,100,20270002,20461370
"dgp1",2,1,45,10,100,20270002,20461371
"dgp1",2,1,46,10,100,20270002,20461372
"dgp1",2,1,47,10,100,20270002,20461373
"dgp1",2,1,48,10,100,20270002,20461374
"dgp1",2,1,49,10,100,20270002,20461375
"dgp1",2,1,50,10,100,20270002,20461376
"dgp1",2,1,51,10,100,20270002,20461377
"dgp1",2,1,52,10,100,20270002,20461378
"dgp1",2,1,53,10,100,20270002,20461379
"dgp1",2,1,54,10,100,20270002,20461380
"dgp1",2,1,55,10,100,20270002,20461381
"dgp1",2,1,56,10,100,20270002,20461382
"dgp1",2,1,57,10,100,20270002,20461383
"dgp1",2,1,58,10,100,20270002,20461384
"dgp1",2,1,59,10,100,20270002,20461385
"dgp1",2,1,60,10,100,20270002,20461386
"dgp1",2,1,61,10,100,20270002,20461387
"dgp1",2,1,62,10,100,20270002,20461388
"dgp1",2,1,63,10,100,20270002,20461389
"dgp1",2,1,64,10,100,20270002,20461390
"dgp1",2,1,65,10,100,20270002,20461391
"dgp1",2,1,66,10,100,20270002,20461392
"dgp1",2,1,67,10,100,20270002,20461393
"dgp1",2,1,68,10,100,20270002,20461394
"dgp1",2,1,69,10,100,20270002,20461395
"dgp1",2,1,70,10,100,20270002,20461396
"dgp1",2,1,71,10,100,20270002,20461397
"dgp1",2,1,72,10,100,20270002,20461398
"dgp1",2,1,73,10,100,20270002,20461399
"dgp1",2,1,74,10,100,20270002,20461400
"dgp1",2,1,75,10,100,20270002,20461401
"dgp1",2,1,76,10,100,20270002,20461402
"dgp1",2,1,77,10,100,20270002,20461403
"dgp1",2,1,78,10,100,20270002,20461404
"dgp1",2,1,79,10,100,20270002,20461405
"dgp1",2,1,80,10,100,20270002,20461406
"dgp1",2,1,81,10,100,20270002,20461407
"dgp1",2,1,82,10,100,20270002,20461408
"dgp1",2,1,83,10,100,20270002,20461409
"dgp1",2,1,84,10,100,20270002,20461410
"dgp1",2,1,85,10,100,20270002,20461411
"dgp1",2,1,86,10,100,20270002,20461412
"dgp1",2,1,87,10,100,20270002,20461413
"dgp1",2,1,88,10,100,20270002,20461414
"dgp1",2,1,89,10,100,20270002,20461415
"dgp1",2,1,90,10,100,20270002,20461416
"dgp1",2,1,91,10,100,20270002,20461417
"dgp1",2,1,92,10,100,20270002,20461418
"dgp1",2,1,93,10,100,20270002,20461419
"dgp1",2,1,94,10,100,20270002,20461420
"dgp1",2,1,95,10,100,20270002,20461421
"dgp1",2,1,96,10,100,20270002,20461422
"dgp1",2,1,97,10,100,20270002,20461423
"dgp1",2,1,98,10,100,20270002,20461424
"dgp1",2,1,99,10,100,20270002,20461425
"dgp1",2,1,100,10,100,20270002,20461426
"dgp1",2,2,1,10,200,20270002,20462327
"dgp1",2,2,2,10,200,20270002,20462328
"dgp1",2,2,3,10,200,20270002,20462329
"dgp1",2,2,4,10,200,20270002,20462330
"dgp1",2,2,5,10,200,20270002,20462331
"dgp1",2,2,6,10,200,20270002,20462332
"dgp1",2,2,7,10,200,20270002,20462333
"dgp1",2,2,8,10,200,20270002,20462334
"dgp1",2,2,9,10,200,20270002,20462335
"dgp1",2,2,10,10,200,20270002,20462336
"dgp1",2,2,11,10,200,20270002,20462337
"dgp1",2,2,12,10,200,20270002,20462338
"dgp1",2,2,13,10,200,20270002,20462339
"dgp1",2,2,14,10,200,20270002,20462340
"dgp1",2,2,15,10,200,20270002,20462341
"dgp1",2,2,16,10,200,20270002,20462342
"dgp1",2,2,17,10,200,20270002,20462343
"dgp1",2,2,18,10,200,20270002,20462344
"dgp1",2,2,19,10,200,20270002,20462345
"dgp1",2,2,20,10,200,20270002,20462346
"dgp1",2,2,21,10,200,20270002,20462347
"dgp1",2,2,22,10,200,20270002,20462348
"dgp1",2,2,23,10,200,20270002,20462349
"dgp1",2,2,24,10,200,20270002,20462350
"dgp1",2,2,25,10,200,20270002,20462351
"dgp1",2,2,26,10,200,20270002,20462352
"dgp1",2,2,27,10,200,20270002,20462353
"dgp1",2,2,28,10,200,20270002,20462354
"dgp1",2,2,29,10,200,20270002,20462355
"dgp1",2,2,30,10,200,20270002,20462356
"dgp1",2,2,31,10,200,20270002,20462357
"dgp1",2,2,32,10,200,20270002,20462358
"dgp1",2,2,33,10,200,20270002,20462359
"dgp1",2,2,34,10,200,20270002,20462360
"dgp1",2,2,35,10,200,20270002,20462361
"dgp1",2,2,36,10,200,20270002,20462362
"dgp1",2,2,37,10,200,20270002,20462363
"dgp1",2,2,38,10,200,20270002,20462364
"dgp1",2,2,39,10,200,20270002,20462365
"dgp1",2,2,40,10,200,20270002,20462366
"dgp1",2,2,41,10,200,20270002,20462367
"dgp1",2,2,42,10,200,20270002,20462368
"dgp1",2,2,43,10,200,20270002,20462369
"dgp1",2,2,44,10,200,20270002,20462370
"dgp1",2,2,45,10,200,20270002,20462371
"dgp1",2,2,46,10,200,20270002,20462372
"dgp1",2,2,47,10,200,20270002,20462373
"dgp1",2,2,48,10,200,20270002,20462374
"dgp1",2,2,49,10,200,20270002,20462375
"dgp1",2,2,50,10,200,20270002,20462376
"dgp1",2,2,51,10,200,20270002,20462377
"dgp1",2,2,52,10,200,20270002,20462378
"dgp1",2,2,53,10,200,20270002,20462379
"dgp1",2,2,54,10,200,20270002,20462380
"dgp1",2,2,55,10,200,20270002,20462381
"dgp1",2,2,56,10,200,20270002,20462382
"dgp1",2,2,57,10,200,20270002,20462383
"dgp1",2,2,58,10,200,20270002,20462384
"dgp1",2,2,59,10,200,20270002,20462385
"dgp1",2,2,60,10,200,20270002,20462386
"dgp1",2,2,61,10,200,20270002,20462387
"dgp1",2,2,62,10,200,20270002,20462388
"dgp1",2,2,63,10,200,20270002,20462389
"dgp1",2,2,64,10,200,20270002,20462390
"dgp1",2,2,65,10,200,20270002,20462391
"dgp1",2,2,66,10,200,20270002,20462392
"dgp1",2,2,67,10,200,20270002,20462393
"dgp1",2,2,68,10,200,20270002,20462394
"dgp1",2,2,69,10,200,20270002,20462395
"dgp1",2,2,70,10,200,20270002,20462396
"dgp1",2,2,71,10,200,20270002,20462397
"dgp1",2,2,72,10,200,20270002,20462398
"dgp1",2,2,73,10,200,20270002,20462399
"dgp1",2,2,74,10,200,20270002,20462400
"dgp1",2,2,75,10,200,20270002,20462401
"dgp1",2,2,76,10,200,20270002,20462402
"dgp1",2,2,77,10,200,20270002,20462403
"dgp1",2,2,78,10,200,20270002,20462404
"dgp1",2,2,79,10,200,20270002,20462405
"dgp1",2,2,80,10,200,20270002,20462406
"dgp1",2,2,81,10,200,20270002,20462407
"dgp1",2,2,82,10,200,20270002,20462408
"dgp1",2,2,83,10,200,20270002,20462409
"dgp1",2,2,84,10,200,20270002,20462410
"dgp1",2,2,85,10,200,20270002,20462411
"dgp1",2,2,86,10,200,20270002,20462412
"dgp1",2,2,87,10,200,20270002,20462413
"dgp1",2,2,88,10,200,20270002,20462414
"dgp1",2,2,89,10,200,20270002,20462415
"dgp1",2,2,90,10,200,20270002,20462416
"dgp1",2,2,91,10,200,20270002,20462417
"dgp1",2,2,92,10,200,20270002,20462418
"dgp1",2,2,93,10,200,20270002,20462419
"dgp1",2,2,94,10,200,20270002,20462420
"dgp1",2,2,95,10,200,20270002,20462421
"dgp1",2,2,96,10,200,20270002,20462422
"dgp1",2,2,97,10,200,20270002,20462423
"dgp1",2,2,98,10,200,20270002,20462424
"dgp1",2,2,99,10,200,20270002,20462425
"dgp1",2,2,100,10,200,20270002,20462426
"dgp1",2,3,1,10,300,20270002,20463327
"dgp1",2,3,2,10,300,20270002,20463328
"dgp1",2,3,3,10,300,20270002,20463329
"dgp1",2,3,4,10,300,20270002,20463330
"dgp1",2,3,5,10,300,20270002,20463331
"dgp1",2,3,6,10,300,20270002,20463332
"dgp1",2,3,7,10,300,20270002,20463333
"dgp1",2,3,8,10,300,20270002,20463334
"dgp1",2,3,9,10,300,20270002,20463335
"dgp1",2,3,10,10,300,20270002,20463336
"dgp1",2,3,11,10,300,20270002,20463337
"dgp1",2,3,12,10,300,20270002,20463338
"dgp1",2,3,13,10,300,20270002,20463339
"dgp1",2,3,14,10,300,20270002,20463340
"dgp1",2,3,15,10,300,20270002,20463341
"dgp1",2,3,16,10,300,20270002,20463342
"dgp1",2,3,17,10,300,20270002,20463343
"dgp1",2,3,18,10,300,20270002,20463344
"dgp1",2,3,19,10,300,20270002,20463345
"dgp1",2,3,20,10,300,20270002,20463346
"dgp1",2,3,21,10,300,20270002,20463347
"dgp1",2,3,22,10,300,20270002,20463348
"dgp1",2,3,23,10,300,20270002,20463349
"dgp1",2,3,24,10,300,20270002,20463350
"dgp1",2,3,25,10,300,20270002,20463351
"dgp1",2,3,26,10,300,20270002,20463352
"dgp1",2,3,27,10,300,20270002,20463353
"dgp1",2,3,28,10,300,20270002,20463354
"dgp1",2,3,29,10,300,20270002,20463355
"dgp1",2,3,30,10,300,20270002,20463356
"dgp1",2,3,31,10,300,20270002,20463357
"dgp1",2,3,32,10,300,20270002,20463358
"dgp1",2,3,33,10,300,20270002,20463359
"dgp1",2,3,34,10,300,20270002,20463360
"dgp1",2,3,35,10,300,20270002,20463361
"dgp1",2,3,36,10,300,20270002,20463362
"dgp1",2,3,37,10,300,20270002,20463363
"dgp1",2,3,38,10,300,20270002,20463364
"dgp1",2,3,39,10,300,20270002,20463365
"dgp1",2,3,40,10,300,20270002,20463366
"dgp1",2,3,41,10,300,20270002,20463367
"dgp1",2,3,42,10,300,20270002,20463368
"dgp1",2,3,43,10,300,20270002,20463369
"dgp1",2,3,44,10,300,20270002,20463370
"dgp1",2,3,45,10,300,20270002,20463371
"dgp1",2,3,46,10,300,20270002,20463372
"dgp1",2,3,47,10,300,20270002,20463373
"dgp1",2,3,48,10,300,20270002,20463374
"dgp1",2,3,49,10,300,20270002,20463375
"dgp1",2,3,50,10,300,20270002,20463376
"dgp1",2,3,51,10,300,20270002,20463377
"dgp1",2,3,52,10,300,20270002,20463378
"dgp1",2,3,53,10,300,20270002,20463379
"dgp1",2,3,54,10,300,20270002,20463380
"dgp1",2,3,55,10,300,20270002,20463381
"dgp1",2,3,56,10,300,20270002,20463382
"dgp1",2,3,57,10,300,20270002,20463383
"dgp1",2,3,58,10,300,20270002,20463384
"dgp1",2,3,59,10,300,20270002,20463385
"dgp1",2,3,60,10,300,20270002,20463386
"dgp1",2,3,61,10,300,20270002,20463387
"dgp1",2,3,62,10,300,20270002,20463388
"dgp1",2,3,63,10,300,20270002,20463389
"dgp1",2,3,64,10,300,20270002,20463390
"dgp1",2,3,65,10,300,20270002,20463391
"dgp1",2,3,66,10,300,20270002,20463392
"dgp1",2,3,67,10,300,20270002,20463393
"dgp1",2,3,68,10,300,20270002,20463394
"dgp1",2,3,69,10,300,20270002,20463395
"dgp1",2,3,70,10,300,20270002,20463396
"dgp1",2,3,71,10,300,20270002,20463397
"dgp1",2,3,72,10,300,20270002,20463398
"dgp1",2,3,73,10,300,20270002,20463399
"dgp1",2,3,74,10,300,20270002,20463400
"dgp1",2,3,75,10,300,20270002,20463401
"dgp1",2,3,76,10,300,20270002,20463402
"dgp1",2,3,77,10,300,20270002,20463403
"dgp1",2,3,78,10,300,20270002,20463404
"dgp1",2,3,79,10,300,20270002,20463405
"dgp1",2,3,80,10,300,20270002,20463406
"dgp1",2,3,81,10,300,20270002,20463407
"dgp1",2,3,82,10,300,20270002,20463408
"dgp1",2,3,83,10,300,20270002,20463409
"dgp1",2,3,84,10,300,20270002,20463410
"dgp1",2,3,85,10,300,20270002,20463411
"dgp1",2,3,86,10,300,20270002,20463412
"dgp1",2,3,87,10,300,20270002,20463413
"dgp1",2,3,88,10,300,20270002,20463414
"dgp1",2,3,89,10,300,20270002,20463415
"dgp1",2,3,90,10,300,20270002,20463416
"dgp1",2,3,91,10,300,20270002,20463417
"dgp1",2,3,92,10,300,20270002,20463418
"dgp1",2,3,93,10,300,20270002,20463419
"dgp1",2,3,94,10,300,20270002,20463420
"dgp1",2,3,95,10,300,20270002,20463421
"dgp1",2,3,96,10,300,20270002,20463422
"dgp1",2,3,97,10,300,20270002,20463423
"dgp1",2,3,98,10,300,20270002,20463424
"dgp1",2,3,99,10,300,20270002,20463425
"dgp1",2,3,100,10,300,20270002,20463426
"dgp1",2,4,1,10,500,20270002,20464327
"dgp1",2,4,2,10,500,20270002,20464328
"dgp1",2,4,3,10,500,20270002,20464329
"dgp1",2,4,4,10,500,20270002,20464330
"dgp1",2,4,5,10,500,20270002,20464331
"dgp1",2,4,6,10,500,20270002,20464332
"dgp1",2,4,7,10,500,20270002,20464333
"dgp1",2,4,8,10,500,20270002,20464334
"dgp1",2,4,9,10,500,20270002,20464335
"dgp1",2,4,10,10,500,20270002,20464336
"dgp1",2,4,11,10,500,20270002,20464337
"dgp1",2,4,12,10,500,20270002,20464338
"dgp1",2,4,13,10,500,20270002,20464339
"dgp1",2,4,14,10,500,20270002,20464340
"dgp1",2,4,15,10,500,20270002,20464341
"dgp1",2,4,16,10,500,20270002,20464342
"dgp1",2,4,17,10,500,20270002,20464343
"dgp1",2,4,18,10,500,20270002,20464344
"dgp1",2,4,19,10,500,20270002,20464345
"dgp1",2,4,20,10,500,20270002,20464346
"dgp1",2,4,21,10,500,20270002,20464347
"dgp1",2,4,22,10,500,20270002,20464348
"dgp1",2,4,23,10,500,20270002,20464349
"dgp1",2,4,24,10,500,20270002,20464350
"dgp1",2,4,25,10,500,20270002,20464351
"dgp1",2,4,26,10,500,20270002,20464352
"dgp1",2,4,27,10,500,20270002,20464353
"dgp1",2,4,28,10,500,20270002,20464354
"dgp1",2,4,29,10,500,20270002,20464355
"dgp1",2,4,30,10,500,20270002,20464356
"dgp1",2,4,31,10,500,20270002,20464357
"dgp1",2,4,32,10,500,20270002,20464358
"dgp1",2,4,33,10,500,20270002,20464359
"dgp1",2,4,34,10,500,20270002,20464360
"dgp1",2,4,35,10,500,20270002,20464361
"dgp1",2,4,36,10,500,20270002,20464362
"dgp1",2,4,37,10,500,20270002,20464363
"dgp1",2,4,38,10,500,20270002,20464364
"dgp1",2,4,39,10,500,20270002,20464365
"dgp1",2,4,40,10,500,20270002,20464366
"dgp1",2,4,41,10,500,20270002,20464367
"dgp1",2,4,42,10,500,20270002,20464368
"dgp1",2,4,43,10,500,20270002,20464369
"dgp1",2,4,44,10,500,20270002,20464370
"dgp1",2,4,45,10,500,20270002,20464371
"dgp1",2,4,46,10,500,20270002,20464372
"dgp1",2,4,47,10,500,20270002,20464373
"dgp1",2,4,48,10,500,20270002,20464374
"dgp1",2,4,49,10,500,20270002,20464375
"dgp1",2,4,50,10,500,20270002,20464376
"dgp1",2,4,51,10,500,20270002,20464377
"dgp1",2,4,52,10,500,20270002,20464378
"dgp1",2,4,53,10,500,20270002,20464379
"dgp1",2,4,54,10,500,20270002,20464380
"dgp1",2,4,55,10,500,20270002,20464381
"dgp1",2,4,56,10,500,20270002,20464382
"dgp1",2,4,57,10,500,20270002,20464383
"dgp1",2,4,58,10,500,20270002,20464384
"dgp1",2,4,59,10,500,20270002,20464385
"dgp1",2,4,60,10,500,20270002,20464386
"dgp1",2,4,61,10,500,20270002,20464387
"dgp1",2,4,62,10,500,20270002,20464388
"dgp1",2,4,63,10,500,20270002,20464389
"dgp1",2,4,64,10,500,20270002,20464390
"dgp1",2,4,65,10,500,20270002,20464391
"dgp1",2,4,66,10,500,20270002,20464392
"dgp1",2,4,67,10,500,20270002,20464393
"dgp1",2,4,68,10,500,20270002,20464394
"dgp1",2,4,69,10,500,20270002,20464395
"dgp1",2,4,70,10,500,20270002,20464396
"dgp1",2,4,71,10,500,20270002,20464397
"dgp1",2,4,72,10,500,20270002,20464398
"dgp1",2,4,73,10,500,20270002,20464399
"dgp1",2,4,74,10,500,20270002,20464400
"dgp1",2,4,75,10,500,20270002,20464401
"dgp1",2,4,76,10,500,20270002,20464402
"dgp1",2,4,77,10,500,20270002,20464403
"dgp1",2,4,78,10,500,20270002,20464404
"dgp1",2,4,79,10,500,20270002,20464405
"dgp1",2,4,80,10,500,20270002,20464406
"dgp1",2,4,81,10,500,20270002,20464407
"dgp1",2,4,82,10,500,20270002,20464408
"dgp1",2,4,83,10,500,20270002,20464409
"dgp1",2,4,84,10,500,20270002,20464410
"dgp1",2,4,85,10,500,20270002,20464411
"dgp1",2,4,86,10,500,20270002,20464412
"dgp1",2,4,87,10,500,20270002,20464413
"dgp1",2,4,88,10,500,20270002,20464414
"dgp1",2,4,89,10,500,20270002,20464415
"dgp1",2,4,90,10,500,20270002,20464416
"dgp1",2,4,91,10,500,20270002,20464417
"dgp1",2,4,92,10,500,20270002,20464418
"dgp1",2,4,93,10,500,20270002,20464419
"dgp1",2,4,94,10,500,20270002,20464420
"dgp1",2,4,95,10,500,20270002,20464421
"dgp1",2,4,96,10,500,20270002,20464422
"dgp1",2,4,97,10,500,20270002,20464423
"dgp1",2,4,98,10,500,20270002,20464424
"dgp1",2,4,99,10,500,20270002,20464425
"dgp1",2,4,100,10,500,20270002,20464426
"dgp1",2,5,1,10,1000,20270002,20465327
"dgp1",2,5,2,10,1000,20270002,20465328
"dgp1",2,5,3,10,1000,20270002,20465329
"dgp1",2,5,4,10,1000,20270002,20465330
"dgp1",2,5,5,10,1000,20270002,20465331
"dgp1",2,5,6,10,1000,20270002,20465332
"dgp1",2,5,7,10,1000,20270002,20465333
"dgp1",2,5,8,10,1000,20270002,20465334
"dgp1",2,5,9,10,1000,20270002,20465335
"dgp1",2,5,10,10,1000,20270002,20465336
"dgp1",2,5,11,10,1000,20270002,20465337
"dgp1",2,5,12,10,1000,20270002,20465338
"dgp1",2,5,13,10,1000,20270002,20465339
"dgp1",2,5,14,10,1000,20270002,20465340
"dgp1",2,5,15,10,1000,20270002,20465341
"dgp1",2,5,16,10,1000,20270002,20465342
"dgp1",2,5,17,10,1000,20270002,20465343
"dgp1",2,5,18,10,1000,20270002,20465344
"dgp1",2,5,19,10,1000,20270002,20465345
"dgp1",2,5,20,10,1000,20270002,20465346
"dgp1",2,5,21,10,1000,20270002,20465347
"dgp1",2,5,22,10,1000,20270002,20465348
"dgp1",2,5,23,10,1000,20270002,20465349
"dgp1",2,5,24,10,1000,20270002,20465350
"dgp1",2,5,25,10,1000,20270002,20465351
"dgp1",2,5,26,10,1000,20270002,20465352
"dgp1",2,5,27,10,1000,20270002,20465353
"dgp1",2,5,28,10,1000,20270002,20465354
"dgp1",2,5,29,10,1000,20270002,20465355
"dgp1",2,5,30,10,1000,20270002,20465356
"dgp1",2,5,31,10,1000,20270002,20465357
"dgp1",2,5,32,10,1000,20270002,20465358
"dgp1",2,5,33,10,1000,20270002,20465359
"dgp1",2,5,34,10,1000,20270002,20465360
"dgp1",2,5,35,10,1000,20270002,20465361
"dgp1",2,5,36,10,1000,20270002,20465362
"dgp1",2,5,37,10,1000,20270002,20465363
"dgp1",2,5,38,10,1000,20270002,20465364
"dgp1",2,5,39,10,1000,20270002,20465365
"dgp1",2,5,40,10,1000,20270002,20465366
"dgp1",2,5,41,10,1000,20270002,20465367
"dgp1",2,5,42,10,1000,20270002,20465368
"dgp1",2,5,43,10,1000,20270002,20465369
"dgp1",2,5,44,10,1000,20270002,20465370
"dgp1",2,5,45,10,1000,20270002,20465371
"dgp1",2,5,46,10,1000,20270002,20465372
"dgp1",2,5,47,10,1000,20270002,20465373
"dgp1",2,5,48,10,1000,20270002,20465374
"dgp1",2,5,49,10,1000,20270002,20465375
"dgp1",2,5,50,10,1000,20270002,20465376
"dgp1",2,5,51,10,1000,20270002,20465377
"dgp1",2,5,52,10,1000,20270002,20465378
"dgp1",2,5,53,10,1000,20270002,20465379
"dgp1",2,5,54,10,1000,20270002,20465380
"dgp1",2,5,55,10,1000,20270002,20465381
"dgp1",2,5,56,10,1000,20270002,20465382
"dgp1",2,5,57,10,1000,20270002,20465383
"dgp1",2,5,58,10,1000,20270002,20465384
"dgp1",2,5,59,10,1000,20270002,20465385
"dgp1",2,5,60,10,1000,20270002,20465386
"dgp1",2,5,61,10,1000,20270002,20465387
"dgp1",2,5,62,10,1000,20270002,20465388
"dgp1",2,5,63,10,1000,20270002,20465389
"dgp1",2,5,64,10,1000,20270002,20465390
"dgp1",2,5,65,10,1000,20270002,20465391
"dgp1",2,5,66,10,1000,20270002,20465392
"dgp1",2,5,67,10,1000,20270002,20465393
"dgp1",2,5,68,10,1000,20270002,20465394
"dgp1",2,5,69,10,1000,20270002,20465395
"dgp1",2,5,70,10,1000,20270002,20465396
"dgp1",2,5,71,10,1000,20270002,20465397
"dgp1",2,5,72,10,1000,20270002,20465398
"dgp1",2,5,73,10,1000,20270002,20465399
"dgp1",2,5,74,10,1000,20270002,20465400
"dgp1",2,5,75,10,1000,20270002,20465401
"dgp1",2,5,76,10,1000,20270002,20465402
"dgp1",2,5,77,10,1000,20270002,20465403
"dgp1",2,5,78,10,1000,20270002,20465404
"dgp1",2,5,79,10,1000,20270002,20465405
"dgp1",2,5,80,10,1000,20270002,20465406
"dgp1",2,5,81,10,1000,20270002,20465407
"dgp1",2,5,82,10,1000,20270002,20465408
"dgp1",2,5,83,10,1000,20270002,20465409
"dgp1",2,5,84,10,1000,20270002,20465410
"dgp1",2,5,85,10,1000,20270002,20465411
"dgp1",2,5,86,10,1000,20270002,20465412
"dgp1",2,5,87,10,1000,20270002,20465413
"dgp1",2,5,88,10,1000,20270002,20465414
"dgp1",2,5,89,10,1000,20270002,20465415
"dgp1",2,5,90,10,1000,20270002,20465416
"dgp1",2,5,91,10,1000,20270002,20465417
"dgp1",2,5,92,10,1000,20270002,20465418
"dgp1",2,5,93,10,1000,20270002,20465419
"dgp1",2,5,94,10,1000,20270002,20465420
"dgp1",2,5,95,10,1000,20270002,20465421
"dgp1",2,5,96,10,1000,20270002,20465422
"dgp1",2,5,97,10,1000,20270002,20465423
"dgp1",2,5,98,10,1000,20270002,20465424
"dgp1",2,5,99,10,1000,20270002,20465425
"dgp1",2,5,100,10,1000,20270002,20465426
"dgp1",2,6,1,10,2000,20270002,20466327
"dgp1",2,6,2,10,2000,20270002,20466328
"dgp1",2,6,3,10,2000,20270002,20466329
"dgp1",2,6,4,10,2000,20270002,20466330
"dgp1",2,6,5,10,2000,20270002,20466331
"dgp1",2,6,6,10,2000,20270002,20466332
"dgp1",2,6,7,10,2000,20270002,20466333
"dgp1",2,6,8,10,2000,20270002,20466334
"dgp1",2,6,9,10,2000,20270002,20466335
"dgp1",2,6,10,10,2000,20270002,20466336
"dgp1",2,6,11,10,2000,20270002,20466337
"dgp1",2,6,12,10,2000,20270002,20466338
"dgp1",2,6,13,10,2000,20270002,20466339
"dgp1",2,6,14,10,2000,20270002,20466340
"dgp1",2,6,15,10,2000,20270002,20466341
"dgp1",2,6,16,10,2000,20270002,20466342
"dgp1",2,6,17,10,2000,20270002,20466343
"dgp1",2,6,18,10,2000,20270002,20466344
"dgp1",2,6,19,10,2000,20270002,20466345
"dgp1",2,6,20,10,2000,20270002,20466346
"dgp1",2,6,21,10,2000,20270002,20466347
"dgp1",2,6,22,10,2000,20270002,20466348
"dgp1",2,6,23,10,2000,20270002,20466349
"dgp1",2,6,24,10,2000,20270002,20466350
"dgp1",2,6,25,10,2000,20270002,20466351
"dgp1",2,6,26,10,2000,20270002,20466352
"dgp1",2,6,27,10,2000,20270002,20466353
"dgp1",2,6,28,10,2000,20270002,20466354
"dgp1",2,6,29,10,2000,20270002,20466355
"dgp1",2,6,30,10,2000,20270002,20466356
"dgp1",2,6,31,10,2000,20270002,20466357
"dgp1",2,6,32,10,2000,20270002,20466358
"dgp1",2,6,33,10,2000,20270002,20466359
"dgp1",2,6,34,10,2000,20270002,20466360
"dgp1",2,6,35,10,2000,20270002,20466361
"dgp1",2,6,36,10,2000,20270002,20466362
"dgp1",2,6,37,10,2000,20270002,20466363
"dgp1",2,6,38,10,2000,20270002,20466364
"dgp1",2,6,39,10,2000,20270002,20466365
"dgp1",2,6,40,10,2000,20270002,20466366
"dgp1",2,6,41,10,2000,20270002,20466367
"dgp1",2,6,42,10,2000,20270002,20466368
"dgp1",2,6,43,10,2000,20270002,20466369
"dgp1",2,6,44,10,2000,20270002,20466370
"dgp1",2,6,45,10,2000,20270002,20466371
"dgp1",2,6,46,10,2000,20270002,20466372
"dgp1",2,6,47,10,2000,20270002,20466373
"dgp1",2,6,48,10,2000,20270002,20466374
"dgp1",2,6,49,10,2000,20270002,20466375
"dgp1",2,6,50,10,2000,20270002,20466376
"dgp1",2,6,51,10,2000,20270002,20466377
"dgp1",2,6,52,10,2000,20270002,20466378
"dgp1",2,6,53,10,2000,20270002,20466379
"dgp1",2,6,54,10,2000,20270002,20466380
"dgp1",2,6,55,10,2000,20270002,20466381
"dgp1",2,6,56,10,2000,20270002,20466382
"dgp1",2,6,57,10,2000,20270002,20466383
"dgp1",2,6,58,10,2000,20270002,20466384
"dgp1",2,6,59,10,2000,20270002,20466385
"dgp1",2,6,60,10,2000,20270002,20466386
"dgp1",2,6,61,10,2000,20270002,20466387
"dgp1",2,6,62,10,2000,20270002,20466388
"dgp1",2,6,63,10,2000,20270002,20466389
"dgp1",2,6,64,10,2000,20270002,20466390
"dgp1",2,6,65,10,2000,20270002,20466391
"dgp1",2,6,66,10,2000,20270002,20466392
"dgp1",2,6,67,10,2000,20270002,20466393
"dgp1",2,6,68,10,2000,20270002,20466394
"dgp1",2,6,69,10,2000,20270002,20466395
"dgp1",2,6,70,10,2000,20270002,20466396
"dgp1",2,6,71,10,2000,20270002,20466397
"dgp1",2,6,72,10,2000,20270002,20466398
"dgp1",2,6,73,10,2000,20270002,20466399
"dgp1",2,6,74,10,2000,20270002,20466400
"dgp1",2,6,75,10,2000,20270002,20466401
"dgp1",2,6,76,10,2000,20270002,20466402
"dgp1",2,6,77,10,2000,20270002,20466403
"dgp1",2,6,78,10,2000,20270002,20466404
"dgp1",2,6,79,10,2000,20270002,20466405
"dgp1",2,6,80,10,2000,20270002,20466406
"dgp1",2,6,81,10,2000,20270002,20466407
"dgp1",2,6,82,10,2000,20270002,20466408
"dgp1",2,6,83,10,2000,20270002,20466409
"dgp1",2,6,84,10,2000,20270002,20466410
"dgp1",2,6,85,10,2000,20270002,20466411
"dgp1",2,6,86,10,2000,20270002,20466412
"dgp1",2,6,87,10,2000,20270002,20466413
"dgp1",2,6,88,10,2000,20270002,20466414
"dgp1",2,6,89,10,2000,20270002,20466415
"dgp1",2,6,90,10,2000,20270002,20466416
"dgp1",2,6,91,10,2000,20270002,20466417
"dgp1",2,6,92,10,2000,20270002,20466418
"dgp1",2,6,93,10,2000,20270002,20466419
"dgp1",2,6,94,10,2000,20270002,20466420
"dgp1",2,6,95,10,2000,20270002,20466421
"dgp1",2,6,96,10,2000,20270002,20466422
"dgp1",2,6,97,10,2000,20270002,20466423
"dgp1",2,6,98,10,2000,20270002,20466424
"dgp1",2,6,99,10,2000,20270002,20466425
"dgp1",2,6,100,10,2000,20270002,20466426
"dgp1",3,1,1,15,100,20270003,20561327
"dgp1",3,1,2,15,100,20270003,20561328
"dgp1",3,1,3,15,100,20270003,20561329
"dgp1",3,1,4,15,100,20270003,20561330
"dgp1",3,1,5,15,100,20270003,20561331
"dgp1",3,1,6,15,100,20270003,20561332
"dgp1",3,1,7,15,100,20270003,20561333
"dgp1",3,1,8,15,100,20270003,20561334
"dgp1",3,1,9,15,100,20270003,20561335
"dgp1",3,1,10,15,100,20270003,20561336
"dgp1",3,1,11,15,100,20270003,20561337
"dgp1",3,1,12,15,100,20270003,20561338
"dgp1",3,1,13,15,100,20270003,20561339
"dgp1",3,1,14,15,100,20270003,20561340
"dgp1",3,1,15,15,100,20270003,20561341
"dgp1",3,1,16,15,100,20270003,20561342
"dgp1",3,1,17,15,100,20270003,20561343
"dgp1",3,1,18,15,100,20270003,20561344
"dgp1",3,1,19,15,100,20270003,20561345
"dgp1",3,1,20,15,100,20270003,20561346
"dgp1",3,1,21,15,100,20270003,20561347
"dgp1",3,1,22,15,100,20270003,20561348
"dgp1",3,1,23,15,100,20270003,20561349
"dgp1",3,1,24,15,100,20270003,20561350
"dgp1",3,1,25,15,100,20270003,20561351
"dgp1",3,1,26,15,100,20270003,20561352
"dgp1",3,1,27,15,100,20270003,20561353
"dgp1",3,1,28,15,100,20270003,20561354
"dgp1",3,1,29,15,100,20270003,20561355
"dgp1",3,1,30,15,100,20270003,20561356
"dgp1",3,1,31,15,100,20270003,20561357
"dgp1",3,1,32,15,100,20270003,20561358
"dgp1",3,1,33,15,100,20270003,20561359
"dgp1",3,1,34,15,100,20270003,20561360
"dgp1",3,1,35,15,100,20270003,20561361
"dgp1",3,1,36,15,100,20270003,20561362
"dgp1",3,1,37,15,100,20270003,20561363
"dgp1",3,1,38,15,100,20270003,20561364
"dgp1",3,1,39,15,100,20270003,20561365
"dgp1",3,1,40,15,100,20270003,20561366
"dgp1",3,1,41,15,100,20270003,20561367
"dgp1",3,1,42,15,100,20270003,20561368
"dgp1",3,1,43,15,100,20270003,20561369
"dgp1",3,1,44,15,100,20270003,20561370
"dgp1",3,1,45,15,100,20270003,20561371
"dgp1",3,1,46,15,100,20270003,20561372
"dgp1",3,1,47,15,100,20270003,20561373
"dgp1",3,1,48,15,100,20270003,20561374
"dgp1",3,1,49,15,100,20270003,20561375
"dgp1",3,1,50,15,100,20270003,20561376
"dgp1",3,1,51,15,100,20270003,20561377
"dgp1",3,1,52,15,100,20270003,20561378
"dgp1",3,1,53,15,100,20270003,20561379
"dgp1",3,1,54,15,100,20270003,20561380
"dgp1",3,1,55,15,100,20270003,20561381
"dgp1",3,1,56,15,100,20270003,20561382
"dgp1",3,1,57,15,100,20270003,20561383
"dgp1",3,1,58,15,100,20270003,20561384
"dgp1",3,1,59,15,100,20270003,20561385
"dgp1",3,1,60,15,100,20270003,20561386
"dgp1",3,1,61,15,100,20270003,20561387
"dgp1",3,1,62,15,100,20270003,20561388
"dgp1",3,1,63,15,100,20270003,20561389
"dgp1",3,1,64,15,100,20270003,20561390
"dgp1",3,1,65,15,100,20270003,20561391
"dgp1",3,1,66,15,100,20270003,20561392
"dgp1",3,1,67,15,100,20270003,20561393
"dgp1",3,1,68,15,100,20270003,20561394
"dgp1",3,1,69,15,100,20270003,20561395
"dgp1",3,1,70,15,100,20270003,20561396
"dgp1",3,1,71,15,100,20270003,20561397
"dgp1",3,1,72,15,100,20270003,20561398
"dgp1",3,1,73,15,100,20270003,20561399
"dgp1",3,1,74,15,100,20270003,20561400
"dgp1",3,1,75,15,100,20270003,20561401
"dgp1",3,1,76,15,100,20270003,20561402
"dgp1",3,1,77,15,100,20270003,20561403
"dgp1",3,1,78,15,100,20270003,20561404
"dgp1",3,1,79,15,100,20270003,20561405
"dgp1",3,1,80,15,100,20270003,20561406
"dgp1",3,1,81,15,100,20270003,20561407
"dgp1",3,1,82,15,100,20270003,20561408
"dgp1",3,1,83,15,100,20270003,20561409
"dgp1",3,1,84,15,100,20270003,20561410
"dgp1",3,1,85,15,100,20270003,20561411
"dgp1",3,1,86,15,100,20270003,20561412
"dgp1",3,1,87,15,100,20270003,20561413
"dgp1",3,1,88,15,100,20270003,20561414
"dgp1",3,1,89,15,100,20270003,20561415
"dgp1",3,1,90,15,100,20270003,20561416
"dgp1",3,1,91,15,100,20270003,20561417
"dgp1",3,1,92,15,100,20270003,20561418
"dgp1",3,1,93,15,100,20270003,20561419
"dgp1",3,1,94,15,100,20270003,20561420
"dgp1",3,1,95,15,100,20270003,20561421
"dgp1",3,1,96,15,100,20270003,20561422
"dgp1",3,1,97,15,100,20270003,20561423
"dgp1",3,1,98,15,100,20270003,20561424
"dgp1",3,1,99,15,100,20270003,20561425
"dgp1",3,1,100,15,100,20270003,20561426
"dgp1",3,2,1,15,200,20270003,20562327
"dgp1",3,2,2,15,200,20270003,20562328
"dgp1",3,2,3,15,200,20270003,20562329
"dgp1",3,2,4,15,200,20270003,20562330
"dgp1",3,2,5,15,200,20270003,20562331
"dgp1",3,2,6,15,200,20270003,20562332
"dgp1",3,2,7,15,200,20270003,20562333
"dgp1",3,2,8,15,200,20270003,20562334
"dgp1",3,2,9,15,200,20270003,20562335
"dgp1",3,2,10,15,200,20270003,20562336
"dgp1",3,2,11,15,200,20270003,20562337
"dgp1",3,2,12,15,200,20270003,20562338
"dgp1",3,2,13,15,200,20270003,20562339
"dgp1",3,2,14,15,200,20270003,20562340
"dgp1",3,2,15,15,200,20270003,20562341
"dgp1",3,2,16,15,200,20270003,20562342
"dgp1",3,2,17,15,200,20270003,20562343
"dgp1",3,2,18,15,200,20270003,20562344
"dgp1",3,2,19,15,200,20270003,20562345
"dgp1",3,2,20,15,200,20270003,20562346
"dgp1",3,2,21,15,200,20270003,20562347
"dgp1",3,2,22,15,200,20270003,20562348
"dgp1",3,2,23,15,200,20270003,20562349
"dgp1",3,2,24,15,200,20270003,20562350
"dgp1",3,2,25,15,200,20270003,20562351
"dgp1",3,2,26,15,200,20270003,20562352
"dgp1",3,2,27,15,200,20270003,20562353
"dgp1",3,2,28,15,200,20270003,20562354
"dgp1",3,2,29,15,200,20270003,20562355
"dgp1",3,2,30,15,200,20270003,20562356
"dgp1",3,2,31,15,200,20270003,20562357
"dgp1",3,2,32,15,200,20270003,20562358
"dgp1",3,2,33,15,200,20270003,20562359
"dgp1",3,2,34,15,200,20270003,20562360
"dgp1",3,2,35,15,200,20270003,20562361
"dgp1",3,2,36,15,200,20270003,20562362
"dgp1",3,2,37,15,200,20270003,20562363
"dgp1",3,2,38,15,200,20270003,20562364
"dgp1",3,2,39,15,200,20270003,20562365
"dgp1",3,2,40,15,200,20270003,20562366
"dgp1",3,2,41,15,200,20270003,20562367
"dgp1",3,2,42,15,200,20270003,20562368
"dgp1",3,2,43,15,200,20270003,20562369
"dgp1",3,2,44,15,200,20270003,20562370
"dgp1",3,2,45,15,200,20270003,20562371
"dgp1",3,2,46,15,200,20270003,20562372
"dgp1",3,2,47,15,200,20270003,20562373
"dgp1",3,2,48,15,200,20270003,20562374
"dgp1",3,2,49,15,200,20270003,20562375
"dgp1",3,2,50,15,200,20270003,20562376
"dgp1",3,2,51,15,200,20270003,20562377
"dgp1",3,2,52,15,200,20270003,20562378
"dgp1",3,2,53,15,200,20270003,20562379
"dgp1",3,2,54,15,200,20270003,20562380
"dgp1",3,2,55,15,200,20270003,20562381
"dgp1",3,2,56,15,200,20270003,20562382
"dgp1",3,2,57,15,200,20270003,20562383
"dgp1",3,2,58,15,200,20270003,20562384
"dgp1",3,2,59,15,200,20270003,20562385
"dgp1",3,2,60,15,200,20270003,20562386
"dgp1",3,2,61,15,200,20270003,20562387
"dgp1",3,2,62,15,200,20270003,20562388
"dgp1",3,2,63,15,200,20270003,20562389
"dgp1",3,2,64,15,200,20270003,20562390
"dgp1",3,2,65,15,200,20270003,20562391
"dgp1",3,2,66,15,200,20270003,20562392
"dgp1",3,2,67,15,200,20270003,20562393
"dgp1",3,2,68,15,200,20270003,20562394
"dgp1",3,2,69,15,200,20270003,20562395
"dgp1",3,2,70,15,200,20270003,20562396
"dgp1",3,2,71,15,200,20270003,20562397
"dgp1",3,2,72,15,200,20270003,20562398
"dgp1",3,2,73,15,200,20270003,20562399
"dgp1",3,2,74,15,200,20270003,20562400
"dgp1",3,2,75,15,200,20270003,20562401
"dgp1",3,2,76,15,200,20270003,20562402
"dgp1",3,2,77,15,200,20270003,20562403
"dgp1",3,2,78,15,200,20270003,20562404
"dgp1",3,2,79,15,200,20270003,20562405
"dgp1",3,2,80,15,200,20270003,20562406
"dgp1",3,2,81,15,200,20270003,20562407
"dgp1",3,2,82,15,200,20270003,20562408
"dgp1",3,2,83,15,200,20270003,20562409
"dgp1",3,2,84,15,200,20270003,20562410
"dgp1",3,2,85,15,200,20270003,20562411
"dgp1",3,2,86,15,200,20270003,20562412
"dgp1",3,2,87,15,200,20270003,20562413
"dgp1",3,2,88,15,200,20270003,20562414
"dgp1",3,2,89,15,200,20270003,20562415
"dgp1",3,2,90,15,200,20270003,20562416
"dgp1",3,2,91,15,200,20270003,20562417
"dgp1",3,2,92,15,200,20270003,20562418
"dgp1",3,2,93,15,200,20270003,20562419
"dgp1",3,2,94,15,200,20270003,20562420
"dgp1",3,2,95,15,200,20270003,20562421
"dgp1",3,2,96,15,200,20270003,20562422
"dgp1",3,2,97,15,200,20270003,20562423
"dgp1",3,2,98,15,200,20270003,20562424
"dgp1",3,2,99,15,200,20270003,20562425
"dgp1",3,2,100,15,200,20270003,20562426
"dgp1",3,3,1,15,300,20270003,20563327
"dgp1",3,3,2,15,300,20270003,20563328
"dgp1",3,3,3,15,300,20270003,20563329
"dgp1",3,3,4,15,300,20270003,20563330
"dgp1",3,3,5,15,300,20270003,20563331
"dgp1",3,3,6,15,300,20270003,20563332
"dgp1",3,3,7,15,300,20270003,20563333
"dgp1",3,3,8,15,300,20270003,20563334
"dgp1",3,3,9,15,300,20270003,20563335
"dgp1",3,3,10,15,300,20270003,20563336
"dgp1",3,3,11,15,300,20270003,20563337
"dgp1",3,3,12,15,300,20270003,20563338
"dgp1",3,3,13,15,300,20270003,20563339
"dgp1",3,3,14,15,300,20270003,20563340
"dgp1",3,3,15,15,300,20270003,20563341
"dgp1",3,3,16,15,300,20270003,20563342
"dgp1",3,3,17,15,300,20270003,20563343
"dgp1",3,3,18,15,300,20270003,20563344
"dgp1",3,3,19,15,300,20270003,20563345
"dgp1",3,3,20,15,300,20270003,20563346
"dgp1",3,3,21,15,300,20270003,20563347
"dgp1",3,3,22,15,300,20270003,20563348
"dgp1",3,3,23,15,300,20270003,20563349
"dgp1",3,3,24,15,300,20270003,20563350
"dgp1",3,3,25,15,300,20270003,20563351
"dgp1",3,3,26,15,300,20270003,20563352
"dgp1",3,3,27,15,300,20270003,20563353
"dgp1",3,3,28,15,300,20270003,20563354
"dgp1",3,3,29,15,300,20270003,20563355
"dgp1",3,3,30,15,300,20270003,20563356
"dgp1",3,3,31,15,300,20270003,20563357
"dgp1",3,3,32,15,300,20270003,20563358
"dgp1",3,3,33,15,300,20270003,20563359
"dgp1",3,3,34,15,300,20270003,20563360
"dgp1",3,3,35,15,300,20270003,20563361
"dgp1",3,3,36,15,300,20270003,20563362
"dgp1",3,3,37,15,300,20270003,20563363
"dgp1",3,3,38,15,300,20270003,20563364
"dgp1",3,3,39,15,300,20270003,20563365
"dgp1",3,3,40,15,300,20270003,20563366
"dgp1",3,3,41,15,300,20270003,20563367
"dgp1",3,3,42,15,300,20270003,20563368
"dgp1",3,3,43,15,300,20270003,20563369
"dgp1",3,3,44,15,300,20270003,20563370
"dgp1",3,3,45,15,300,20270003,20563371
"dgp1",3,3,46,15,300,20270003,20563372
"dgp1",3,3,47,15,300,20270003,20563373
"dgp1",3,3,48,15,300,20270003,20563374
"dgp1",3,3,49,15,300,20270003,20563375
"dgp1",3,3,50,15,300,20270003,20563376
"dgp1",3,3,51,15,300,20270003,20563377
"dgp1",3,3,52,15,300,20270003,20563378
"dgp1",3,3,53,15,300,20270003,20563379
"dgp1",3,3,54,15,300,20270003,20563380
"dgp1",3,3,55,15,300,20270003,20563381
"dgp1",3,3,56,15,300,20270003,20563382
"dgp1",3,3,57,15,300,20270003,20563383
"dgp1",3,3,58,15,300,20270003,20563384
"dgp1",3,3,59,15,300,20270003,20563385
"dgp1",3,3,60,15,300,20270003,20563386
"dgp1",3,3,61,15,300,20270003,20563387
"dgp1",3,3,62,15,300,20270003,20563388
"dgp1",3,3,63,15,300,20270003,20563389
"dgp1",3,3,64,15,300,20270003,20563390
"dgp1",3,3,65,15,300,20270003,20563391
"dgp1",3,3,66,15,300,20270003,20563392
"dgp1",3,3,67,15,300,20270003,20563393
"dgp1",3,3,68,15,300,20270003,20563394
"dgp1",3,3,69,15,300,20270003,20563395
"dgp1",3,3,70,15,300,20270003,20563396
"dgp1",3,3,71,15,300,20270003,20563397
"dgp1",3,3,72,15,300,20270003,20563398
"dgp1",3,3,73,15,300,20270003,20563399
"dgp1",3,3,74,15,300,20270003,20563400
"dgp1",3,3,75,15,300,20270003,20563401
"dgp1",3,3,76,15,300,20270003,20563402
"dgp1",3,3,77,15,300,20270003,20563403
"dgp1",3,3,78,15,300,20270003,20563404
"dgp1",3,3,79,15,300,20270003,20563405
"dgp1",3,3,80,15,300,20270003,20563406
"dgp1",3,3,81,15,300,20270003,20563407
"dgp1",3,3,82,15,300,20270003,20563408
"dgp1",3,3,83,15,300,20270003,20563409
"dgp1",3,3,84,15,300,20270003,20563410
"dgp1",3,3,85,15,300,20270003,20563411
"dgp1",3,3,86,15,300,20270003,20563412
"dgp1",3,3,87,15,300,20270003,20563413
"dgp1",3,3,88,15,300,20270003,20563414
"dgp1",3,3,89,15,300,20270003,20563415
"dgp1",3,3,90,15,300,20270003,20563416
"dgp1",3,3,91,15,300,20270003,20563417
"dgp1",3,3,92,15,300,20270003,20563418
"dgp1",3,3,93,15,300,20270003,20563419
"dgp1",3,3,94,15,300,20270003,20563420
"dgp1",3,3,95,15,300,20270003,20563421
"dgp1",3,3,96,15,300,20270003,20563422
"dgp1",3,3,97,15,300,20270003,20563423
"dgp1",3,3,98,15,300,20270003,20563424
"dgp1",3,3,99,15,300,20270003,20563425
"dgp1",3,3,100,15,300,20270003,20563426
"dgp1",3,4,1,15,500,20270003,20564327
"dgp1",3,4,2,15,500,20270003,20564328
"dgp1",3,4,3,15,500,20270003,20564329
"dgp1",3,4,4,15,500,20270003,20564330
"dgp1",3,4,5,15,500,20270003,20564331
"dgp1",3,4,6,15,500,20270003,20564332
"dgp1",3,4,7,15,500,20270003,20564333
"dgp1",3,4,8,15,500,20270003,20564334
"dgp1",3,4,9,15,500,20270003,20564335
"dgp1",3,4,10,15,500,20270003,20564336
"dgp1",3,4,11,15,500,20270003,20564337
"dgp1",3,4,12,15,500,20270003,20564338
"dgp1",3,4,13,15,500,20270003,20564339
"dgp1",3,4,14,15,500,20270003,20564340
"dgp1",3,4,15,15,500,20270003,20564341
"dgp1",3,4,16,15,500,20270003,20564342
"dgp1",3,4,17,15,500,20270003,20564343
"dgp1",3,4,18,15,500,20270003,20564344
"dgp1",3,4,19,15,500,20270003,20564345
"dgp1",3,4,20,15,500,20270003,20564346
"dgp1",3,4,21,15,500,20270003,20564347
"dgp1",3,4,22,15,500,20270003,20564348
"dgp1",3,4,23,15,500,20270003,20564349
"dgp1",3,4,24,15,500,20270003,20564350
"dgp1",3,4,25,15,500,20270003,20564351
"dgp1",3,4,26,15,500,20270003,20564352
"dgp1",3,4,27,15,500,20270003,20564353
"dgp1",3,4,28,15,500,20270003,20564354
"dgp1",3,4,29,15,500,20270003,20564355
"dgp1",3,4,30,15,500,20270003,20564356
"dgp1",3,4,31,15,500,20270003,20564357
"dgp1",3,4,32,15,500,20270003,20564358
"dgp1",3,4,33,15,500,20270003,20564359
"dgp1",3,4,34,15,500,20270003,20564360
"dgp1",3,4,35,15,500,20270003,20564361
"dgp1",3,4,36,15,500,20270003,20564362
"dgp1",3,4,37,15,500,20270003,20564363
"dgp1",3,4,38,15,500,20270003,20564364
"dgp1",3,4,39,15,500,20270003,20564365
"dgp1",3,4,40,15,500,20270003,20564366
"dgp1",3,4,41,15,500,20270003,20564367
"dgp1",3,4,42,15,500,20270003,20564368
"dgp1",3,4,43,15,500,20270003,20564369
"dgp1",3,4,44,15,500,20270003,20564370
"dgp1",3,4,45,15,500,20270003,20564371
"dgp1",3,4,46,15,500,20270003,20564372
"dgp1",3,4,47,15,500,20270003,20564373
"dgp1",3,4,48,15,500,20270003,20564374
"dgp1",3,4,49,15,500,20270003,20564375
"dgp1",3,4,50,15,500,20270003,20564376
"dgp1",3,4,51,15,500,20270003,20564377
"dgp1",3,4,52,15,500,20270003,20564378
"dgp1",3,4,53,15,500,20270003,20564379
"dgp1",3,4,54,15,500,20270003,20564380
"dgp1",3,4,55,15,500,20270003,20564381
"dgp1",3,4,56,15,500,20270003,20564382
"dgp1",3,4,57,15,500,20270003,20564383
"dgp1",3,4,58,15,500,20270003,20564384
"dgp1",3,4,59,15,500,20270003,20564385
"dgp1",3,4,60,15,500,20270003,20564386
"dgp1",3,4,61,15,500,20270003,20564387
"dgp1",3,4,62,15,500,20270003,20564388
"dgp1",3,4,63,15,500,20270003,20564389
"dgp1",3,4,64,15,500,20270003,20564390
"dgp1",3,4,65,15,500,20270003,20564391
"dgp1",3,4,66,15,500,20270003,20564392
"dgp1",3,4,67,15,500,20270003,20564393
"dgp1",3,4,68,15,500,20270003,20564394
"dgp1",3,4,69,15,500,20270003,20564395
"dgp1",3,4,70,15,500,20270003,20564396
"dgp1",3,4,71,15,500,20270003,20564397
"dgp1",3,4,72,15,500,20270003,20564398
"dgp1",3,4,73,15,500,20270003,20564399
"dgp1",3,4,74,15,500,20270003,20564400
"dgp1",3,4,75,15,500,20270003,20564401
"dgp1",3,4,76,15,500,20270003,20564402
"dgp1",3,4,77,15,500,20270003,20564403
"dgp1",3,4,78,15,500,20270003,20564404
"dgp1",3,4,79,15,500,20270003,20564405
"dgp1",3,4,80,15,500,20270003,20564406
"dgp1",3,4,81,15,500,20270003,20564407
"dgp1",3,4,82,15,500,20270003,20564408
"dgp1",3,4,83,15,500,20270003,20564409
"dgp1",3,4,84,15,500,20270003,20564410
"dgp1",3,4,85,15,500,20270003,20564411
"dgp1",3,4,86,15,500,20270003,20564412
"dgp1",3,4,87,15,500,20270003,20564413
"dgp1",3,4,88,15,500,20270003,20564414
"dgp1",3,4,89,15,500,20270003,20564415
"dgp1",3,4,90,15,500,20270003,20564416
"dgp1",3,4,91,15,500,20270003,20564417
"dgp1",3,4,92,15,500,20270003,20564418
"dgp1",3,4,93,15,500,20270003,20564419
"dgp1",3,4,94,15,500,20270003,20564420
"dgp1",3,4,95,15,500,20270003,20564421
"dgp1",3,4,96,15,500,20270003,20564422
"dgp1",3,4,97,15,500,20270003,20564423
"dgp1",3,4,98,15,500,20270003,20564424
"dgp1",3,4,99,15,500,20270003,20564425
"dgp1",3,4,100,15,500,20270003,20564426
"dgp1",3,5,1,15,1000,20270003,20565327
"dgp1",3,5,2,15,1000,20270003,20565328
"dgp1",3,5,3,15,1000,20270003,20565329
"dgp1",3,5,4,15,1000,20270003,20565330
"dgp1",3,5,5,15,1000,20270003,20565331
"dgp1",3,5,6,15,1000,20270003,20565332
"dgp1",3,5,7,15,1000,20270003,20565333
"dgp1",3,5,8,15,1000,20270003,20565334
"dgp1",3,5,9,15,1000,20270003,20565335
"dgp1",3,5,10,15,1000,20270003,20565336
"dgp1",3,5,11,15,1000,20270003,20565337
"dgp1",3,5,12,15,1000,20270003,20565338
"dgp1",3,5,13,15,1000,20270003,20565339
"dgp1",3,5,14,15,1000,20270003,20565340
"dgp1",3,5,15,15,1000,20270003,20565341
"dgp1",3,5,16,15,1000,20270003,20565342
"dgp1",3,5,17,15,1000,20270003,20565343
"dgp1",3,5,18,15,1000,20270003,20565344
"dgp1",3,5,19,15,1000,20270003,20565345
"dgp1",3,5,20,15,1000,20270003,20565346
"dgp1",3,5,21,15,1000,20270003,20565347
"dgp1",3,5,22,15,1000,20270003,20565348
"dgp1",3,5,23,15,1000,20270003,20565349
"dgp1",3,5,24,15,1000,20270003,20565350
"dgp1",3,5,25,15,1000,20270003,20565351
"dgp1",3,5,26,15,1000,20270003,20565352
"dgp1",3,5,27,15,1000,20270003,20565353
"dgp1",3,5,28,15,1000,20270003,20565354
"dgp1",3,5,29,15,1000,20270003,20565355
"dgp1",3,5,30,15,1000,20270003,20565356
"dgp1",3,5,31,15,1000,20270003,20565357
"dgp1",3,5,32,15,1000,20270003,20565358
"dgp1",3,5,33,15,1000,20270003,20565359
"dgp1",3,5,34,15,1000,20270003,20565360
"dgp1",3,5,35,15,1000,20270003,20565361
"dgp1",3,5,36,15,1000,20270003,20565362
"dgp1",3,5,37,15,1000,20270003,20565363
"dgp1",3,5,38,15,1000,20270003,20565364
"dgp1",3,5,39,15,1000,20270003,20565365
"dgp1",3,5,40,15,1000,20270003,20565366
"dgp1",3,5,41,15,1000,20270003,20565367
"dgp1",3,5,42,15,1000,20270003,20565368
"dgp1",3,5,43,15,1000,20270003,20565369
"dgp1",3,5,44,15,1000,20270003,20565370
"dgp1",3,5,45,15,1000,20270003,20565371
"dgp1",3,5,46,15,1000,20270003,20565372
"dgp1",3,5,47,15,1000,20270003,20565373
"dgp1",3,5,48,15,1000,20270003,20565374
"dgp1",3,5,49,15,1000,20270003,20565375
"dgp1",3,5,50,15,1000,20270003,20565376
"dgp1",3,5,51,15,1000,20270003,20565377
"dgp1",3,5,52,15,1000,20270003,20565378
"dgp1",3,5,53,15,1000,20270003,20565379
"dgp1",3,5,54,15,1000,20270003,20565380
"dgp1",3,5,55,15,1000,20270003,20565381
"dgp1",3,5,56,15,1000,20270003,20565382
"dgp1",3,5,57,15,1000,20270003,20565383
"dgp1",3,5,58,15,1000,20270003,20565384
"dgp1",3,5,59,15,1000,20270003,20565385
"dgp1",3,5,60,15,1000,20270003,20565386
"dgp1",3,5,61,15,1000,20270003,20565387
"dgp1",3,5,62,15,1000,20270003,20565388
"dgp1",3,5,63,15,1000,20270003,20565389
"dgp1",3,5,64,15,1000,20270003,20565390
"dgp1",3,5,65,15,1000,20270003,20565391
"dgp1",3,5,66,15,1000,20270003,20565392
"dgp1",3,5,67,15,1000,20270003,20565393
"dgp1",3,5,68,15,1000,20270003,20565394
"dgp1",3,5,69,15,1000,20270003,20565395
"dgp1",3,5,70,15,1000,20270003,20565396
"dgp1",3,5,71,15,1000,20270003,20565397
"dgp1",3,5,72,15,1000,20270003,20565398
"dgp1",3,5,73,15,1000,20270003,20565399
"dgp1",3,5,74,15,1000,20270003,20565400
"dgp1",3,5,75,15,1000,20270003,20565401
"dgp1",3,5,76,15,1000,20270003,20565402
"dgp1",3,5,77,15,1000,20270003,20565403
"dgp1",3,5,78,15,1000,20270003,20565404
"dgp1",3,5,79,15,1000,20270003,20565405
"dgp1",3,5,80,15,1000,20270003,20565406
"dgp1",3,5,81,15,1000,20270003,20565407
"dgp1",3,5,82,15,1000,20270003,20565408
"dgp1",3,5,83,15,1000,20270003,20565409
"dgp1",3,5,84,15,1000,20270003,20565410
"dgp1",3,5,85,15,1000,20270003,20565411
"dgp1",3,5,86,15,1000,20270003,20565412
"dgp1",3,5,87,15,1000,20270003,20565413
"dgp1",3,5,88,15,1000,20270003,20565414
"dgp1",3,5,89,15,1000,20270003,20565415
"dgp1",3,5,90,15,1000,20270003,20565416
"dgp1",3,5,91,15,1000,20270003,20565417
"dgp1",3,5,92,15,1000,20270003,20565418
"dgp1",3,5,93,15,1000,20270003,20565419
"dgp1",3,5,94,15,1000,20270003,20565420
"dgp1",3,5,95,15,1000,20270003,20565421
"dgp1",3,5,96,15,1000,20270003,20565422
"dgp1",3,5,97,15,1000,20270003,20565423
"dgp1",3,5,98,15,1000,20270003,20565424
"dgp1",3,5,99,15,1000,20270003,20565425
"dgp1",3,5,100,15,1000,20270003,20565426
"dgp1",3,6,1,15,2000,20270003,20566327
"dgp1",3,6,2,15,2000,20270003,20566328
"dgp1",3,6,3,15,2000,20270003,20566329
"dgp1",3,6,4,15,2000,20270003,20566330
"dgp1",3,6,5,15,2000,20270003,20566331
"dgp1",3,6,6,15,2000,20270003,20566332
"dgp1",3,6,7,15,2000,20270003,20566333
"dgp1",3,6,8,15,2000,20270003,20566334
"dgp1",3,6,9,15,2000,20270003,20566335
"dgp1",3,6,10,15,2000,20270003,20566336
"dgp1",3,6,11,15,2000,20270003,20566337
"dgp1",3,6,12,15,2000,20270003,20566338
"dgp1",3,6,13,15,2000,20270003,20566339
"dgp1",3,6,14,15,2000,20270003,20566340
"dgp1",3,6,15,15,2000,20270003,20566341
"dgp1",3,6,16,15,2000,20270003,20566342
"dgp1",3,6,17,15,2000,20270003,20566343
"dgp1",3,6,18,15,2000,20270003,20566344
"dgp1",3,6,19,15,2000,20270003,20566345
"dgp1",3,6,20,15,2000,20270003,20566346
"dgp1",3,6,21,15,2000,20270003,20566347
"dgp1",3,6,22,15,2000,20270003,20566348
"dgp1",3,6,23,15,2000,20270003,20566349
"dgp1",3,6,24,15,2000,20270003,20566350
"dgp1",3,6,25,15,2000,20270003,20566351
"dgp1",3,6,26,15,2000,20270003,20566352
"dgp1",3,6,27,15,2000,20270003,20566353
"dgp1",3,6,28,15,2000,20270003,20566354
"dgp1",3,6,29,15,2000,20270003,20566355
"dgp1",3,6,30,15,2000,20270003,20566356
"dgp1",3,6,31,15,2000,20270003,20566357
"dgp1",3,6,32,15,2000,20270003,20566358
"dgp1",3,6,33,15,2000,20270003,20566359
"dgp1",3,6,34,15,2000,20270003,20566360
"dgp1",3,6,35,15,2000,20270003,20566361
"dgp1",3,6,36,15,2000,20270003,20566362
"dgp1",3,6,37,15,2000,20270003,20566363
"dgp1",3,6,38,15,2000,20270003,20566364
"dgp1",3,6,39,15,2000,20270003,20566365
"dgp1",3,6,40,15,2000,20270003,20566366
"dgp1",3,6,41,15,2000,20270003,20566367
"dgp1",3,6,42,15,2000,20270003,20566368
"dgp1",3,6,43,15,2000,20270003,20566369
"dgp1",3,6,44,15,2000,20270003,20566370
"dgp1",3,6,45,15,2000,20270003,20566371
"dgp1",3,6,46,15,2000,20270003,20566372
"dgp1",3,6,47,15,2000,20270003,20566373
"dgp1",3,6,48,15,2000,20270003,20566374
"dgp1",3,6,49,15,2000,20270003,20566375
"dgp1",3,6,50,15,2000,20270003,20566376
"dgp1",3,6,51,15,2000,20270003,20566377
"dgp1",3,6,52,15,2000,20270003,20566378
"dgp1",3,6,53,15,2000,20270003,20566379
"dgp1",3,6,54,15,2000,20270003,20566380
"dgp1",3,6,55,15,2000,20270003,20566381
"dgp1",3,6,56,15,2000,20270003,20566382
"dgp1",3,6,57,15,2000,20270003,20566383
"dgp1",3,6,58,15,2000,20270003,20566384
"dgp1",3,6,59,15,2000,20270003,20566385
"dgp1",3,6,60,15,2000,20270003,20566386
"dgp1",3,6,61,15,2000,20270003,20566387
"dgp1",3,6,62,15,2000,20270003,20566388
"dgp1",3,6,63,15,2000,20270003,20566389
"dgp1",3,6,64,15,2000,20270003,20566390
"dgp1",3,6,65,15,2000,20270003,20566391
"dgp1",3,6,66,15,2000,20270003,20566392
"dgp1",3,6,67,15,2000,20270003,20566393
"dgp1",3,6,68,15,2000,20270003,20566394
"dgp1",3,6,69,15,2000,20270003,20566395
"dgp1",3,6,70,15,2000,20270003,20566396
"dgp1",3,6,71,15,2000,20270003,20566397
"dgp1",3,6,72,15,2000,20270003,20566398
"dgp1",3,6,73,15,2000,20270003,20566399
"dgp1",3,6,74,15,2000,20270003,20566400
"dgp1",3,6,75,15,2000,20270003,20566401
"dgp1",3,6,76,15,2000,20270003,20566402
"dgp1",3,6,77,15,2000,20270003,20566403
"dgp1",3,6,78,15,2000,20270003,20566404
"dgp1",3,6,79,15,2000,20270003,20566405
"dgp1",3,6,80,15,2000,20270003,20566406
"dgp1",3,6,81,15,2000,20270003,20566407
"dgp1",3,6,82,15,2000,20270003,20566408
"dgp1",3,6,83,15,2000,20270003,20566409
"dgp1",3,6,84,15,2000,20270003,20566410
"dgp1",3,6,85,15,2000,20270003,20566411
"dgp1",3,6,86,15,2000,20270003,20566412
"dgp1",3,6,87,15,2000,20270003,20566413
"dgp1",3,6,88,15,2000,20270003,20566414
"dgp1",3,6,89,15,2000,20270003,20566415
"dgp1",3,6,90,15,2000,20270003,20566416
"dgp1",3,6,91,15,2000,20270003,20566417
"dgp1",3,6,92,15,2000,20270003,20566418
"dgp1",3,6,93,15,2000,20270003,20566419
"dgp1",3,6,94,15,2000,20270003,20566420
"dgp1",3,6,95,15,2000,20270003,20566421
"dgp1",3,6,96,15,2000,20270003,20566422
"dgp1",3,6,97,15,2000,20270003,20566423
"dgp1",3,6,98,15,2000,20270003,20566424
"dgp1",3,6,99,15,2000,20270003,20566425
"dgp1",3,6,100,15,2000,20270003,20566426
"dgp1",4,1,1,20,100,20270004,20661327
"dgp1",4,1,2,20,100,20270004,20661328
"dgp1",4,1,3,20,100,20270004,20661329
"dgp1",4,1,4,20,100,20270004,20661330
"dgp1",4,1,5,20,100,20270004,20661331
"dgp1",4,1,6,20,100,20270004,20661332
"dgp1",4,1,7,20,100,20270004,20661333
"dgp1",4,1,8,20,100,20270004,20661334
"dgp1",4,1,9,20,100,20270004,20661335
"dgp1",4,1,10,20,100,20270004,20661336
"dgp1",4,1,11,20,100,20270004,20661337
"dgp1",4,1,12,20,100,20270004,20661338
"dgp1",4,1,13,20,100,20270004,20661339
"dgp1",4,1,14,20,100,20270004,20661340
"dgp1",4,1,15,20,100,20270004,20661341
"dgp1",4,1,16,20,100,20270004,20661342
"dgp1",4,1,17,20,100,20270004,20661343
"dgp1",4,1,18,20,100,20270004,20661344
"dgp1",4,1,19,20,100,20270004,20661345
"dgp1",4,1,20,20,100,20270004,20661346
"dgp1",4,1,21,20,100,20270004,20661347
"dgp1",4,1,22,20,100,20270004,20661348
"dgp1",4,1,23,20,100,20270004,20661349
"dgp1",4,1,24,20,100,20270004,20661350
"dgp1",4,1,25,20,100,20270004,20661351
"dgp1",4,1,26,20,100,20270004,20661352
"dgp1",4,1,27,20,100,20270004,20661353
"dgp1",4,1,28,20,100,20270004,20661354
"dgp1",4,1,29,20,100,20270004,20661355
"dgp1",4,1,30,20,100,20270004,20661356
"dgp1",4,1,31,20,100,20270004,20661357
"dgp1",4,1,32,20,100,20270004,20661358
"dgp1",4,1,33,20,100,20270004,20661359
"dgp1",4,1,34,20,100,20270004,20661360
"dgp1",4,1,35,20,100,20270004,20661361
"dgp1",4,1,36,20,100,20270004,20661362
"dgp1",4,1,37,20,100,20270004,20661363
"dgp1",4,1,38,20,100,20270004,20661364
"dgp1",4,1,39,20,100,20270004,20661365
"dgp1",4,1,40,20,100,20270004,20661366
"dgp1",4,1,41,20,100,20270004,20661367
"dgp1",4,1,42,20,100,20270004,20661368
"dgp1",4,1,43,20,100,20270004,20661369
"dgp1",4,1,44,20,100,20270004,20661370
"dgp1",4,1,45,20,100,20270004,20661371
"dgp1",4,1,46,20,100,20270004,20661372
"dgp1",4,1,47,20,100,20270004,20661373
"dgp1",4,1,48,20,100,20270004,20661374
"dgp1",4,1,49,20,100,20270004,20661375
"dgp1",4,1,50,20,100,20270004,20661376
"dgp1",4,1,51,20,100,20270004,20661377
"dgp1",4,1,52,20,100,20270004,20661378
"dgp1",4,1,53,20,100,20270004,20661379
"dgp1",4,1,54,20,100,20270004,20661380
"dgp1",4,1,55,20,100,20270004,20661381
"dgp1",4,1,56,20,100,20270004,20661382
"dgp1",4,1,57,20,100,20270004,20661383
"dgp1",4,1,58,20,100,20270004,20661384
"dgp1",4,1,59,20,100,20270004,20661385
"dgp1",4,1,60,20,100,20270004,20661386
"dgp1",4,1,61,20,100,20270004,20661387
"dgp1",4,1,62,20,100,20270004,20661388
"dgp1",4,1,63,20,100,20270004,20661389
"dgp1",4,1,64,20,100,20270004,20661390
"dgp1",4,1,65,20,100,20270004,20661391
"dgp1",4,1,66,20,100,20270004,20661392
"dgp1",4,1,67,20,100,20270004,20661393
"dgp1",4,1,68,20,100,20270004,20661394
"dgp1",4,1,69,20,100,20270004,20661395
"dgp1",4,1,70,20,100,20270004,20661396
"dgp1",4,1,71,20,100,20270004,20661397
"dgp1",4,1,72,20,100,20270004,20661398
"dgp1",4,1,73,20,100,20270004,20661399
"dgp1",4,1,74,20,100,20270004,20661400
"dgp1",4,1,75,20,100,20270004,20661401
"dgp1",4,1,76,20,100,20270004,20661402
"dgp1",4,1,77,20,100,20270004,20661403
"dgp1",4,1,78,20,100,20270004,20661404
"dgp1",4,1,79,20,100,20270004,20661405
"dgp1",4,1,80,20,100,20270004,20661406
"dgp1",4,1,81,20,100,20270004,20661407
"dgp1",4,1,82,20,100,20270004,20661408
"dgp1",4,1,83,20,100,20270004,20661409
"dgp1",4,1,84,20,100,20270004,20661410
"dgp1",4,1,85,20,100,20270004,20661411
"dgp1",4,1,86,20,100,20270004,20661412
"dgp1",4,1,87,20,100,20270004,20661413
"dgp1",4,1,88,20,100,20270004,20661414
"dgp1",4,1,89,20,100,20270004,20661415
"dgp1",4,1,90,20,100,20270004,20661416
"dgp1",4,1,91,20,100,20270004,20661417
"dgp1",4,1,92,20,100,20270004,20661418
"dgp1",4,1,93,20,100,20270004,20661419
"dgp1",4,1,94,20,100,20270004,20661420
"dgp1",4,1,95,20,100,20270004,20661421
"dgp1",4,1,96,20,100,20270004,20661422
"dgp1",4,1,97,20,100,20270004,20661423
"dgp1",4,1,98,20,100,20270004,20661424
"dgp1",4,1,99,20,100,20270004,20661425
"dgp1",4,1,100,20,100,20270004,20661426
"dgp1",4,2,1,20,200,20270004,20662327
"dgp1",4,2,2,20,200,20270004,20662328
"dgp1",4,2,3,20,200,20270004,20662329
"dgp1",4,2,4,20,200,20270004,20662330
"dgp1",4,2,5,20,200,20270004,20662331
"dgp1",4,2,6,20,200,20270004,20662332
"dgp1",4,2,7,20,200,20270004,20662333
"dgp1",4,2,8,20,200,20270004,20662334
"dgp1",4,2,9,20,200,20270004,20662335
"dgp1",4,2,10,20,200,20270004,20662336
"dgp1",4,2,11,20,200,20270004,20662337
"dgp1",4,2,12,20,200,20270004,20662338
"dgp1",4,2,13,20,200,20270004,20662339
"dgp1",4,2,14,20,200,20270004,20662340
"dgp1",4,2,15,20,200,20270004,20662341
"dgp1",4,2,16,20,200,20270004,20662342
"dgp1",4,2,17,20,200,20270004,20662343
"dgp1",4,2,18,20,200,20270004,20662344
"dgp1",4,2,19,20,200,20270004,20662345
"dgp1",4,2,20,20,200,20270004,20662346
"dgp1",4,2,21,20,200,20270004,20662347
"dgp1",4,2,22,20,200,20270004,20662348
"dgp1",4,2,23,20,200,20270004,20662349
"dgp1",4,2,24,20,200,20270004,20662350
"dgp1",4,2,25,20,200,20270004,20662351
"dgp1",4,2,26,20,200,20270004,20662352
"dgp1",4,2,27,20,200,20270004,20662353
"dgp1",4,2,28,20,200,20270004,20662354
"dgp1",4,2,29,20,200,20270004,20662355
"dgp1",4,2,30,20,200,20270004,20662356
"dgp1",4,2,31,20,200,20270004,20662357
"dgp1",4,2,32,20,200,20270004,20662358
"dgp1",4,2,33,20,200,20270004,20662359
"dgp1",4,2,34,20,200,20270004,20662360
"dgp1",4,2,35,20,200,20270004,20662361
"dgp1",4,2,36,20,200,20270004,20662362
"dgp1",4,2,37,20,200,20270004,20662363
"dgp1",4,2,38,20,200,20270004,20662364
"dgp1",4,2,39,20,200,20270004,20662365
"dgp1",4,2,40,20,200,20270004,20662366
"dgp1",4,2,41,20,200,20270004,20662367
"dgp1",4,2,42,20,200,20270004,20662368
"dgp1",4,2,43,20,200,20270004,20662369
"dgp1",4,2,44,20,200,20270004,20662370
"dgp1",4,2,45,20,200,20270004,20662371
"dgp1",4,2,46,20,200,20270004,20662372
"dgp1",4,2,47,20,200,20270004,20662373
"dgp1",4,2,48,20,200,20270004,20662374
"dgp1",4,2,49,20,200,20270004,20662375
"dgp1",4,2,50,20,200,20270004,20662376
"dgp1",4,2,51,20,200,20270004,20662377
"dgp1",4,2,52,20,200,20270004,20662378
"dgp1",4,2,53,20,200,20270004,20662379
"dgp1",4,2,54,20,200,20270004,20662380
"dgp1",4,2,55,20,200,20270004,20662381
"dgp1",4,2,56,20,200,20270004,20662382
"dgp1",4,2,57,20,200,20270004,20662383
"dgp1",4,2,58,20,200,20270004,20662384
"dgp1",4,2,59,20,200,20270004,20662385
"dgp1",4,2,60,20,200,20270004,20662386
"dgp1",4,2,61,20,200,20270004,20662387
"dgp1",4,2,62,20,200,20270004,20662388
"dgp1",4,2,63,20,200,20270004,20662389
"dgp1",4,2,64,20,200,20270004,20662390
"dgp1",4,2,65,20,200,20270004,20662391
"dgp1",4,2,66,20,200,20270004,20662392
"dgp1",4,2,67,20,200,20270004,20662393
"dgp1",4,2,68,20,200,20270004,20662394
"dgp1",4,2,69,20,200,20270004,20662395
"dgp1",4,2,70,20,200,20270004,20662396
"dgp1",4,2,71,20,200,20270004,20662397
"dgp1",4,2,72,20,200,20270004,20662398
"dgp1",4,2,73,20,200,20270004,20662399
"dgp1",4,2,74,20,200,20270004,20662400
"dgp1",4,2,75,20,200,20270004,20662401
"dgp1",4,2,76,20,200,20270004,20662402
"dgp1",4,2,77,20,200,20270004,20662403
"dgp1",4,2,78,20,200,20270004,20662404
"dgp1",4,2,79,20,200,20270004,20662405
"dgp1",4,2,80,20,200,20270004,20662406
"dgp1",4,2,81,20,200,20270004,20662407
"dgp1",4,2,82,20,200,20270004,20662408
"dgp1",4,2,83,20,200,20270004,20662409
"dgp1",4,2,84,20,200,20270004,20662410
"dgp1",4,2,85,20,200,20270004,20662411
"dgp1",4,2,86,20,200,20270004,20662412
"dgp1",4,2,87,20,200,20270004,20662413
"dgp1",4,2,88,20,200,20270004,20662414
"dgp1",4,2,89,20,200,20270004,20662415
"dgp1",4,2,90,20,200,20270004,20662416
"dgp1",4,2,91,20,200,20270004,20662417
"dgp1",4,2,92,20,200,20270004,20662418
"dgp1",4,2,93,20,200,20270004,20662419
"dgp1",4,2,94,20,200,20270004,20662420
"dgp1",4,2,95,20,200,20270004,20662421
"dgp1",4,2,96,20,200,20270004,20662422
"dgp1",4,2,97,20,200,20270004,20662423
"dgp1",4,2,98,20,200,20270004,20662424
"dgp1",4,2,99,20,200,20270004,20662425
"dgp1",4,2,100,20,200,20270004,20662426
"dgp1",4,3,1,20,300,20270004,20663327
"dgp1",4,3,2,20,300,20270004,20663328
"dgp1",4,3,3,20,300,20270004,20663329
"dgp1",4,3,4,20,300,20270004,20663330
"dgp1",4,3,5,20,300,20270004,20663331
"dgp1",4,3,6,20,300,20270004,20663332
"dgp1",4,3,7,20,300,20270004,20663333
"dgp1",4,3,8,20,300,20270004,20663334
"dgp1",4,3,9,20,300,20270004,20663335
"dgp1",4,3,10,20,300,20270004,20663336
"dgp1",4,3,11,20,300,20270004,20663337
"dgp1",4,3,12,20,300,20270004,20663338
"dgp1",4,3,13,20,300,20270004,20663339
"dgp1",4,3,14,20,300,20270004,20663340
"dgp1",4,3,15,20,300,20270004,20663341
"dgp1",4,3,16,20,300,20270004,20663342
"dgp1",4,3,17,20,300,20270004,20663343
"dgp1",4,3,18,20,300,20270004,20663344
"dgp1",4,3,19,20,300,20270004,20663345
"dgp1",4,3,20,20,300,20270004,20663346
"dgp1",4,3,21,20,300,20270004,20663347
"dgp1",4,3,22,20,300,20270004,20663348
"dgp1",4,3,23,20,300,20270004,20663349
"dgp1",4,3,24,20,300,20270004,20663350
"dgp1",4,3,25,20,300,20270004,20663351
"dgp1",4,3,26,20,300,20270004,20663352
"dgp1",4,3,27,20,300,20270004,20663353
"dgp1",4,3,28,20,300,20270004,20663354
"dgp1",4,3,29,20,300,20270004,20663355
"dgp1",4,3,30,20,300,20270004,20663356
"dgp1",4,3,31,20,300,20270004,20663357
"dgp1",4,3,32,20,300,20270004,20663358
"dgp1",4,3,33,20,300,20270004,20663359
"dgp1",4,3,34,20,300,20270004,20663360
"dgp1",4,3,35,20,300,20270004,20663361
"dgp1",4,3,36,20,300,20270004,20663362
"dgp1",4,3,37,20,300,20270004,20663363
"dgp1",4,3,38,20,300,20270004,20663364
"dgp1",4,3,39,20,300,20270004,20663365
"dgp1",4,3,40,20,300,20270004,20663366
"dgp1",4,3,41,20,300,20270004,20663367
"dgp1",4,3,42,20,300,20270004,20663368
"dgp1",4,3,43,20,300,20270004,20663369
"dgp1",4,3,44,20,300,20270004,20663370
"dgp1",4,3,45,20,300,20270004,20663371
"dgp1",4,3,46,20,300,20270004,20663372
"dgp1",4,3,47,20,300,20270004,20663373
"dgp1",4,3,48,20,300,20270004,20663374
"dgp1",4,3,49,20,300,20270004,20663375
"dgp1",4,3,50,20,300,20270004,20663376
"dgp1",4,3,51,20,300,20270004,20663377
"dgp1",4,3,52,20,300,20270004,20663378
"dgp1",4,3,53,20,300,20270004,20663379
"dgp1",4,3,54,20,300,20270004,20663380
"dgp1",4,3,55,20,300,20270004,20663381
"dgp1",4,3,56,20,300,20270004,20663382
"dgp1",4,3,57,20,300,20270004,20663383
"dgp1",4,3,58,20,300,20270004,20663384
"dgp1",4,3,59,20,300,20270004,20663385
"dgp1",4,3,60,20,300,20270004,20663386
"dgp1",4,3,61,20,300,20270004,20663387
"dgp1",4,3,62,20,300,20270004,20663388
"dgp1",4,3,63,20,300,20270004,20663389
"dgp1",4,3,64,20,300,20270004,20663390
"dgp1",4,3,65,20,300,20270004,20663391
"dgp1",4,3,66,20,300,20270004,20663392
"dgp1",4,3,67,20,300,20270004,20663393
"dgp1",4,3,68,20,300,20270004,20663394
"dgp1",4,3,69,20,300,20270004,20663395
"dgp1",4,3,70,20,300,20270004,20663396
"dgp1",4,3,71,20,300,20270004,20663397
"dgp1",4,3,72,20,300,20270004,20663398
"dgp1",4,3,73,20,300,20270004,20663399
"dgp1",4,3,74,20,300,20270004,20663400
"dgp1",4,3,75,20,300,20270004,20663401
"dgp1",4,3,76,20,300,20270004,20663402
"dgp1",4,3,77,20,300,20270004,20663403
"dgp1",4,3,78,20,300,20270004,20663404
"dgp1",4,3,79,20,300,20270004,20663405
"dgp1",4,3,80,20,300,20270004,20663406
"dgp1",4,3,81,20,300,20270004,20663407
"dgp1",4,3,82,20,300,20270004,20663408
"dgp1",4,3,83,20,300,20270004,20663409
"dgp1",4,3,84,20,300,20270004,20663410
"dgp1",4,3,85,20,300,20270004,20663411
"dgp1",4,3,86,20,300,20270004,20663412
"dgp1",4,3,87,20,300,20270004,20663413
"dgp1",4,3,88,20,300,20270004,20663414
"dgp1",4,3,89,20,300,20270004,20663415
"dgp1",4,3,90,20,300,20270004,20663416
"dgp1",4,3,91,20,300,20270004,20663417
"dgp1",4,3,92,20,300,20270004,20663418
"dgp1",4,3,93,20,300,20270004,20663419
"dgp1",4,3,94,20,300,20270004,20663420
"dgp1",4,3,95,20,300,20270004,20663421
"dgp1",4,3,96,20,300,20270004,20663422
"dgp1",4,3,97,20,300,20270004,20663423
"dgp1",4,3,98,20,300,20270004,20663424
"dgp1",4,3,99,20,300,20270004,20663425
"dgp1",4,3,100,20,300,20270004,20663426
"dgp1",4,4,1,20,500,20270004,20664327
"dgp1",4,4,2,20,500,20270004,20664328
"dgp1",4,4,3,20,500,20270004,20664329
"dgp1",4,4,4,20,500,20270004,20664330
"dgp1",4,4,5,20,500,20270004,20664331
"dgp1",4,4,6,20,500,20270004,20664332
"dgp1",4,4,7,20,500,20270004,20664333
"dgp1",4,4,8,20,500,20270004,20664334
"dgp1",4,4,9,20,500,20270004,20664335
"dgp1",4,4,10,20,500,20270004,20664336
"dgp1",4,4,11,20,500,20270004,20664337
"dgp1",4,4,12,20,500,20270004,20664338
"dgp1",4,4,13,20,500,20270004,20664339
"dgp1",4,4,14,20,500,20270004,20664340
"dgp1",4,4,15,20,500,20270004,20664341
"dgp1",4,4,16,20,500,20270004,20664342
"dgp1",4,4,17,20,500,20270004,20664343
"dgp1",4,4,18,20,500,20270004,20664344
"dgp1",4,4,19,20,500,20270004,20664345
"dgp1",4,4,20,20,500,20270004,20664346
"dgp1",4,4,21,20,500,20270004,20664347
"dgp1",4,4,22,20,500,20270004,20664348
"dgp1",4,4,23,20,500,20270004,20664349
"dgp1",4,4,24,20,500,20270004,20664350
"dgp1",4,4,25,20,500,20270004,20664351
"dgp1",4,4,26,20,500,20270004,20664352
"dgp1",4,4,27,20,500,20270004,20664353
"dgp1",4,4,28,20,500,20270004,20664354
"dgp1",4,4,29,20,500,20270004,20664355
"dgp1",4,4,30,20,500,20270004,20664356
"dgp1",4,4,31,20,500,20270004,20664357
"dgp1",4,4,32,20,500,20270004,20664358
"dgp1",4,4,33,20,500,20270004,20664359
"dgp1",4,4,34,20,500,20270004,20664360
"dgp1",4,4,35,20,500,20270004,20664361
"dgp1",4,4,36,20,500,20270004,20664362
"dgp1",4,4,37,20,500,20270004,20664363
"dgp1",4,4,38,20,500,20270004,20664364
"dgp1",4,4,39,20,500,20270004,20664365
"dgp1",4,4,40,20,500,20270004,20664366
"dgp1",4,4,41,20,500,20270004,20664367
"dgp1",4,4,42,20,500,20270004,20664368
"dgp1",4,4,43,20,500,20270004,20664369
"dgp1",4,4,44,20,500,20270004,20664370
"dgp1",4,4,45,20,500,20270004,20664371
"dgp1",4,4,46,20,500,20270004,20664372
"dgp1",4,4,47,20,500,20270004,20664373
"dgp1",4,4,48,20,500,20270004,20664374
"dgp1",4,4,49,20,500,20270004,20664375
"dgp1",4,4,50,20,500,20270004,20664376
"dgp1",4,4,51,20,500,20270004,20664377
"dgp1",4,4,52,20,500,20270004,20664378
"dgp1",4,4,53,20,500,20270004,20664379
"dgp1",4,4,54,20,500,20270004,20664380
"dgp1",4,4,55,20,500,20270004,20664381
"dgp1",4,4,56,20,500,20270004,20664382
"dgp1",4,4,57,20,500,20270004,20664383
"dgp1",4,4,58,20,500,20270004,20664384
"dgp1",4,4,59,20,500,20270004,20664385
"dgp1",4,4,60,20,500,20270004,20664386
"dgp1",4,4,61,20,500,20270004,20664387
"dgp1",4,4,62,20,500,20270004,20664388
"dgp1",4,4,63,20,500,20270004,20664389
"dgp1",4,4,64,20,500,20270004,20664390
"dgp1",4,4,65,20,500,20270004,20664391
"dgp1",4,4,66,20,500,20270004,20664392
"dgp1",4,4,67,20,500,20270004,20664393
"dgp1",4,4,68,20,500,20270004,20664394
"dgp1",4,4,69,20,500,20270004,20664395
"dgp1",4,4,70,20,500,20270004,20664396
"dgp1",4,4,71,20,500,20270004,20664397
"dgp1",4,4,72,20,500,20270004,20664398
"dgp1",4,4,73,20,500,20270004,20664399
"dgp1",4,4,74,20,500,20270004,20664400
"dgp1",4,4,75,20,500,20270004,20664401
"dgp1",4,4,76,20,500,20270004,20664402
"dgp1",4,4,77,20,500,20270004,20664403
"dgp1",4,4,78,20,500,20270004,20664404
"dgp1",4,4,79,20,500,20270004,20664405
"dgp1",4,4,80,20,500,20270004,20664406
"dgp1",4,4,81,20,500,20270004,20664407
"dgp1",4,4,82,20,500,20270004,20664408
"dgp1",4,4,83,20,500,20270004,20664409
"dgp1",4,4,84,20,500,20270004,20664410
"dgp1",4,4,85,20,500,20270004,20664411
"dgp1",4,4,86,20,500,20270004,20664412
"dgp1",4,4,87,20,500,20270004,20664413
"dgp1",4,4,88,20,500,20270004,20664414
"dgp1",4,4,89,20,500,20270004,20664415
"dgp1",4,4,90,20,500,20270004,20664416
"dgp1",4,4,91,20,500,20270004,20664417
"dgp1",4,4,92,20,500,20270004,20664418
"dgp1",4,4,93,20,500,20270004,20664419
"dgp1",4,4,94,20,500,20270004,20664420
"dgp1",4,4,95,20,500,20270004,20664421
"dgp1",4,4,96,20,500,20270004,20664422
"dgp1",4,4,97,20,500,20270004,20664423
"dgp1",4,4,98,20,500,20270004,20664424
"dgp1",4,4,99,20,500,20270004,20664425
"dgp1",4,4,100,20,500,20270004,20664426
"dgp1",4,5,1,20,1000,20270004,20665327
"dgp1",4,5,2,20,1000,20270004,20665328
"dgp1",4,5,3,20,1000,20270004,20665329
"dgp1",4,5,4,20,1000,20270004,20665330
"dgp1",4,5,5,20,1000,20270004,20665331
"dgp1",4,5,6,20,1000,20270004,20665332
"dgp1",4,5,7,20,1000,20270004,20665333
"dgp1",4,5,8,20,1000,20270004,20665334
"dgp1",4,5,9,20,1000,20270004,20665335
"dgp1",4,5,10,20,1000,20270004,20665336
"dgp1",4,5,11,20,1000,20270004,20665337
"dgp1",4,5,12,20,1000,20270004,20665338
"dgp1",4,5,13,20,1000,20270004,20665339
"dgp1",4,5,14,20,1000,20270004,20665340
"dgp1",4,5,15,20,1000,20270004,20665341
"dgp1",4,5,16,20,1000,20270004,20665342
"dgp1",4,5,17,20,1000,20270004,20665343
"dgp1",4,5,18,20,1000,20270004,20665344
"dgp1",4,5,19,20,1000,20270004,20665345
"dgp1",4,5,20,20,1000,20270004,20665346
"dgp1",4,5,21,20,1000,20270004,20665347
"dgp1",4,5,22,20,1000,20270004,20665348
"dgp1",4,5,23,20,1000,20270004,20665349
"dgp1",4,5,24,20,1000,20270004,20665350
"dgp1",4,5,25,20,1000,20270004,20665351
"dgp1",4,5,26,20,1000,20270004,20665352
"dgp1",4,5,27,20,1000,20270004,20665353
"dgp1",4,5,28,20,1000,20270004,20665354
"dgp1",4,5,29,20,1000,20270004,20665355
"dgp1",4,5,30,20,1000,20270004,20665356
"dgp1",4,5,31,20,1000,20270004,20665357
"dgp1",4,5,32,20,1000,20270004,20665358
"dgp1",4,5,33,20,1000,20270004,20665359
"dgp1",4,5,34,20,1000,20270004,20665360
"dgp1",4,5,35,20,1000,20270004,20665361
"dgp1",4,5,36,20,1000,20270004,20665362
"dgp1",4,5,37,20,1000,20270004,20665363
"dgp1",4,5,38,20,1000,20270004,20665364
"dgp1",4,5,39,20,1000,20270004,20665365
"dgp1",4,5,40,20,1000,20270004,20665366
"dgp1",4,5,41,20,1000,20270004,20665367
"dgp1",4,5,42,20,1000,20270004,20665368
"dgp1",4,5,43,20,1000,20270004,20665369
"dgp1",4,5,44,20,1000,20270004,20665370
"dgp1",4,5,45,20,1000,20270004,20665371
"dgp1",4,5,46,20,1000,20270004,20665372
"dgp1",4,5,47,20,1000,20270004,20665373
"dgp1",4,5,48,20,1000,20270004,20665374
"dgp1",4,5,49,20,1000,20270004,20665375
"dgp1",4,5,50,20,1000,20270004,20665376
"dgp1",4,5,51,20,1000,20270004,20665377
"dgp1",4,5,52,20,1000,20270004,20665378
"dgp1",4,5,53,20,1000,20270004,20665379
"dgp1",4,5,54,20,1000,20270004,20665380
"dgp1",4,5,55,20,1000,20270004,20665381
"dgp1",4,5,56,20,1000,20270004,20665382
"dgp1",4,5,57,20,1000,20270004,20665383
"dgp1",4,5,58,20,1000,20270004,20665384
"dgp1",4,5,59,20,1000,20270004,20665385
"dgp1",4,5,60,20,1000,20270004,20665386
"dgp1",4,5,61,20,1000,20270004,20665387
"dgp1",4,5,62,20,1000,20270004,20665388
"dgp1",4,5,63,20,1000,20270004,20665389
"dgp1",4,5,64,20,1000,20270004,20665390
"dgp1",4,5,65,20,1000,20270004,20665391
"dgp1",4,5,66,20,1000,20270004,20665392
"dgp1",4,5,67,20,1000,20270004,20665393
"dgp1",4,5,68,20,1000,20270004,20665394
"dgp1",4,5,69,20,1000,20270004,20665395
"dgp1",4,5,70,20,1000,20270004,20665396
"dgp1",4,5,71,20,1000,20270004,20665397
"dgp1",4,5,72,20,1000,20270004,20665398
"dgp1",4,5,73,20,1000,20270004,20665399
"dgp1",4,5,74,20,1000,20270004,20665400
"dgp1",4,5,75,20,1000,20270004,20665401
"dgp1",4,5,76,20,1000,20270004,20665402
"dgp1",4,5,77,20,1000,20270004,20665403
"dgp1",4,5,78,20,1000,20270004,20665404
"dgp1",4,5,79,20,1000,20270004,20665405
"dgp1",4,5,80,20,1000,20270004,20665406
"dgp1",4,5,81,20,1000,20270004,20665407
"dgp1",4,5,82,20,1000,20270004,20665408
"dgp1",4,5,83,20,1000,20270004,20665409
"dgp1",4,5,84,20,1000,20270004,20665410
"dgp1",4,5,85,20,1000,20270004,20665411
"dgp1",4,5,86,20,1000,20270004,20665412
"dgp1",4,5,87,20,1000,20270004,20665413
"dgp1",4,5,88,20,1000,20270004,20665414
"dgp1",4,5,89,20,1000,20270004,20665415
"dgp1",4,5,90,20,1000,20270004,20665416
"dgp1",4,5,91,20,1000,20270004,20665417
"dgp1",4,5,92,20,1000,20270004,20665418
"dgp1",4,5,93,20,1000,20270004,20665419
"dgp1",4,5,94,20,1000,20270004,20665420
"dgp1",4,5,95,20,1000,20270004,20665421
"dgp1",4,5,96,20,1000,20270004,20665422
"dgp1",4,5,97,20,1000,20270004,20665423
"dgp1",4,5,98,20,1000,20270004,20665424
"dgp1",4,5,99,20,1000,20270004,20665425
"dgp1",4,5,100,20,1000,20270004,20665426
"dgp1",4,6,1,20,2000,20270004,20666327
"dgp1",4,6,2,20,2000,20270004,20666328
"dgp1",4,6,3,20,2000,20270004,20666329
"dgp1",4,6,4,20,2000,20270004,20666330
"dgp1",4,6,5,20,2000,20270004,20666331
"dgp1",4,6,6,20,2000,20270004,20666332
"dgp1",4,6,7,20,2000,20270004,20666333
"dgp1",4,6,8,20,2000,20270004,20666334
"dgp1",4,6,9,20,2000,20270004,20666335
"dgp1",4,6,10,20,2000,20270004,20666336
"dgp1",4,6,11,20,2000,20270004,20666337
"dgp1",4,6,12,20,2000,20270004,20666338
"dgp1",4,6,13,20,2000,20270004,20666339
"dgp1",4,6,14,20,2000,20270004,20666340
"dgp1",4,6,15,20,2000,20270004,20666341
"dgp1",4,6,16,20,2000,20270004,20666342
"dgp1",4,6,17,20,2000,20270004,20666343
"dgp1",4,6,18,20,2000,20270004,20666344
"dgp1",4,6,19,20,2000,20270004,20666345
"dgp1",4,6,20,20,2000,20270004,20666346
"dgp1",4,6,21,20,2000,20270004,20666347
"dgp1",4,6,22,20,2000,20270004,20666348
"dgp1",4,6,23,20,2000,20270004,20666349
"dgp1",4,6,24,20,2000,20270004,20666350
"dgp1",4,6,25,20,2000,20270004,20666351
"dgp1",4,6,26,20,2000,20270004,20666352
"dgp1",4,6,27,20,2000,20270004,20666353
"dgp1",4,6,28,20,2000,20270004,20666354
"dgp1",4,6,29,20,2000,20270004,20666355
"dgp1",4,6,30,20,2000,20270004,20666356
"dgp1",4,6,31,20,2000,20270004,20666357
"dgp1",4,6,32,20,2000,20270004,20666358
"dgp1",4,6,33,20,2000,20270004,20666359
"dgp1",4,6,34,20,2000,20270004,20666360
"dgp1",4,6,35,20,2000,20270004,20666361
"dgp1",4,6,36,20,2000,20270004,20666362
"dgp1",4,6,37,20,2000,20270004,20666363
"dgp1",4,6,38,20,2000,20270004,20666364
"dgp1",4,6,39,20,2000,20270004,20666365
"dgp1",4,6,40,20,2000,20270004,20666366
"dgp1",4,6,41,20,2000,20270004,20666367
"dgp1",4,6,42,20,2000,20270004,20666368
"dgp1",4,6,43,20,2000,20270004,20666369
"dgp1",4,6,44,20,2000,20270004,20666370
"dgp1",4,6,45,20,2000,20270004,20666371
"dgp1",4,6,46,20,2000,20270004,20666372
"dgp1",4,6,47,20,2000,20270004,20666373
"dgp1",4,6,48,20,2000,20270004,20666374
"dgp1",4,6,49,20,2000,20270004,20666375
"dgp1",4,6,50,20,2000,20270004,20666376
"dgp1",4,6,51,20,2000,20270004,20666377
"dgp1",4,6,52,20,2000,20270004,20666378
"dgp1",4,6,53,20,2000,20270004,20666379
"dgp1",4,6,54,20,2000,20270004,20666380
"dgp1",4,6,55,20,2000,20270004,20666381
"dgp1",4,6,56,20,2000,20270004,20666382
"dgp1",4,6,57,20,2000,20270004,20666383
"dgp1",4,6,58,20,2000,20270004,20666384
"dgp1",4,6,59,20,2000,20270004,20666385
"dgp1",4,6,60,20,2000,20270004,20666386
"dgp1",4,6,61,20,2000,20270004,20666387
"dgp1",4,6,62,20,2000,20270004,20666388
"dgp1",4,6,63,20,2000,20270004,20666389
"dgp1",4,6,64,20,2000,20270004,20666390
"dgp1",4,6,65,20,2000,20270004,20666391
"dgp1",4,6,66,20,2000,20270004,20666392
"dgp1",4,6,67,20,2000,20270004,20666393
"dgp1",4,6,68,20,2000,20270004,20666394
"dgp1",4,6,69,20,2000,20270004,20666395
"dgp1",4,6,70,20,2000,20270004,20666396
"dgp1",4,6,71,20,2000,20270004,20666397
"dgp1",4,6,72,20,2000,20270004,20666398
"dgp1",4,6,73,20,2000,20270004,20666399
"dgp1",4,6,74,20,2000,20270004,20666400
"dgp1",4,6,75,20,2000,20270004,20666401
"dgp1",4,6,76,20,2000,20270004,20666402
"dgp1",4,6,77,20,2000,20270004,20666403
"dgp1",4,6,78,20,2000,20270004,20666404
"dgp1",4,6,79,20,2000,20270004,20666405
"dgp1",4,6,80,20,2000,20270004,20666406
"dgp1",4,6,81,20,2000,20270004,20666407
"dgp1",4,6,82,20,2000,20270004,20666408
"dgp1",4,6,83,20,2000,20270004,20666409
"dgp1",4,6,84,20,2000,20270004,20666410
"dgp1",4,6,85,20,2000,20270004,20666411
"dgp1",4,6,86,20,2000,20270004,20666412
"dgp1",4,6,87,20,2000,20270004,20666413
"dgp1",4,6,88,20,2000,20270004,20666414
"dgp1",4,6,89,20,2000,20270004,20666415
"dgp1",4,6,90,20,2000,20270004,20666416
"dgp1",4,6,91,20,2000,20270004,20666417
"dgp1",4,6,92,20,2000,20270004,20666418
"dgp1",4,6,93,20,2000,20270004,20666419
"dgp1",4,6,94,20,2000,20270004,20666420
"dgp1",4,6,95,20,2000,20270004,20666421
"dgp1",4,6,96,20,2000,20270004,20666422
"dgp1",4,6,97,20,2000,20270004,20666423
"dgp1",4,6,98,20,2000,20270004,20666424
"dgp1",4,6,99,20,2000,20270004,20666425
"dgp1",4,6,100,20,2000,20270004,20666426
"dgp1",5,1,1,25,100,20270005,20761327
"dgp1",5,1,2,25,100,20270005,20761328
"dgp1",5,1,3,25,100,20270005,20761329
"dgp1",5,1,4,25,100,20270005,20761330
"dgp1",5,1,5,25,100,20270005,20761331
"dgp1",5,1,6,25,100,20270005,20761332
"dgp1",5,1,7,25,100,20270005,20761333
"dgp1",5,1,8,25,100,20270005,20761334
"dgp1",5,1,9,25,100,20270005,20761335
"dgp1",5,1,10,25,100,20270005,20761336
"dgp1",5,1,11,25,100,20270005,20761337
"dgp1",5,1,12,25,100,20270005,20761338
"dgp1",5,1,13,25,100,20270005,20761339
"dgp1",5,1,14,25,100,20270005,20761340
"dgp1",5,1,15,25,100,20270005,20761341
"dgp1",5,1,16,25,100,20270005,20761342
"dgp1",5,1,17,25,100,20270005,20761343
"dgp1",5,1,18,25,100,20270005,20761344
"dgp1",5,1,19,25,100,20270005,20761345
"dgp1",5,1,20,25,100,20270005,20761346
"dgp1",5,1,21,25,100,20270005,20761347
"dgp1",5,1,22,25,100,20270005,20761348
"dgp1",5,1,23,25,100,20270005,20761349
"dgp1",5,1,24,25,100,20270005,20761350
"dgp1",5,1,25,25,100,20270005,20761351
"dgp1",5,1,26,25,100,20270005,20761352
"dgp1",5,1,27,25,100,20270005,20761353
"dgp1",5,1,28,25,100,20270005,20761354
"dgp1",5,1,29,25,100,20270005,20761355
"dgp1",5,1,30,25,100,20270005,20761356
"dgp1",5,1,31,25,100,20270005,20761357
"dgp1",5,1,32,25,100,20270005,20761358
"dgp1",5,1,33,25,100,20270005,20761359
"dgp1",5,1,34,25,100,20270005,20761360
"dgp1",5,1,35,25,100,20270005,20761361
"dgp1",5,1,36,25,100,20270005,20761362
"dgp1",5,1,37,25,100,20270005,20761363
"dgp1",5,1,38,25,100,20270005,20761364
"dgp1",5,1,39,25,100,20270005,20761365
"dgp1",5,1,40,25,100,20270005,20761366
"dgp1",5,1,41,25,100,20270005,20761367
"dgp1",5,1,42,25,100,20270005,20761368
"dgp1",5,1,43,25,100,20270005,20761369
"dgp1",5,1,44,25,100,20270005,20761370
"dgp1",5,1,45,25,100,20270005,20761371
"dgp1",5,1,46,25,100,20270005,20761372
"dgp1",5,1,47,25,100,20270005,20761373
"dgp1",5,1,48,25,100,20270005,20761374
"dgp1",5,1,49,25,100,20270005,20761375
"dgp1",5,1,50,25,100,20270005,20761376
"dgp1",5,1,51,25,100,20270005,20761377
"dgp1",5,1,52,25,100,20270005,20761378
"dgp1",5,1,53,25,100,20270005,20761379
"dgp1",5,1,54,25,100,20270005,20761380
"dgp1",5,1,55,25,100,20270005,20761381
"dgp1",5,1,56,25,100,20270005,20761382
"dgp1",5,1,57,25,100,20270005,20761383
"dgp1",5,1,58,25,100,20270005,20761384
"dgp1",5,1,59,25,100,20270005,20761385
"dgp1",5,1,60,25,100,20270005,20761386
"dgp1",5,1,61,25,100,20270005,20761387
"dgp1",5,1,62,25,100,20270005,20761388
"dgp1",5,1,63,25,100,20270005,20761389
"dgp1",5,1,64,25,100,20270005,20761390
"dgp1",5,1,65,25,100,20270005,20761391
"dgp1",5,1,66,25,100,20270005,20761392
"dgp1",5,1,67,25,100,20270005,20761393
"dgp1",5,1,68,25,100,20270005,20761394
"dgp1",5,1,69,25,100,20270005,20761395
"dgp1",5,1,70,25,100,20270005,20761396
"dgp1",5,1,71,25,100,20270005,20761397
"dgp1",5,1,72,25,100,20270005,20761398
"dgp1",5,1,73,25,100,20270005,20761399
"dgp1",5,1,74,25,100,20270005,20761400
"dgp1",5,1,75,25,100,20270005,20761401
"dgp1",5,1,76,25,100,20270005,20761402
"dgp1",5,1,77,25,100,20270005,20761403
"dgp1",5,1,78,25,100,20270005,20761404
"dgp1",5,1,79,25,100,20270005,20761405
"dgp1",5,1,80,25,100,20270005,20761406
"dgp1",5,1,81,25,100,20270005,20761407
"dgp1",5,1,82,25,100,20270005,20761408
"dgp1",5,1,83,25,100,20270005,20761409
"dgp1",5,1,84,25,100,20270005,20761410
"dgp1",5,1,85,25,100,20270005,20761411
"dgp1",5,1,86,25,100,20270005,20761412
"dgp1",5,1,87,25,100,20270005,20761413
"dgp1",5,1,88,25,100,20270005,20761414
"dgp1",5,1,89,25,100,20270005,20761415
"dgp1",5,1,90,25,100,20270005,20761416
"dgp1",5,1,91,25,100,20270005,20761417
"dgp1",5,1,92,25,100,20270005,20761418
"dgp1",5,1,93,25,100,20270005,20761419
"dgp1",5,1,94,25,100,20270005,20761420
"dgp1",5,1,95,25,100,20270005,20761421
"dgp1",5,1,96,25,100,20270005,20761422
"dgp1",5,1,97,25,100,20270005,20761423
"dgp1",5,1,98,25,100,20270005,20761424
"dgp1",5,1,99,25,100,20270005,20761425
"dgp1",5,1,100,25,100,20270005,20761426
"dgp1",5,2,1,25,200,20270005,20762327
"dgp1",5,2,2,25,200,20270005,20762328
"dgp1",5,2,3,25,200,20270005,20762329
"dgp1",5,2,4,25,200,20270005,20762330
"dgp1",5,2,5,25,200,20270005,20762331
"dgp1",5,2,6,25,200,20270005,20762332
"dgp1",5,2,7,25,200,20270005,20762333
"dgp1",5,2,8,25,200,20270005,20762334
"dgp1",5,2,9,25,200,20270005,20762335
"dgp1",5,2,10,25,200,20270005,20762336
"dgp1",5,2,11,25,200,20270005,20762337
"dgp1",5,2,12,25,200,20270005,20762338
"dgp1",5,2,13,25,200,20270005,20762339
"dgp1",5,2,14,25,200,20270005,20762340
"dgp1",5,2,15,25,200,20270005,20762341
"dgp1",5,2,16,25,200,20270005,20762342
"dgp1",5,2,17,25,200,20270005,20762343
"dgp1",5,2,18,25,200,20270005,20762344
"dgp1",5,2,19,25,200,20270005,20762345
"dgp1",5,2,20,25,200,20270005,20762346
"dgp1",5,2,21,25,200,20270005,20762347
"dgp1",5,2,22,25,200,20270005,20762348
"dgp1",5,2,23,25,200,20270005,20762349
"dgp1",5,2,24,25,200,20270005,20762350
"dgp1",5,2,25,25,200,20270005,20762351
"dgp1",5,2,26,25,200,20270005,20762352
"dgp1",5,2,27,25,200,20270005,20762353
"dgp1",5,2,28,25,200,20270005,20762354
"dgp1",5,2,29,25,200,20270005,20762355
"dgp1",5,2,30,25,200,20270005,20762356
"dgp1",5,2,31,25,200,20270005,20762357
"dgp1",5,2,32,25,200,20270005,20762358
"dgp1",5,2,33,25,200,20270005,20762359
"dgp1",5,2,34,25,200,20270005,20762360
"dgp1",5,2,35,25,200,20270005,20762361
"dgp1",5,2,36,25,200,20270005,20762362
"dgp1",5,2,37,25,200,20270005,20762363
"dgp1",5,2,38,25,200,20270005,20762364
"dgp1",5,2,39,25,200,20270005,20762365
"dgp1",5,2,40,25,200,20270005,20762366
"dgp1",5,2,41,25,200,20270005,20762367
"dgp1",5,2,42,25,200,20270005,20762368
"dgp1",5,2,43,25,200,20270005,20762369
"dgp1",5,2,44,25,200,20270005,20762370
"dgp1",5,2,45,25,200,20270005,20762371
"dgp1",5,2,46,25,200,20270005,20762372
"dgp1",5,2,47,25,200,20270005,20762373
"dgp1",5,2,48,25,200,20270005,20762374
"dgp1",5,2,49,25,200,20270005,20762375
"dgp1",5,2,50,25,200,20270005,20762376
"dgp1",5,2,51,25,200,20270005,20762377
"dgp1",5,2,52,25,200,20270005,20762378
"dgp1",5,2,53,25,200,20270005,20762379
"dgp1",5,2,54,25,200,20270005,20762380
"dgp1",5,2,55,25,200,20270005,20762381
"dgp1",5,2,56,25,200,20270005,20762382
"dgp1",5,2,57,25,200,20270005,20762383
"dgp1",5,2,58,25,200,20270005,20762384
"dgp1",5,2,59,25,200,20270005,20762385
"dgp1",5,2,60,25,200,20270005,20762386
"dgp1",5,2,61,25,200,20270005,20762387
"dgp1",5,2,62,25,200,20270005,20762388
"dgp1",5,2,63,25,200,20270005,20762389
"dgp1",5,2,64,25,200,20270005,20762390
"dgp1",5,2,65,25,200,20270005,20762391
"dgp1",5,2,66,25,200,20270005,20762392
"dgp1",5,2,67,25,200,20270005,20762393
"dgp1",5,2,68,25,200,20270005,20762394
"dgp1",5,2,69,25,200,20270005,20762395
"dgp1",5,2,70,25,200,20270005,20762396
"dgp1",5,2,71,25,200,20270005,20762397
"dgp1",5,2,72,25,200,20270005,20762398
"dgp1",5,2,73,25,200,20270005,20762399
"dgp1",5,2,74,25,200,20270005,20762400
"dgp1",5,2,75,25,200,20270005,20762401
"dgp1",5,2,76,25,200,20270005,20762402
"dgp1",5,2,77,25,200,20270005,20762403
"dgp1",5,2,78,25,200,20270005,20762404
"dgp1",5,2,79,25,200,20270005,20762405
"dgp1",5,2,80,25,200,20270005,20762406
"dgp1",5,2,81,25,200,20270005,20762407
"dgp1",5,2,82,25,200,20270005,20762408
"dgp1",5,2,83,25,200,20270005,20762409
"dgp1",5,2,84,25,200,20270005,20762410
"dgp1",5,2,85,25,200,20270005,20762411
"dgp1",5,2,86,25,200,20270005,20762412
"dgp1",5,2,87,25,200,20270005,20762413
"dgp1",5,2,88,25,200,20270005,20762414
"dgp1",5,2,89,25,200,20270005,20762415
"dgp1",5,2,90,25,200,20270005,20762416
"dgp1",5,2,91,25,200,20270005,20762417
"dgp1",5,2,92,25,200,20270005,20762418
"dgp1",5,2,93,25,200,20270005,20762419
"dgp1",5,2,94,25,200,20270005,20762420
"dgp1",5,2,95,25,200,20270005,20762421
"dgp1",5,2,96,25,200,20270005,20762422
"dgp1",5,2,97,25,200,20270005,20762423
"dgp1",5,2,98,25,200,20270005,20762424
"dgp1",5,2,99,25,200,20270005,20762425
"dgp1",5,2,100,25,200,20270005,20762426
"dgp1",5,3,1,25,300,20270005,20763327
"dgp1",5,3,2,25,300,20270005,20763328
"dgp1",5,3,3,25,300,20270005,20763329
"dgp1",5,3,4,25,300,20270005,20763330
"dgp1",5,3,5,25,300,20270005,20763331
"dgp1",5,3,6,25,300,20270005,20763332
"dgp1",5,3,7,25,300,20270005,20763333
"dgp1",5,3,8,25,300,20270005,20763334
"dgp1",5,3,9,25,300,20270005,20763335
"dgp1",5,3,10,25,300,20270005,20763336
"dgp1",5,3,11,25,300,20270005,20763337
"dgp1",5,3,12,25,300,20270005,20763338
"dgp1",5,3,13,25,300,20270005,20763339
"dgp1",5,3,14,25,300,20270005,20763340
"dgp1",5,3,15,25,300,20270005,20763341
"dgp1",5,3,16,25,300,20270005,20763342
"dgp1",5,3,17,25,300,20270005,20763343
"dgp1",5,3,18,25,300,20270005,20763344
"dgp1",5,3,19,25,300,20270005,20763345
"dgp1",5,3,20,25,300,20270005,20763346
"dgp1",5,3,21,25,300,20270005,20763347
"dgp1",5,3,22,25,300,20270005,20763348
"dgp1",5,3,23,25,300,20270005,20763349
"dgp1",5,3,24,25,300,20270005,20763350
"dgp1",5,3,25,25,300,20270005,20763351
"dgp1",5,3,26,25,300,20270005,20763352
"dgp1",5,3,27,25,300,20270005,20763353
"dgp1",5,3,28,25,300,20270005,20763354
"dgp1",5,3,29,25,300,20270005,20763355
"dgp1",5,3,30,25,300,20270005,20763356
"dgp1",5,3,31,25,300,20270005,20763357
"dgp1",5,3,32,25,300,20270005,20763358
"dgp1",5,3,33,25,300,20270005,20763359
"dgp1",5,3,34,25,300,20270005,20763360
"dgp1",5,3,35,25,300,20270005,20763361
"dgp1",5,3,36,25,300,20270005,20763362
"dgp1",5,3,37,25,300,20270005,20763363
"dgp1",5,3,38,25,300,20270005,20763364
"dgp1",5,3,39,25,300,20270005,20763365
"dgp1",5,3,40,25,300,20270005,20763366
"dgp1",5,3,41,25,300,20270005,20763367
"dgp1",5,3,42,25,300,20270005,20763368
"dgp1",5,3,43,25,300,20270005,20763369
"dgp1",5,3,44,25,300,20270005,20763370
"dgp1",5,3,45,25,300,20270005,20763371
"dgp1",5,3,46,25,300,20270005,20763372
"dgp1",5,3,47,25,300,20270005,20763373
"dgp1",5,3,48,25,300,20270005,20763374
"dgp1",5,3,49,25,300,20270005,20763375
"dgp1",5,3,50,25,300,20270005,20763376
"dgp1",5,3,51,25,300,20270005,20763377
"dgp1",5,3,52,25,300,20270005,20763378
"dgp1",5,3,53,25,300,20270005,20763379
"dgp1",5,3,54,25,300,20270005,20763380
"dgp1",5,3,55,25,300,20270005,20763381
"dgp1",5,3,56,25,300,20270005,20763382
"dgp1",5,3,57,25,300,20270005,20763383
"dgp1",5,3,58,25,300,20270005,20763384
"dgp1",5,3,59,25,300,20270005,20763385
"dgp1",5,3,60,25,300,20270005,20763386
"dgp1",5,3,61,25,300,20270005,20763387
"dgp1",5,3,62,25,300,20270005,20763388
"dgp1",5,3,63,25,300,20270005,20763389
"dgp1",5,3,64,25,300,20270005,20763390
"dgp1",5,3,65,25,300,20270005,20763391
"dgp1",5,3,66,25,300,20270005,20763392
"dgp1",5,3,67,25,300,20270005,20763393
"dgp1",5,3,68,25,300,20270005,20763394
"dgp1",5,3,69,25,300,20270005,20763395
"dgp1",5,3,70,25,300,20270005,20763396
"dgp1",5,3,71,25,300,20270005,20763397
"dgp1",5,3,72,25,300,20270005,20763398
"dgp1",5,3,73,25,300,20270005,20763399
"dgp1",5,3,74,25,300,20270005,20763400
"dgp1",5,3,75,25,300,20270005,20763401
"dgp1",5,3,76,25,300,20270005,20763402
"dgp1",5,3,77,25,300,20270005,20763403
"dgp1",5,3,78,25,300,20270005,20763404
"dgp1",5,3,79,25,300,20270005,20763405
"dgp1",5,3,80,25,300,20270005,20763406
"dgp1",5,3,81,25,300,20270005,20763407
"dgp1",5,3,82,25,300,20270005,20763408
"dgp1",5,3,83,25,300,20270005,20763409
"dgp1",5,3,84,25,300,20270005,20763410
"dgp1",5,3,85,25,300,20270005,20763411
"dgp1",5,3,86,25,300,20270005,20763412
"dgp1",5,3,87,25,300,20270005,20763413
"dgp1",5,3,88,25,300,20270005,20763414
"dgp1",5,3,89,25,300,20270005,20763415
"dgp1",5,3,90,25,300,20270005,20763416
"dgp1",5,3,91,25,300,20270005,20763417
"dgp1",5,3,92,25,300,20270005,20763418
"dgp1",5,3,93,25,300,20270005,20763419
"dgp1",5,3,94,25,300,20270005,20763420
"dgp1",5,3,95,25,300,20270005,20763421
"dgp1",5,3,96,25,300,20270005,20763422
"dgp1",5,3,97,25,300,20270005,20763423
"dgp1",5,3,98,25,300,20270005,20763424
"dgp1",5,3,99,25,300,20270005,20763425
"dgp1",5,3,100,25,300,20270005,20763426
"dgp1",5,4,1,25,500,20270005,20764327
"dgp1",5,4,2,25,500,20270005,20764328
"dgp1",5,4,3,25,500,20270005,20764329
"dgp1",5,4,4,25,500,20270005,20764330
"dgp1",5,4,5,25,500,20270005,20764331
"dgp1",5,4,6,25,500,20270005,20764332
"dgp1",5,4,7,25,500,20270005,20764333
"dgp1",5,4,8,25,500,20270005,20764334
"dgp1",5,4,9,25,500,20270005,20764335
"dgp1",5,4,10,25,500,20270005,20764336
"dgp1",5,4,11,25,500,20270005,20764337
"dgp1",5,4,12,25,500,20270005,20764338
"dgp1",5,4,13,25,500,20270005,20764339
"dgp1",5,4,14,25,500,20270005,20764340
"dgp1",5,4,15,25,500,20270005,20764341
"dgp1",5,4,16,25,500,20270005,20764342
"dgp1",5,4,17,25,500,20270005,20764343
"dgp1",5,4,18,25,500,20270005,20764344
"dgp1",5,4,19,25,500,20270005,20764345
"dgp1",5,4,20,25,500,20270005,20764346
"dgp1",5,4,21,25,500,20270005,20764347
"dgp1",5,4,22,25,500,20270005,20764348
"dgp1",5,4,23,25,500,20270005,20764349
"dgp1",5,4,24,25,500,20270005,20764350
"dgp1",5,4,25,25,500,20270005,20764351
"dgp1",5,4,26,25,500,20270005,20764352
"dgp1",5,4,27,25,500,20270005,20764353
"dgp1",5,4,28,25,500,20270005,20764354
"dgp1",5,4,29,25,500,20270005,20764355
"dgp1",5,4,30,25,500,20270005,20764356
"dgp1",5,4,31,25,500,20270005,20764357
"dgp1",5,4,32,25,500,20270005,20764358
"dgp1",5,4,33,25,500,20270005,20764359
"dgp1",5,4,34,25,500,20270005,20764360
"dgp1",5,4,35,25,500,20270005,20764361
"dgp1",5,4,36,25,500,20270005,20764362
"dgp1",5,4,37,25,500,20270005,20764363
"dgp1",5,4,38,25,500,20270005,20764364
"dgp1",5,4,39,25,500,20270005,20764365
"dgp1",5,4,40,25,500,20270005,20764366
"dgp1",5,4,41,25,500,20270005,20764367
"dgp1",5,4,42,25,500,20270005,20764368
"dgp1",5,4,43,25,500,20270005,20764369
"dgp1",5,4,44,25,500,20270005,20764370
"dgp1",5,4,45,25,500,20270005,20764371
"dgp1",5,4,46,25,500,20270005,20764372
"dgp1",5,4,47,25,500,20270005,20764373
"dgp1",5,4,48,25,500,20270005,20764374
"dgp1",5,4,49,25,500,20270005,20764375
"dgp1",5,4,50,25,500,20270005,20764376
"dgp1",5,4,51,25,500,20270005,20764377
"dgp1",5,4,52,25,500,20270005,20764378
"dgp1",5,4,53,25,500,20270005,20764379
"dgp1",5,4,54,25,500,20270005,20764380
"dgp1",5,4,55,25,500,20270005,20764381
"dgp1",5,4,56,25,500,20270005,20764382
"dgp1",5,4,57,25,500,20270005,20764383
"dgp1",5,4,58,25,500,20270005,20764384
"dgp1",5,4,59,25,500,20270005,20764385
"dgp1",5,4,60,25,500,20270005,20764386
"dgp1",5,4,61,25,500,20270005,20764387
"dgp1",5,4,62,25,500,20270005,20764388
"dgp1",5,4,63,25,500,20270005,20764389
"dgp1",5,4,64,25,500,20270005,20764390
"dgp1",5,4,65,25,500,20270005,20764391
"dgp1",5,4,66,25,500,20270005,20764392
"dgp1",5,4,67,25,500,20270005,20764393
"dgp1",5,4,68,25,500,20270005,20764394
"dgp1",5,4,69,25,500,20270005,20764395
"dgp1",5,4,70,25,500,20270005,20764396
"dgp1",5,4,71,25,500,20270005,20764397
"dgp1",5,4,72,25,500,20270005,20764398
"dgp1",5,4,73,25,500,20270005,20764399
"dgp1",5,4,74,25,500,20270005,20764400
"dgp1",5,4,75,25,500,20270005,20764401
"dgp1",5,4,76,25,500,20270005,20764402
"dgp1",5,4,77,25,500,20270005,20764403
"dgp1",5,4,78,25,500,20270005,20764404
"dgp1",5,4,79,25,500,20270005,20764405
"dgp1",5,4,80,25,500,20270005,20764406
"dgp1",5,4,81,25,500,20270005,20764407
"dgp1",5,4,82,25,500,20270005,20764408
"dgp1",5,4,83,25,500,20270005,20764409
"dgp1",5,4,84,25,500,20270005,20764410
"dgp1",5,4,85,25,500,20270005,20764411
"dgp1",5,4,86,25,500,20270005,20764412
"dgp1",5,4,87,25,500,20270005,20764413
"dgp1",5,4,88,25,500,20270005,20764414
"dgp1",5,4,89,25,500,20270005,20764415
"dgp1",5,4,90,25,500,20270005,20764416
"dgp1",5,4,91,25,500,20270005,20764417
"dgp1",5,4,92,25,500,20270005,20764418
"dgp1",5,4,93,25,500,20270005,20764419
"dgp1",5,4,94,25,500,20270005,20764420
"dgp1",5,4,95,25,500,20270005,20764421
"dgp1",5,4,96,25,500,20270005,20764422
"dgp1",5,4,97,25,500,20270005,20764423
"dgp1",5,4,98,25,500,20270005,20764424
"dgp1",5,4,99,25,500,20270005,20764425
"dgp1",5,4,100,25,500,20270005,20764426
"dgp1",5,5,1,25,1000,20270005,20765327
"dgp1",5,5,2,25,1000,20270005,20765328
"dgp1",5,5,3,25,1000,20270005,20765329
"dgp1",5,5,4,25,1000,20270005,20765330
"dgp1",5,5,5,25,1000,20270005,20765331
"dgp1",5,5,6,25,1000,20270005,20765332
"dgp1",5,5,7,25,1000,20270005,20765333
"dgp1",5,5,8,25,1000,20270005,20765334
"dgp1",5,5,9,25,1000,20270005,20765335
"dgp1",5,5,10,25,1000,20270005,20765336
"dgp1",5,5,11,25,1000,20270005,20765337
"dgp1",5,5,12,25,1000,20270005,20765338
"dgp1",5,5,13,25,1000,20270005,20765339
"dgp1",5,5,14,25,1000,20270005,20765340
"dgp1",5,5,15,25,1000,20270005,20765341
"dgp1",5,5,16,25,1000,20270005,20765342
"dgp1",5,5,17,25,1000,20270005,20765343
"dgp1",5,5,18,25,1000,20270005,20765344
"dgp1",5,5,19,25,1000,20270005,20765345
"dgp1",5,5,20,25,1000,20270005,20765346
"dgp1",5,5,21,25,1000,20270005,20765347
"dgp1",5,5,22,25,1000,20270005,20765348
"dgp1",5,5,23,25,1000,20270005,20765349
"dgp1",5,5,24,25,1000,20270005,20765350
"dgp1",5,5,25,25,1000,20270005,20765351
"dgp1",5,5,26,25,1000,20270005,20765352
"dgp1",5,5,27,25,1000,20270005,20765353
"dgp1",5,5,28,25,1000,20270005,20765354
"dgp1",5,5,29,25,1000,20270005,20765355
"dgp1",5,5,30,25,1000,20270005,20765356
"dgp1",5,5,31,25,1000,20270005,20765357
"dgp1",5,5,32,25,1000,20270005,20765358
"dgp1",5,5,33,25,1000,20270005,20765359
"dgp1",5,5,34,25,1000,20270005,20765360
"dgp1",5,5,35,25,1000,20270005,20765361
"dgp1",5,5,36,25,1000,20270005,20765362
"dgp1",5,5,37,25,1000,20270005,20765363
"dgp1",5,5,38,25,1000,20270005,20765364
"dgp1",5,5,39,25,1000,20270005,20765365
"dgp1",5,5,40,25,1000,20270005,20765366
"dgp1",5,5,41,25,1000,20270005,20765367
"dgp1",5,5,42,25,1000,20270005,20765368
"dgp1",5,5,43,25,1000,20270005,20765369
"dgp1",5,5,44,25,1000,20270005,20765370
"dgp1",5,5,45,25,1000,20270005,20765371
"dgp1",5,5,46,25,1000,20270005,20765372
"dgp1",5,5,47,25,1000,20270005,20765373
"dgp1",5,5,48,25,1000,20270005,20765374
"dgp1",5,5,49,25,1000,20270005,20765375
"dgp1",5,5,50,25,1000,20270005,20765376
"dgp1",5,5,51,25,1000,20270005,20765377
"dgp1",5,5,52,25,1000,20270005,20765378
"dgp1",5,5,53,25,1000,20270005,20765379
"dgp1",5,5,54,25,1000,20270005,20765380
"dgp1",5,5,55,25,1000,20270005,20765381
"dgp1",5,5,56,25,1000,20270005,20765382
"dgp1",5,5,57,25,1000,20270005,20765383
"dgp1",5,5,58,25,1000,20270005,20765384
"dgp1",5,5,59,25,1000,20270005,20765385
"dgp1",5,5,60,25,1000,20270005,20765386
"dgp1",5,5,61,25,1000,20270005,20765387
"dgp1",5,5,62,25,1000,20270005,20765388
"dgp1",5,5,63,25,1000,20270005,20765389
"dgp1",5,5,64,25,1000,20270005,20765390
"dgp1",5,5,65,25,1000,20270005,20765391
"dgp1",5,5,66,25,1000,20270005,20765392
"dgp1",5,5,67,25,1000,20270005,20765393
"dgp1",5,5,68,25,1000,20270005,20765394
"dgp1",5,5,69,25,1000,20270005,20765395
"dgp1",5,5,70,25,1000,20270005,20765396
"dgp1",5,5,71,25,1000,20270005,20765397
"dgp1",5,5,72,25,1000,20270005,20765398
"dgp1",5,5,73,25,1000,20270005,20765399
"dgp1",5,5,74,25,1000,20270005,20765400
"dgp1",5,5,75,25,1000,20270005,20765401
"dgp1",5,5,76,25,1000,20270005,20765402
"dgp1",5,5,77,25,1000,20270005,20765403
"dgp1",5,5,78,25,1000,20270005,20765404
"dgp1",5,5,79,25,1000,20270005,20765405
"dgp1",5,5,80,25,1000,20270005,20765406
"dgp1",5,5,81,25,1000,20270005,20765407
"dgp1",5,5,82,25,1000,20270005,20765408
"dgp1",5,5,83,25,1000,20270005,20765409
"dgp1",5,5,84,25,1000,20270005,20765410
"dgp1",5,5,85,25,1000,20270005,20765411
"dgp1",5,5,86,25,1000,20270005,20765412
"dgp1",5,5,87,25,1000,20270005,20765413
"dgp1",5,5,88,25,1000,20270005,20765414
"dgp1",5,5,89,25,1000,20270005,20765415
"dgp1",5,5,90,25,1000,20270005,20765416
"dgp1",5,5,91,25,1000,20270005,20765417
"dgp1",5,5,92,25,1000,20270005,20765418
"dgp1",5,5,93,25,1000,20270005,20765419
"dgp1",5,5,94,25,1000,20270005,20765420
"dgp1",5,5,95,25,1000,20270005,20765421
"dgp1",5,5,96,25,1000,20270005,20765422
"dgp1",5,5,97,25,1000,20270005,20765423
"dgp1",5,5,98,25,1000,20270005,20765424
"dgp1",5,5,99,25,1000,20270005,20765425
"dgp1",5,5,100,25,1000,20270005,20765426
"dgp1",5,6,1,25,2000,20270005,20766327
"dgp1",5,6,2,25,2000,20270005,20766328
"dgp1",5,6,3,25,2000,20270005,20766329
"dgp1",5,6,4,25,2000,20270005,20766330
"dgp1",5,6,5,25,2000,20270005,20766331
"dgp1",5,6,6,25,2000,20270005,20766332
"dgp1",5,6,7,25,2000,20270005,20766333
"dgp1",5,6,8,25,2000,20270005,20766334
"dgp1",5,6,9,25,2000,20270005,20766335
"dgp1",5,6,10,25,2000,20270005,20766336
"dgp1",5,6,11,25,2000,20270005,20766337
"dgp1",5,6,12,25,2000,20270005,20766338
"dgp1",5,6,13,25,2000,20270005,20766339
"dgp1",5,6,14,25,2000,20270005,20766340
"dgp1",5,6,15,25,2000,20270005,20766341
"dgp1",5,6,16,25,2000,20270005,20766342
"dgp1",5,6,17,25,2000,20270005,20766343
"dgp1",5,6,18,25,2000,20270005,20766344
"dgp1",5,6,19,25,2000,20270005,20766345
"dgp1",5,6,20,25,2000,20270005,20766346
"dgp1",5,6,21,25,2000,20270005,20766347
"dgp1",5,6,22,25,2000,20270005,20766348
"dgp1",5,6,23,25,2000,20270005,20766349
"dgp1",5,6,24,25,2000,20270005,20766350
"dgp1",5,6,25,25,2000,20270005,20766351
"dgp1",5,6,26,25,2000,20270005,20766352
"dgp1",5,6,27,25,2000,20270005,20766353
"dgp1",5,6,28,25,2000,20270005,20766354
"dgp1",5,6,29,25,2000,20270005,20766355
"dgp1",5,6,30,25,2000,20270005,20766356
"dgp1",5,6,31,25,2000,20270005,20766357
"dgp1",5,6,32,25,2000,20270005,20766358
"dgp1",5,6,33,25,2000,20270005,20766359
"dgp1",5,6,34,25,2000,20270005,20766360
"dgp1",5,6,35,25,2000,20270005,20766361
"dgp1",5,6,36,25,2000,20270005,20766362
"dgp1",5,6,37,25,2000,20270005,20766363
"dgp1",5,6,38,25,2000,20270005,20766364
"dgp1",5,6,39,25,2000,20270005,20766365
"dgp1",5,6,40,25,2000,20270005,20766366
"dgp1",5,6,41,25,2000,20270005,20766367
"dgp1",5,6,42,25,2000,20270005,20766368
"dgp1",5,6,43,25,2000,20270005,20766369
"dgp1",5,6,44,25,2000,20270005,20766370
"dgp1",5,6,45,25,2000,20270005,20766371
"dgp1",5,6,46,25,2000,20270005,20766372
"dgp1",5,6,47,25,2000,20270005,20766373
"dgp1",5,6,48,25,2000,20270005,20766374
"dgp1",5,6,49,25,2000,20270005,20766375
"dgp1",5,6,50,25,2000,20270005,20766376
"dgp1",5,6,51,25,2000,20270005,20766377
"dgp1",5,6,52,25,2000,20270005,20766378
"dgp1",5,6,53,25,2000,20270005,20766379
"dgp1",5,6,54,25,2000,20270005,20766380
"dgp1",5,6,55,25,2000,20270005,20766381
"dgp1",5,6,56,25,2000,20270005,20766382
"dgp1",5,6,57,25,2000,20270005,20766383
"dgp1",5,6,58,25,2000,20270005,20766384
"dgp1",5,6,59,25,2000,20270005,20766385
"dgp1",5,6,60,25,2000,20270005,20766386
"dgp1",5,6,61,25,2000,20270005,20766387
"dgp1",5,6,62,25,2000,20270005,20766388
"dgp1",5,6,63,25,2000,20270005,20766389
"dgp1",5,6,64,25,2000,20270005,20766390
"dgp1",5,6,65,25,2000,20270005,20766391
"dgp1",5,6,66,25,2000,20270005,20766392
"dgp1",5,6,67,25,2000,20270005,20766393
"dgp1",5,6,68,25,2000,20270005,20766394
"dgp1",5,6,69,25,2000,20270005,20766395
"dgp1",5,6,70,25,2000,20270005,20766396
"dgp1",5,6,71,25,2000,20270005,20766397
"dgp1",5,6,72,25,2000,20270005,20766398
"dgp1",5,6,73,25,2000,20270005,20766399
"dgp1",5,6,74,25,2000,20270005,20766400
"dgp1",5,6,75,25,2000,20270005,20766401
"dgp1",5,6,76,25,2000,20270005,20766402
"dgp1",5,6,77,25,2000,20270005,20766403
"dgp1",5,6,78,25,2000,20270005,20766404
"dgp1",5,6,79,25,2000,20270005,20766405
"dgp1",5,6,80,25,2000,20270005,20766406
"dgp1",5,6,81,25,2000,20270005,20766407
"dgp1",5,6,82,25,2000,20270005,20766408
"dgp1",5,6,83,25,2000,20270005,20766409
"dgp1",5,6,84,25,2000,20270005,20766410
"dgp1",5,6,85,25,2000,20270005,20766411
"dgp1",5,6,86,25,2000,20270005,20766412
"dgp1",5,6,87,25,2000,20270005,20766413
"dgp1",5,6,88,25,2000,20270005,20766414
"dgp1",5,6,89,25,2000,20270005,20766415
"dgp1",5,6,90,25,2000,20270005,20766416
"dgp1",5,6,91,25,2000,20270005,20766417
"dgp1",5,6,92,25,2000,20270005,20766418
"dgp1",5,6,93,25,2000,20270005,20766419
"dgp1",5,6,94,25,2000,20270005,20766420
"dgp1",5,6,95,25,2000,20270005,20766421
"dgp1",5,6,96,25,2000,20270005,20766422
"dgp1",5,6,97,25,2000,20270005,20766423
"dgp1",5,6,98,25,2000,20270005,20766424
"dgp1",5,6,99,25,2000,20270005,20766425
"dgp1",5,6,100,25,2000,20270005,20766426
"dgp1",6,1,1,30,100,20270006,20861327
"dgp1",6,1,2,30,100,20270006,20861328
"dgp1",6,1,3,30,100,20270006,20861329
"dgp1",6,1,4,30,100,20270006,20861330
"dgp1",6,1,5,30,100,20270006,20861331
"dgp1",6,1,6,30,100,20270006,20861332
"dgp1",6,1,7,30,100,20270006,20861333
"dgp1",6,1,8,30,100,20270006,20861334
"dgp1",6,1,9,30,100,20270006,20861335
"dgp1",6,1,10,30,100,20270006,20861336
"dgp1",6,1,11,30,100,20270006,20861337
"dgp1",6,1,12,30,100,20270006,20861338
"dgp1",6,1,13,30,100,20270006,20861339
"dgp1",6,1,14,30,100,20270006,20861340
"dgp1",6,1,15,30,100,20270006,20861341
"dgp1",6,1,16,30,100,20270006,20861342
"dgp1",6,1,17,30,100,20270006,20861343
"dgp1",6,1,18,30,100,20270006,20861344
"dgp1",6,1,19,30,100,20270006,20861345
"dgp1",6,1,20,30,100,20270006,20861346
"dgp1",6,1,21,30,100,20270006,20861347
"dgp1",6,1,22,30,100,20270006,20861348
"dgp1",6,1,23,30,100,20270006,20861349
"dgp1",6,1,24,30,100,20270006,20861350
"dgp1",6,1,25,30,100,20270006,20861351
"dgp1",6,1,26,30,100,20270006,20861352
"dgp1",6,1,27,30,100,20270006,20861353
"dgp1",6,1,28,30,100,20270006,20861354
"dgp1",6,1,29,30,100,20270006,20861355
"dgp1",6,1,30,30,100,20270006,20861356
"dgp1",6,1,31,30,100,20270006,20861357
"dgp1",6,1,32,30,100,20270006,20861358
"dgp1",6,1,33,30,100,20270006,20861359
"dgp1",6,1,34,30,100,20270006,20861360
"dgp1",6,1,35,30,100,20270006,20861361
"dgp1",6,1,36,30,100,20270006,20861362
"dgp1",6,1,37,30,100,20270006,20861363
"dgp1",6,1,38,30,100,20270006,20861364
"dgp1",6,1,39,30,100,20270006,20861365
"dgp1",6,1,40,30,100,20270006,20861366
"dgp1",6,1,41,30,100,20270006,20861367
"dgp1",6,1,42,30,100,20270006,20861368
"dgp1",6,1,43,30,100,20270006,20861369
"dgp1",6,1,44,30,100,20270006,20861370
"dgp1",6,1,45,30,100,20270006,20861371
"dgp1",6,1,46,30,100,20270006,20861372
"dgp1",6,1,47,30,100,20270006,20861373
"dgp1",6,1,48,30,100,20270006,20861374
"dgp1",6,1,49,30,100,20270006,20861375
"dgp1",6,1,50,30,100,20270006,20861376
"dgp1",6,1,51,30,100,20270006,20861377
"dgp1",6,1,52,30,100,20270006,20861378
"dgp1",6,1,53,30,100,20270006,20861379
"dgp1",6,1,54,30,100,20270006,20861380
"dgp1",6,1,55,30,100,20270006,20861381
"dgp1",6,1,56,30,100,20270006,20861382
"dgp1",6,1,57,30,100,20270006,20861383
"dgp1",6,1,58,30,100,20270006,20861384
"dgp1",6,1,59,30,100,20270006,20861385
"dgp1",6,1,60,30,100,20270006,20861386
"dgp1",6,1,61,30,100,20270006,20861387
"dgp1",6,1,62,30,100,20270006,20861388
"dgp1",6,1,63,30,100,20270006,20861389
"dgp1",6,1,64,30,100,20270006,20861390
"dgp1",6,1,65,30,100,20270006,20861391
"dgp1",6,1,66,30,100,20270006,20861392
"dgp1",6,1,67,30,100,20270006,20861393
"dgp1",6,1,68,30,100,20270006,20861394
"dgp1",6,1,69,30,100,20270006,20861395
"dgp1",6,1,70,30,100,20270006,20861396
"dgp1",6,1,71,30,100,20270006,20861397
"dgp1",6,1,72,30,100,20270006,20861398
"dgp1",6,1,73,30,100,20270006,20861399
"dgp1",6,1,74,30,100,20270006,20861400
"dgp1",6,1,75,30,100,20270006,20861401
"dgp1",6,1,76,30,100,20270006,20861402
"dgp1",6,1,77,30,100,20270006,20861403
"dgp1",6,1,78,30,100,20270006,20861404
"dgp1",6,1,79,30,100,20270006,20861405
"dgp1",6,1,80,30,100,20270006,20861406
"dgp1",6,1,81,30,100,20270006,20861407
"dgp1",6,1,82,30,100,20270006,20861408
"dgp1",6,1,83,30,100,20270006,20861409
"dgp1",6,1,84,30,100,20270006,20861410
"dgp1",6,1,85,30,100,20270006,20861411
"dgp1",6,1,86,30,100,20270006,20861412
"dgp1",6,1,87,30,100,20270006,20861413
"dgp1",6,1,88,30,100,20270006,20861414
"dgp1",6,1,89,30,100,20270006,20861415
"dgp1",6,1,90,30,100,20270006,20861416
"dgp1",6,1,91,30,100,20270006,20861417
"dgp1",6,1,92,30,100,20270006,20861418
"dgp1",6,1,93,30,100,20270006,20861419
"dgp1",6,1,94,30,100,20270006,20861420
"dgp1",6,1,95,30,100,20270006,20861421
"dgp1",6,1,96,30,100,20270006,20861422
"dgp1",6,1,97,30,100,20270006,20861423
"dgp1",6,1,98,30,100,20270006,20861424
"dgp1",6,1,99,30,100,20270006,20861425
"dgp1",6,1,100,30,100,20270006,20861426
"dgp1",6,2,1,30,200,20270006,20862327
"dgp1",6,2,2,30,200,20270006,20862328
"dgp1",6,2,3,30,200,20270006,20862329
"dgp1",6,2,4,30,200,20270006,20862330
"dgp1",6,2,5,30,200,20270006,20862331
"dgp1",6,2,6,30,200,20270006,20862332
"dgp1",6,2,7,30,200,20270006,20862333
"dgp1",6,2,8,30,200,20270006,20862334
"dgp1",6,2,9,30,200,20270006,20862335
"dgp1",6,2,10,30,200,20270006,20862336
"dgp1",6,2,11,30,200,20270006,20862337
"dgp1",6,2,12,30,200,20270006,20862338
"dgp1",6,2,13,30,200,20270006,20862339
"dgp1",6,2,14,30,200,20270006,20862340
"dgp1",6,2,15,30,200,20270006,20862341
"dgp1",6,2,16,30,200,20270006,20862342
"dgp1",6,2,17,30,200,20270006,20862343
"dgp1",6,2,18,30,200,20270006,20862344
"dgp1",6,2,19,30,200,20270006,20862345
"dgp1",6,2,20,30,200,20270006,20862346
"dgp1",6,2,21,30,200,20270006,20862347
"dgp1",6,2,22,30,200,20270006,20862348
"dgp1",6,2,23,30,200,20270006,20862349
"dgp1",6,2,24,30,200,20270006,20862350
"dgp1",6,2,25,30,200,20270006,20862351
"dgp1",6,2,26,30,200,20270006,20862352
"dgp1",6,2,27,30,200,20270006,20862353
"dgp1",6,2,28,30,200,20270006,20862354
"dgp1",6,2,29,30,200,20270006,20862355
"dgp1",6,2,30,30,200,20270006,20862356
"dgp1",6,2,31,30,200,20270006,20862357
"dgp1",6,2,32,30,200,20270006,20862358
"dgp1",6,2,33,30,200,20270006,20862359
"dgp1",6,2,34,30,200,20270006,20862360
"dgp1",6,2,35,30,200,20270006,20862361
"dgp1",6,2,36,30,200,20270006,20862362
"dgp1",6,2,37,30,200,20270006,20862363
"dgp1",6,2,38,30,200,20270006,20862364
"dgp1",6,2,39,30,200,20270006,20862365
"dgp1",6,2,40,30,200,20270006,20862366
"dgp1",6,2,41,30,200,20270006,20862367
"dgp1",6,2,42,30,200,20270006,20862368
"dgp1",6,2,43,30,200,20270006,20862369
"dgp1",6,2,44,30,200,20270006,20862370
"dgp1",6,2,45,30,200,20270006,20862371
"dgp1",6,2,46,30,200,20270006,20862372
"dgp1",6,2,47,30,200,20270006,20862373
"dgp1",6,2,48,30,200,20270006,20862374
"dgp1",6,2,49,30,200,20270006,20862375
"dgp1",6,2,50,30,200,20270006,20862376
"dgp1",6,2,51,30,200,20270006,20862377
"dgp1",6,2,52,30,200,20270006,20862378
"dgp1",6,2,53,30,200,20270006,20862379
"dgp1",6,2,54,30,200,20270006,20862380
"dgp1",6,2,55,30,200,20270006,20862381
"dgp1",6,2,56,30,200,20270006,20862382
"dgp1",6,2,57,30,200,20270006,20862383
"dgp1",6,2,58,30,200,20270006,20862384
"dgp1",6,2,59,30,200,20270006,20862385
"dgp1",6,2,60,30,200,20270006,20862386
"dgp1",6,2,61,30,200,20270006,20862387
"dgp1",6,2,62,30,200,20270006,20862388
"dgp1",6,2,63,30,200,20270006,20862389
"dgp1",6,2,64,30,200,20270006,20862390
"dgp1",6,2,65,30,200,20270006,20862391
"dgp1",6,2,66,30,200,20270006,20862392
"dgp1",6,2,67,30,200,20270006,20862393
"dgp1",6,2,68,30,200,20270006,20862394
"dgp1",6,2,69,30,200,20270006,20862395
"dgp1",6,2,70,30,200,20270006,20862396
"dgp1",6,2,71,30,200,20270006,20862397
"dgp1",6,2,72,30,200,20270006,20862398
"dgp1",6,2,73,30,200,20270006,20862399
"dgp1",6,2,74,30,200,20270006,20862400
"dgp1",6,2,75,30,200,20270006,20862401
"dgp1",6,2,76,30,200,20270006,20862402
"dgp1",6,2,77,30,200,20270006,20862403
"dgp1",6,2,78,30,200,20270006,20862404
"dgp1",6,2,79,30,200,20270006,20862405
"dgp1",6,2,80,30,200,20270006,20862406
"dgp1",6,2,81,30,200,20270006,20862407
"dgp1",6,2,82,30,200,20270006,20862408
"dgp1",6,2,83,30,200,20270006,20862409
"dgp1",6,2,84,30,200,20270006,20862410
"dgp1",6,2,85,30,200,20270006,20862411
"dgp1",6,2,86,30,200,20270006,20862412
"dgp1",6,2,87,30,200,20270006,20862413
"dgp1",6,2,88,30,200,20270006,20862414
"dgp1",6,2,89,30,200,20270006,20862415
"dgp1",6,2,90,30,200,20270006,20862416
"dgp1",6,2,91,30,200,20270006,20862417
"dgp1",6,2,92,30,200,20270006,20862418
"dgp1",6,2,93,30,200,20270006,20862419
"dgp1",6,2,94,30,200,20270006,20862420
"dgp1",6,2,95,30,200,20270006,20862421
"dgp1",6,2,96,30,200,20270006,20862422
"dgp1",6,2,97,30,200,20270006,20862423
"dgp1",6,2,98,30,200,20270006,20862424
"dgp1",6,2,99,30,200,20270006,20862425
"dgp1",6,2,100,30,200,20270006,20862426
"dgp1",6,3,1,30,300,20270006,20863327
"dgp1",6,3,2,30,300,20270006,20863328
"dgp1",6,3,3,30,300,20270006,20863329
"dgp1",6,3,4,30,300,20270006,20863330
"dgp1",6,3,5,30,300,20270006,20863331
"dgp1",6,3,6,30,300,20270006,20863332
"dgp1",6,3,7,30,300,20270006,20863333
"dgp1",6,3,8,30,300,20270006,20863334
"dgp1",6,3,9,30,300,20270006,20863335
"dgp1",6,3,10,30,300,20270006,20863336
"dgp1",6,3,11,30,300,20270006,20863337
"dgp1",6,3,12,30,300,20270006,20863338
"dgp1",6,3,13,30,300,20270006,20863339
"dgp1",6,3,14,30,300,20270006,20863340
"dgp1",6,3,15,30,300,20270006,20863341
"dgp1",6,3,16,30,300,20270006,20863342
"dgp1",6,3,17,30,300,20270006,20863343
"dgp1",6,3,18,30,300,20270006,20863344
"dgp1",6,3,19,30,300,20270006,20863345
"dgp1",6,3,20,30,300,20270006,20863346
"dgp1",6,3,21,30,300,20270006,20863347
"dgp1",6,3,22,30,300,20270006,20863348
"dgp1",6,3,23,30,300,20270006,20863349
"dgp1",6,3,24,30,300,20270006,20863350
"dgp1",6,3,25,30,300,20270006,20863351
"dgp1",6,3,26,30,300,20270006,20863352
"dgp1",6,3,27,30,300,20270006,20863353
"dgp1",6,3,28,30,300,20270006,20863354
"dgp1",6,3,29,30,300,20270006,20863355
"dgp1",6,3,30,30,300,20270006,20863356
"dgp1",6,3,31,30,300,20270006,20863357
"dgp1",6,3,32,30,300,20270006,20863358
"dgp1",6,3,33,30,300,20270006,20863359
"dgp1",6,3,34,30,300,20270006,20863360
"dgp1",6,3,35,30,300,20270006,20863361
"dgp1",6,3,36,30,300,20270006,20863362
"dgp1",6,3,37,30,300,20270006,20863363
"dgp1",6,3,38,30,300,20270006,20863364
"dgp1",6,3,39,30,300,20270006,20863365
"dgp1",6,3,40,30,300,20270006,20863366
"dgp1",6,3,41,30,300,20270006,20863367
"dgp1",6,3,42,30,300,20270006,20863368
"dgp1",6,3,43,30,300,20270006,20863369
"dgp1",6,3,44,30,300,20270006,20863370
"dgp1",6,3,45,30,300,20270006,20863371
"dgp1",6,3,46,30,300,20270006,20863372
"dgp1",6,3,47,30,300,20270006,20863373
"dgp1",6,3,48,30,300,20270006,20863374
"dgp1",6,3,49,30,300,20270006,20863375
"dgp1",6,3,50,30,300,20270006,20863376
"dgp1",6,3,51,30,300,20270006,20863377
"dgp1",6,3,52,30,300,20270006,20863378
"dgp1",6,3,53,30,300,20270006,20863379
"dgp1",6,3,54,30,300,20270006,20863380
"dgp1",6,3,55,30,300,20270006,20863381
"dgp1",6,3,56,30,300,20270006,20863382
"dgp1",6,3,57,30,300,20270006,20863383
"dgp1",6,3,58,30,300,20270006,20863384
"dgp1",6,3,59,30,300,20270006,20863385
"dgp1",6,3,60,30,300,20270006,20863386
"dgp1",6,3,61,30,300,20270006,20863387
"dgp1",6,3,62,30,300,20270006,20863388
"dgp1",6,3,63,30,300,20270006,20863389
"dgp1",6,3,64,30,300,20270006,20863390
"dgp1",6,3,65,30,300,20270006,20863391
"dgp1",6,3,66,30,300,20270006,20863392
"dgp1",6,3,67,30,300,20270006,20863393
"dgp1",6,3,68,30,300,20270006,20863394
"dgp1",6,3,69,30,300,20270006,20863395
"dgp1",6,3,70,30,300,20270006,20863396
"dgp1",6,3,71,30,300,20270006,20863397
"dgp1",6,3,72,30,300,20270006,20863398
"dgp1",6,3,73,30,300,20270006,20863399
"dgp1",6,3,74,30,300,20270006,20863400
"dgp1",6,3,75,30,300,20270006,20863401
"dgp1",6,3,76,30,300,20270006,20863402
"dgp1",6,3,77,30,300,20270006,20863403
"dgp1",6,3,78,30,300,20270006,20863404
"dgp1",6,3,79,30,300,20270006,20863405
"dgp1",6,3,80,30,300,20270006,20863406
"dgp1",6,3,81,30,300,20270006,20863407
"dgp1",6,3,82,30,300,20270006,20863408
"dgp1",6,3,83,30,300,20270006,20863409
"dgp1",6,3,84,30,300,20270006,20863410
"dgp1",6,3,85,30,300,20270006,20863411
"dgp1",6,3,86,30,300,20270006,20863412
"dgp1",6,3,87,30,300,20270006,20863413
"dgp1",6,3,88,30,300,20270006,20863414
"dgp1",6,3,89,30,300,20270006,20863415
"dgp1",6,3,90,30,300,20270006,20863416
"dgp1",6,3,91,30,300,20270006,20863417
"dgp1",6,3,92,30,300,20270006,20863418
"dgp1",6,3,93,30,300,20270006,20863419
"dgp1",6,3,94,30,300,20270006,20863420
"dgp1",6,3,95,30,300,20270006,20863421
"dgp1",6,3,96,30,300,20270006,20863422
"dgp1",6,3,97,30,300,20270006,20863423
"dgp1",6,3,98,30,300,20270006,20863424
"dgp1",6,3,99,30,300,20270006,20863425
"dgp1",6,3,100,30,300,20270006,20863426
"dgp1",6,4,1,30,500,20270006,20864327
"dgp1",6,4,2,30,500,20270006,20864328
"dgp1",6,4,3,30,500,20270006,20864329
"dgp1",6,4,4,30,500,20270006,20864330
"dgp1",6,4,5,30,500,20270006,20864331
"dgp1",6,4,6,30,500,20270006,20864332
"dgp1",6,4,7,30,500,20270006,20864333
"dgp1",6,4,8,30,500,20270006,20864334
"dgp1",6,4,9,30,500,20270006,20864335
"dgp1",6,4,10,30,500,20270006,20864336
"dgp1",6,4,11,30,500,20270006,20864337
"dgp1",6,4,12,30,500,20270006,20864338
"dgp1",6,4,13,30,500,20270006,20864339
"dgp1",6,4,14,30,500,20270006,20864340
"dgp1",6,4,15,30,500,20270006,20864341
"dgp1",6,4,16,30,500,20270006,20864342
"dgp1",6,4,17,30,500,20270006,20864343
"dgp1",6,4,18,30,500,20270006,20864344
"dgp1",6,4,19,30,500,20270006,20864345
"dgp1",6,4,20,30,500,20270006,20864346
"dgp1",6,4,21,30,500,20270006,20864347
"dgp1",6,4,22,30,500,20270006,20864348
"dgp1",6,4,23,30,500,20270006,20864349
"dgp1",6,4,24,30,500,20270006,20864350
"dgp1",6,4,25,30,500,20270006,20864351
"dgp1",6,4,26,30,500,20270006,20864352
"dgp1",6,4,27,30,500,20270006,20864353
"dgp1",6,4,28,30,500,20270006,20864354
"dgp1",6,4,29,30,500,20270006,20864355
"dgp1",6,4,30,30,500,20270006,20864356
"dgp1",6,4,31,30,500,20270006,20864357
"dgp1",6,4,32,30,500,20270006,20864358
"dgp1",6,4,33,30,500,20270006,20864359
"dgp1",6,4,34,30,500,20270006,20864360
"dgp1",6,4,35,30,500,20270006,20864361
"dgp1",6,4,36,30,500,20270006,20864362
"dgp1",6,4,37,30,500,20270006,20864363
"dgp1",6,4,38,30,500,20270006,20864364
"dgp1",6,4,39,30,500,20270006,20864365
"dgp1",6,4,40,30,500,20270006,20864366
"dgp1",6,4,41,30,500,20270006,20864367
"dgp1",6,4,42,30,500,20270006,20864368
"dgp1",6,4,43,30,500,20270006,20864369
"dgp1",6,4,44,30,500,20270006,20864370
"dgp1",6,4,45,30,500,20270006,20864371
"dgp1",6,4,46,30,500,20270006,20864372
"dgp1",6,4,47,30,500,20270006,20864373
"dgp1",6,4,48,30,500,20270006,20864374
"dgp1",6,4,49,30,500,20270006,20864375
"dgp1",6,4,50,30,500,20270006,20864376
"dgp1",6,4,51,30,500,20270006,20864377
"dgp1",6,4,52,30,500,20270006,20864378
"dgp1",6,4,53,30,500,20270006,20864379
"dgp1",6,4,54,30,500,20270006,20864380
"dgp1",6,4,55,30,500,20270006,20864381
"dgp1",6,4,56,30,500,20270006,20864382
"dgp1",6,4,57,30,500,20270006,20864383
"dgp1",6,4,58,30,500,20270006,20864384
"dgp1",6,4,59,30,500,20270006,20864385
"dgp1",6,4,60,30,500,20270006,20864386
"dgp1",6,4,61,30,500,20270006,20864387
"dgp1",6,4,62,30,500,20270006,20864388
"dgp1",6,4,63,30,500,20270006,20864389
"dgp1",6,4,64,30,500,20270006,20864390
"dgp1",6,4,65,30,500,20270006,20864391
"dgp1",6,4,66,30,500,20270006,20864392
"dgp1",6,4,67,30,500,20270006,20864393
"dgp1",6,4,68,30,500,20270006,20864394
"dgp1",6,4,69,30,500,20270006,20864395
"dgp1",6,4,70,30,500,20270006,20864396
"dgp1",6,4,71,30,500,20270006,20864397
"dgp1",6,4,72,30,500,20270006,20864398
"dgp1",6,4,73,30,500,20270006,20864399
"dgp1",6,4,74,30,500,20270006,20864400
"dgp1",6,4,75,30,500,20270006,20864401
"dgp1",6,4,76,30,500,20270006,20864402
"dgp1",6,4,77,30,500,20270006,20864403
"dgp1",6,4,78,30,500,20270006,20864404
"dgp1",6,4,79,30,500,20270006,20864405
"dgp1",6,4,80,30,500,20270006,20864406
"dgp1",6,4,81,30,500,20270006,20864407
"dgp1",6,4,82,30,500,20270006,20864408
"dgp1",6,4,83,30,500,20270006,20864409
"dgp1",6,4,84,30,500,20270006,20864410
"dgp1",6,4,85,30,500,20270006,20864411
"dgp1",6,4,86,30,500,20270006,20864412
"dgp1",6,4,87,30,500,20270006,20864413
"dgp1",6,4,88,30,500,20270006,20864414
"dgp1",6,4,89,30,500,20270006,20864415
"dgp1",6,4,90,30,500,20270006,20864416
"dgp1",6,4,91,30,500,20270006,20864417
"dgp1",6,4,92,30,500,20270006,20864418
"dgp1",6,4,93,30,500,20270006,20864419
"dgp1",6,4,94,30,500,20270006,20864420
"dgp1",6,4,95,30,500,20270006,20864421
"dgp1",6,4,96,30,500,20270006,20864422
"dgp1",6,4,97,30,500,20270006,20864423
"dgp1",6,4,98,30,500,20270006,20864424
"dgp1",6,4,99,30,500,20270006,20864425
"dgp1",6,4,100,30,500,20270006,20864426
"dgp1",6,5,1,30,1000,20270006,20865327
"dgp1",6,5,2,30,1000,20270006,20865328
"dgp1",6,5,3,30,1000,20270006,20865329
"dgp1",6,5,4,30,1000,20270006,20865330
"dgp1",6,5,5,30,1000,20270006,20865331
"dgp1",6,5,6,30,1000,20270006,20865332
"dgp1",6,5,7,30,1000,20270006,20865333
"dgp1",6,5,8,30,1000,20270006,20865334
"dgp1",6,5,9,30,1000,20270006,20865335
"dgp1",6,5,10,30,1000,20270006,20865336
"dgp1",6,5,11,30,1000,20270006,20865337
"dgp1",6,5,12,30,1000,20270006,20865338
"dgp1",6,5,13,30,1000,20270006,20865339
"dgp1",6,5,14,30,1000,20270006,20865340
"dgp1",6,5,15,30,1000,20270006,20865341
"dgp1",6,5,16,30,1000,20270006,20865342
"dgp1",6,5,17,30,1000,20270006,20865343
"dgp1",6,5,18,30,1000,20270006,20865344
"dgp1",6,5,19,30,1000,20270006,20865345
"dgp1",6,5,20,30,1000,20270006,20865346
"dgp1",6,5,21,30,1000,20270006,20865347
"dgp1",6,5,22,30,1000,20270006,20865348
"dgp1",6,5,23,30,1000,20270006,20865349
"dgp1",6,5,24,30,1000,20270006,20865350
"dgp1",6,5,25,30,1000,20270006,20865351
"dgp1",6,5,26,30,1000,20270006,20865352
"dgp1",6,5,27,30,1000,20270006,20865353
"dgp1",6,5,28,30,1000,20270006,20865354
"dgp1",6,5,29,30,1000,20270006,20865355
"dgp1",6,5,30,30,1000,20270006,20865356
"dgp1",6,5,31,30,1000,20270006,20865357
"dgp1",6,5,32,30,1000,20270006,20865358
"dgp1",6,5,33,30,1000,20270006,20865359
"dgp1",6,5,34,30,1000,20270006,20865360
"dgp1",6,5,35,30,1000,20270006,20865361
"dgp1",6,5,36,30,1000,20270006,20865362
"dgp1",6,5,37,30,1000,20270006,20865363
"dgp1",6,5,38,30,1000,20270006,20865364
"dgp1",6,5,39,30,1000,20270006,20865365
"dgp1",6,5,40,30,1000,20270006,20865366
"dgp1",6,5,41,30,1000,20270006,20865367
"dgp1",6,5,42,30,1000,20270006,20865368
"dgp1",6,5,43,30,1000,20270006,20865369
"dgp1",6,5,44,30,1000,20270006,20865370
"dgp1",6,5,45,30,1000,20270006,20865371
"dgp1",6,5,46,30,1000,20270006,20865372
"dgp1",6,5,47,30,1000,20270006,20865373
"dgp1",6,5,48,30,1000,20270006,20865374
"dgp1",6,5,49,30,1000,20270006,20865375
"dgp1",6,5,50,30,1000,20270006,20865376
"dgp1",6,5,51,30,1000,20270006,20865377
"dgp1",6,5,52,30,1000,20270006,20865378
"dgp1",6,5,53,30,1000,20270006,20865379
"dgp1",6,5,54,30,1000,20270006,20865380
"dgp1",6,5,55,30,1000,20270006,20865381
"dgp1",6,5,56,30,1000,20270006,20865382
"dgp1",6,5,57,30,1000,20270006,20865383
"dgp1",6,5,58,30,1000,20270006,20865384
"dgp1",6,5,59,30,1000,20270006,20865385
"dgp1",6,5,60,30,1000,20270006,20865386
"dgp1",6,5,61,30,1000,20270006,20865387
"dgp1",6,5,62,30,1000,20270006,20865388
"dgp1",6,5,63,30,1000,20270006,20865389
"dgp1",6,5,64,30,1000,20270006,20865390
"dgp1",6,5,65,30,1000,20270006,20865391
"dgp1",6,5,66,30,1000,20270006,20865392
"dgp1",6,5,67,30,1000,20270006,20865393
"dgp1",6,5,68,30,1000,20270006,20865394
"dgp1",6,5,69,30,1000,20270006,20865395
"dgp1",6,5,70,30,1000,20270006,20865396
"dgp1",6,5,71,30,1000,20270006,20865397
"dgp1",6,5,72,30,1000,20270006,20865398
"dgp1",6,5,73,30,1000,20270006,20865399
"dgp1",6,5,74,30,1000,20270006,20865400
"dgp1",6,5,75,30,1000,20270006,20865401
"dgp1",6,5,76,30,1000,20270006,20865402
"dgp1",6,5,77,30,1000,20270006,20865403
"dgp1",6,5,78,30,1000,20270006,20865404
"dgp1",6,5,79,30,1000,20270006,20865405
"dgp1",6,5,80,30,1000,20270006,20865406
"dgp1",6,5,81,30,1000,20270006,20865407
"dgp1",6,5,82,30,1000,20270006,20865408
"dgp1",6,5,83,30,1000,20270006,20865409
"dgp1",6,5,84,30,1000,20270006,20865410
"dgp1",6,5,85,30,1000,20270006,20865411
"dgp1",6,5,86,30,1000,20270006,20865412
"dgp1",6,5,87,30,1000,20270006,20865413
"dgp1",6,5,88,30,1000,20270006,20865414
"dgp1",6,5,89,30,1000,20270006,20865415
"dgp1",6,5,90,30,1000,20270006,20865416
"dgp1",6,5,91,30,1000,20270006,20865417
"dgp1",6,5,92,30,1000,20270006,20865418
"dgp1",6,5,93,30,1000,20270006,20865419
"dgp1",6,5,94,30,1000,20270006,20865420
"dgp1",6,5,95,30,1000,20270006,20865421
"dgp1",6,5,96,30,1000,20270006,20865422
"dgp1",6,5,97,30,1000,20270006,20865423
"dgp1",6,5,98,30,1000,20270006,20865424
"dgp1",6,5,99,30,1000,20270006,20865425
"dgp1",6,5,100,30,1000,20270006,20865426
"dgp1",6,6,1,30,2000,20270006,20866327
"dgp1",6,6,2,30,2000,20270006,20866328
"dgp1",6,6,3,30,2000,20270006,20866329
"dgp1",6,6,4,30,2000,20270006,20866330
"dgp1",6,6,5,30,2000,20270006,20866331
"dgp1",6,6,6,30,2000,20270006,20866332
"dgp1",6,6,7,30,2000,20270006,20866333
"dgp1",6,6,8,30,2000,20270006,20866334
"dgp1",6,6,9,30,2000,20270006,20866335
"dgp1",6,6,10,30,2000,20270006,20866336
"dgp1",6,6,11,30,2000,20270006,20866337
"dgp1",6,6,12,30,2000,20270006,20866338
"dgp1",6,6,13,30,2000,20270006,20866339
"dgp1",6,6,14,30,2000,20270006,20866340
"dgp1",6,6,15,30,2000,20270006,20866341
"dgp1",6,6,16,30,2000,20270006,20866342
"dgp1",6,6,17,30,2000,20270006,20866343
"dgp1",6,6,18,30,2000,20270006,20866344
"dgp1",6,6,19,30,2000,20270006,20866345
"dgp1",6,6,20,30,2000,20270006,20866346
"dgp1",6,6,21,30,2000,20270006,20866347
"dgp1",6,6,22,30,2000,20270006,20866348
"dgp1",6,6,23,30,2000,20270006,20866349
"dgp1",6,6,24,30,2000,20270006,20866350
"dgp1",6,6,25,30,2000,20270006,20866351
"dgp1",6,6,26,30,2000,20270006,20866352
"dgp1",6,6,27,30,2000,20270006,20866353
"dgp1",6,6,28,30,2000,20270006,20866354
"dgp1",6,6,29,30,2000,20270006,20866355
"dgp1",6,6,30,30,2000,20270006,20866356
"dgp1",6,6,31,30,2000,20270006,20866357
"dgp1",6,6,32,30,2000,20270006,20866358
"dgp1",6,6,33,30,2000,20270006,20866359
"dgp1",6,6,34,30,2000,20270006,20866360
"dgp1",6,6,35,30,2000,20270006,20866361
"dgp1",6,6,36,30,2000,20270006,20866362
"dgp1",6,6,37,30,2000,20270006,20866363
"dgp1",6,6,38,30,2000,20270006,20866364
"dgp1",6,6,39,30,2000,20270006,20866365
"dgp1",6,6,40,30,2000,20270006,20866366
"dgp1",6,6,41,30,2000,20270006,20866367
"dgp1",6,6,42,30,2000,20270006,20866368
"dgp1",6,6,43,30,2000,20270006,20866369
"dgp1",6,6,44,30,2000,20270006,20866370
"dgp1",6,6,45,30,2000,20270006,20866371
"dgp1",6,6,46,30,2000,20270006,20866372
"dgp1",6,6,47,30,2000,20270006,20866373
"dgp1",6,6,48,30,2000,20270006,20866374
"dgp1",6,6,49,30,2000,20270006,20866375
"dgp1",6,6,50,30,2000,20270006,20866376
"dgp1",6,6,51,30,2000,20270006,20866377
"dgp1",6,6,52,30,2000,20270006,20866378
"dgp1",6,6,53,30,2000,20270006,20866379
"dgp1",6,6,54,30,2000,20270006,20866380
"dgp1",6,6,55,30,2000,20270006,20866381
"dgp1",6,6,56,30,2000,20270006,20866382
"dgp1",6,6,57,30,2000,20270006,20866383
"dgp1",6,6,58,30,2000,20270006,20866384
"dgp1",6,6,59,30,2000,20270006,20866385
"dgp1",6,6,60,30,2000,20270006,20866386
"dgp1",6,6,61,30,2000,20270006,20866387
"dgp1",6,6,62,30,2000,20270006,20866388
"dgp1",6,6,63,30,2000,20270006,20866389
"dgp1",6,6,64,30,2000,20270006,20866390
"dgp1",6,6,65,30,2000,20270006,20866391
"dgp1",6,6,66,30,2000,20270006,20866392
"dgp1",6,6,67,30,2000,20270006,20866393
"dgp1",6,6,68,30,2000,20270006,20866394
"dgp1",6,6,69,30,2000,20270006,20866395
"dgp1",6,6,70,30,2000,20270006,20866396
"dgp1",6,6,71,30,2000,20270006,20866397
"dgp1",6,6,72,30,2000,20270006,20866398
"dgp1",6,6,73,30,2000,20270006,20866399
"dgp1",6,6,74,30,2000,20270006,20866400
"dgp1",6,6,75,30,2000,20270006,20866401
"dgp1",6,6,76,30,2000,20270006,20866402
"dgp1",6,6,77,30,2000,20270006,20866403
"dgp1",6,6,78,30,2000,20270006,20866404
"dgp1",6,6,79,30,2000,20270006,20866405
"dgp1",6,6,80,30,2000,20270006,20866406
"dgp1",6,6,81,30,2000,20270006,20866407
"dgp1",6,6,82,30,2000,20270006,20866408
"dgp1",6,6,83,30,2000,20270006,20866409
"dgp1",6,6,84,30,2000,20270006,20866410
"dgp1",6,6,85,30,2000,20270006,20866411
"dgp1",6,6,86,30,2000,20270006,20866412
"dgp1",6,6,87,30,2000,20270006,20866413
"dgp1",6,6,88,30,2000,20270006,20866414
"dgp1",6,6,89,30,2000,20270006,20866415
"dgp1",6,6,90,30,2000,20270006,20866416
"dgp1",6,6,91,30,2000,20270006,20866417
"dgp1",6,6,92,30,2000,20270006,20866418
"dgp1",6,6,93,30,2000,20270006,20866419
"dgp1",6,6,94,30,2000,20270006,20866420
"dgp1",6,6,95,30,2000,20270006,20866421
"dgp1",6,6,96,30,2000,20270006,20866422
"dgp1",6,6,97,30,2000,20270006,20866423
"dgp1",6,6,98,30,2000,20270006,20866424
"dgp1",6,6,99,30,2000,20270006,20866425
"dgp1",6,6,100,30,2000,20270006,20866426
"dgp2",1,1,1,5,100,20271001,21361327
"dgp2",1,1,2,5,100,20271001,21361328
"dgp2",1,1,3,5,100,20271001,21361329
"dgp2",1,1,4,5,100,20271001,21361330
"dgp2",1,1,5,5,100,20271001,21361331
"dgp2",1,1,6,5,100,20271001,21361332
"dgp2",1,1,7,5,100,20271001,21361333
"dgp2",1,1,8,5,100,20271001,21361334
"dgp2",1,1,9,5,100,20271001,21361335
"dgp2",1,1,10,5,100,20271001,21361336
"dgp2",1,1,11,5,100,20271001,21361337
"dgp2",1,1,12,5,100,20271001,21361338
"dgp2",1,1,13,5,100,20271001,21361339
"dgp2",1,1,14,5,100,20271001,21361340
"dgp2",1,1,15,5,100,20271001,21361341
"dgp2",1,1,16,5,100,20271001,21361342
"dgp2",1,1,17,5,100,20271001,21361343
"dgp2",1,1,18,5,100,20271001,21361344
"dgp2",1,1,19,5,100,20271001,21361345
"dgp2",1,1,20,5,100,20271001,21361346
"dgp2",1,1,21,5,100,20271001,21361347
"dgp2",1,1,22,5,100,20271001,21361348
"dgp2",1,1,23,5,100,20271001,21361349
"dgp2",1,1,24,5,100,20271001,21361350
"dgp2",1,1,25,5,100,20271001,21361351
"dgp2",1,1,26,5,100,20271001,21361352
"dgp2",1,1,27,5,100,20271001,21361353
"dgp2",1,1,28,5,100,20271001,21361354
"dgp2",1,1,29,5,100,20271001,21361355
"dgp2",1,1,30,5,100,20271001,21361356
"dgp2",1,1,31,5,100,20271001,21361357
"dgp2",1,1,32,5,100,20271001,21361358
"dgp2",1,1,33,5,100,20271001,21361359
"dgp2",1,1,34,5,100,20271001,21361360
"dgp2",1,1,35,5,100,20271001,21361361
"dgp2",1,1,36,5,100,20271001,21361362
"dgp2",1,1,37,5,100,20271001,21361363
"dgp2",1,1,38,5,100,20271001,21361364
"dgp2",1,1,39,5,100,20271001,21361365
"dgp2",1,1,40,5,100,20271001,21361366
"dgp2",1,1,41,5,100,20271001,21361367
"dgp2",1,1,42,5,100,20271001,21361368
"dgp2",1,1,43,5,100,20271001,21361369
"dgp2",1,1,44,5,100,20271001,21361370
"dgp2",1,1,45,5,100,20271001,21361371
"dgp2",1,1,46,5,100,20271001,21361372
"dgp2",1,1,47,5,100,20271001,21361373
"dgp2",1,1,48,5,100,20271001,21361374
"dgp2",1,1,49,5,100,20271001,21361375
"dgp2",1,1,50,5,100,20271001,21361376
"dgp2",1,1,51,5,100,20271001,21361377
"dgp2",1,1,52,5,100,20271001,21361378
"dgp2",1,1,53,5,100,20271001,21361379
"dgp2",1,1,54,5,100,20271001,21361380
"dgp2",1,1,55,5,100,20271001,21361381
"dgp2",1,1,56,5,100,20271001,21361382
"dgp2",1,1,57,5,100,20271001,21361383
"dgp2",1,1,58,5,100,20271001,21361384
"dgp2",1,1,59,5,100,20271001,21361385
"dgp2",1,1,60,5,100,20271001,21361386
"dgp2",1,1,61,5,100,20271001,21361387
"dgp2",1,1,62,5,100,20271001,21361388
"dgp2",1,1,63,5,100,20271001,21361389
"dgp2",1,1,64,5,100,20271001,21361390
"dgp2",1,1,65,5,100,20271001,21361391
"dgp2",1,1,66,5,100,20271001,21361392
"dgp2",1,1,67,5,100,20271001,21361393
"dgp2",1,1,68,5,100,20271001,21361394
"dgp2",1,1,69,5,100,20271001,21361395
"dgp2",1,1,70,5,100,20271001,21361396
"dgp2",1,1,71,5,100,20271001,21361397
"dgp2",1,1,72,5,100,20271001,21361398
"dgp2",1,1,73,5,100,20271001,21361399
"dgp2",1,1,74,5,100,20271001,21361400
"dgp2",1,1,75,5,100,20271001,21361401
"dgp2",1,1,76,5,100,20271001,21361402
"dgp2",1,1,77,5,100,20271001,21361403
"dgp2",1,1,78,5,100,20271001,21361404
"dgp2",1,1,79,5,100,20271001,21361405
"dgp2",1,1,80,5,100,20271001,21361406
"dgp2",1,1,81,5,100,20271001,21361407
"dgp2",1,1,82,5,100,20271001,21361408
"dgp2",1,1,83,5,100,20271001,21361409
"dgp2",1,1,84,5,100,20271001,21361410
"dgp2",1,1,85,5,100,20271001,21361411
"dgp2",1,1,86,5,100,20271001,21361412
"dgp2",1,1,87,5,100,20271001,21361413
"dgp2",1,1,88,5,100,20271001,21361414
"dgp2",1,1,89,5,100,20271001,21361415
"dgp2",1,1,90,5,100,20271001,21361416
"dgp2",1,1,91,5,100,20271001,21361417
"dgp2",1,1,92,5,100,20271001,21361418
"dgp2",1,1,93,5,100,20271001,21361419
"dgp2",1,1,94,5,100,20271001,21361420
"dgp2",1,1,95,5,100,20271001,21361421
"dgp2",1,1,96,5,100,20271001,21361422
"dgp2",1,1,97,5,100,20271001,21361423
"dgp2",1,1,98,5,100,20271001,21361424
"dgp2",1,1,99,5,100,20271001,21361425
"dgp2",1,1,100,5,100,20271001,21361426
"dgp2",1,2,1,5,200,20271001,21362327
"dgp2",1,2,2,5,200,20271001,21362328
"dgp2",1,2,3,5,200,20271001,21362329
"dgp2",1,2,4,5,200,20271001,21362330
"dgp2",1,2,5,5,200,20271001,21362331
"dgp2",1,2,6,5,200,20271001,21362332
"dgp2",1,2,7,5,200,20271001,21362333
"dgp2",1,2,8,5,200,20271001,21362334
"dgp2",1,2,9,5,200,20271001,21362335
"dgp2",1,2,10,5,200,20271001,21362336
"dgp2",1,2,11,5,200,20271001,21362337
"dgp2",1,2,12,5,200,20271001,21362338
"dgp2",1,2,13,5,200,20271001,21362339
"dgp2",1,2,14,5,200,20271001,21362340
"dgp2",1,2,15,5,200,20271001,21362341
"dgp2",1,2,16,5,200,20271001,21362342
"dgp2",1,2,17,5,200,20271001,21362343
"dgp2",1,2,18,5,200,20271001,21362344
"dgp2",1,2,19,5,200,20271001,21362345
"dgp2",1,2,20,5,200,20271001,21362346
"dgp2",1,2,21,5,200,20271001,21362347
"dgp2",1,2,22,5,200,20271001,21362348
"dgp2",1,2,23,5,200,20271001,21362349
"dgp2",1,2,24,5,200,20271001,21362350
"dgp2",1,2,25,5,200,20271001,21362351
"dgp2",1,2,26,5,200,20271001,21362352
"dgp2",1,2,27,5,200,20271001,21362353
"dgp2",1,2,28,5,200,20271001,21362354
"dgp2",1,2,29,5,200,20271001,21362355
"dgp2",1,2,30,5,200,20271001,21362356
"dgp2",1,2,31,5,200,20271001,21362357
"dgp2",1,2,32,5,200,20271001,21362358
"dgp2",1,2,33,5,200,20271001,21362359
"dgp2",1,2,34,5,200,20271001,21362360
"dgp2",1,2,35,5,200,20271001,21362361
"dgp2",1,2,36,5,200,20271001,21362362
"dgp2",1,2,37,5,200,20271001,21362363
"dgp2",1,2,38,5,200,20271001,21362364
"dgp2",1,2,39,5,200,20271001,21362365
"dgp2",1,2,40,5,200,20271001,21362366
"dgp2",1,2,41,5,200,20271001,21362367
"dgp2",1,2,42,5,200,20271001,21362368
"dgp2",1,2,43,5,200,20271001,21362369
"dgp2",1,2,44,5,200,20271001,21362370
"dgp2",1,2,45,5,200,20271001,21362371
"dgp2",1,2,46,5,200,20271001,21362372
"dgp2",1,2,47,5,200,20271001,21362373
"dgp2",1,2,48,5,200,20271001,21362374
"dgp2",1,2,49,5,200,20271001,21362375
"dgp2",1,2,50,5,200,20271001,21362376
"dgp2",1,2,51,5,200,20271001,21362377
"dgp2",1,2,52,5,200,20271001,21362378
"dgp2",1,2,53,5,200,20271001,21362379
"dgp2",1,2,54,5,200,20271001,21362380
"dgp2",1,2,55,5,200,20271001,21362381
"dgp2",1,2,56,5,200,20271001,21362382
"dgp2",1,2,57,5,200,20271001,21362383
"dgp2",1,2,58,5,200,20271001,21362384
"dgp2",1,2,59,5,200,20271001,21362385
"dgp2",1,2,60,5,200,20271001,21362386
"dgp2",1,2,61,5,200,20271001,21362387
"dgp2",1,2,62,5,200,20271001,21362388
"dgp2",1,2,63,5,200,20271001,21362389
"dgp2",1,2,64,5,200,20271001,21362390
"dgp2",1,2,65,5,200,20271001,21362391
"dgp2",1,2,66,5,200,20271001,21362392
"dgp2",1,2,67,5,200,20271001,21362393
"dgp2",1,2,68,5,200,20271001,21362394
"dgp2",1,2,69,5,200,20271001,21362395
"dgp2",1,2,70,5,200,20271001,21362396
"dgp2",1,2,71,5,200,20271001,21362397
"dgp2",1,2,72,5,200,20271001,21362398
"dgp2",1,2,73,5,200,20271001,21362399
"dgp2",1,2,74,5,200,20271001,21362400
"dgp2",1,2,75,5,200,20271001,21362401
"dgp2",1,2,76,5,200,20271001,21362402
"dgp2",1,2,77,5,200,20271001,21362403
"dgp2",1,2,78,5,200,20271001,21362404
"dgp2",1,2,79,5,200,20271001,21362405
"dgp2",1,2,80,5,200,20271001,21362406
"dgp2",1,2,81,5,200,20271001,21362407
"dgp2",1,2,82,5,200,20271001,21362408
"dgp2",1,2,83,5,200,20271001,21362409
"dgp2",1,2,84,5,200,20271001,21362410
"dgp2",1,2,85,5,200,20271001,21362411
"dgp2",1,2,86,5,200,20271001,21362412
"dgp2",1,2,87,5,200,20271001,21362413
"dgp2",1,2,88,5,200,20271001,21362414
"dgp2",1,2,89,5,200,20271001,21362415
"dgp2",1,2,90,5,200,20271001,21362416
"dgp2",1,2,91,5,200,20271001,21362417
"dgp2",1,2,92,5,200,20271001,21362418
"dgp2",1,2,93,5,200,20271001,21362419
"dgp2",1,2,94,5,200,20271001,21362420
"dgp2",1,2,95,5,200,20271001,21362421
"dgp2",1,2,96,5,200,20271001,21362422
"dgp2",1,2,97,5,200,20271001,21362423
"dgp2",1,2,98,5,200,20271001,21362424
"dgp2",1,2,99,5,200,20271001,21362425
"dgp2",1,2,100,5,200,20271001,21362426
"dgp2",1,3,1,5,300,20271001,21363327
"dgp2",1,3,2,5,300,20271001,21363328
"dgp2",1,3,3,5,300,20271001,21363329
"dgp2",1,3,4,5,300,20271001,21363330
"dgp2",1,3,5,5,300,20271001,21363331
"dgp2",1,3,6,5,300,20271001,21363332
"dgp2",1,3,7,5,300,20271001,21363333
"dgp2",1,3,8,5,300,20271001,21363334
"dgp2",1,3,9,5,300,20271001,21363335
"dgp2",1,3,10,5,300,20271001,21363336
"dgp2",1,3,11,5,300,20271001,21363337
"dgp2",1,3,12,5,300,20271001,21363338
"dgp2",1,3,13,5,300,20271001,21363339
"dgp2",1,3,14,5,300,20271001,21363340
"dgp2",1,3,15,5,300,20271001,21363341
"dgp2",1,3,16,5,300,20271001,21363342
"dgp2",1,3,17,5,300,20271001,21363343
"dgp2",1,3,18,5,300,20271001,21363344
"dgp2",1,3,19,5,300,20271001,21363345
"dgp2",1,3,20,5,300,20271001,21363346
"dgp2",1,3,21,5,300,20271001,21363347
"dgp2",1,3,22,5,300,20271001,21363348
"dgp2",1,3,23,5,300,20271001,21363349
"dgp2",1,3,24,5,300,20271001,21363350
"dgp2",1,3,25,5,300,20271001,21363351
"dgp2",1,3,26,5,300,20271001,21363352
"dgp2",1,3,27,5,300,20271001,21363353
"dgp2",1,3,28,5,300,20271001,21363354
"dgp2",1,3,29,5,300,20271001,21363355
"dgp2",1,3,30,5,300,20271001,21363356
"dgp2",1,3,31,5,300,20271001,21363357
"dgp2",1,3,32,5,300,20271001,21363358
"dgp2",1,3,33,5,300,20271001,21363359
"dgp2",1,3,34,5,300,20271001,21363360
"dgp2",1,3,35,5,300,20271001,21363361
"dgp2",1,3,36,5,300,20271001,21363362
"dgp2",1,3,37,5,300,20271001,21363363
"dgp2",1,3,38,5,300,20271001,21363364
"dgp2",1,3,39,5,300,20271001,21363365
"dgp2",1,3,40,5,300,20271001,21363366
"dgp2",1,3,41,5,300,20271001,21363367
"dgp2",1,3,42,5,300,20271001,21363368
"dgp2",1,3,43,5,300,20271001,21363369
"dgp2",1,3,44,5,300,20271001,21363370
"dgp2",1,3,45,5,300,20271001,21363371
"dgp2",1,3,46,5,300,20271001,21363372
"dgp2",1,3,47,5,300,20271001,21363373
"dgp2",1,3,48,5,300,20271001,21363374
"dgp2",1,3,49,5,300,20271001,21363375
"dgp2",1,3,50,5,300,20271001,21363376
"dgp2",1,3,51,5,300,20271001,21363377
"dgp2",1,3,52,5,300,20271001,21363378
"dgp2",1,3,53,5,300,20271001,21363379
"dgp2",1,3,54,5,300,20271001,21363380
"dgp2",1,3,55,5,300,20271001,21363381
"dgp2",1,3,56,5,300,20271001,21363382
"dgp2",1,3,57,5,300,20271001,21363383
"dgp2",1,3,58,5,300,20271001,21363384
"dgp2",1,3,59,5,300,20271001,21363385
"dgp2",1,3,60,5,300,20271001,21363386
"dgp2",1,3,61,5,300,20271001,21363387
"dgp2",1,3,62,5,300,20271001,21363388
"dgp2",1,3,63,5,300,20271001,21363389
"dgp2",1,3,64,5,300,20271001,21363390
"dgp2",1,3,65,5,300,20271001,21363391
"dgp2",1,3,66,5,300,20271001,21363392
"dgp2",1,3,67,5,300,20271001,21363393
"dgp2",1,3,68,5,300,20271001,21363394
"dgp2",1,3,69,5,300,20271001,21363395
"dgp2",1,3,70,5,300,20271001,21363396
"dgp2",1,3,71,5,300,20271001,21363397
"dgp2",1,3,72,5,300,20271001,21363398
"dgp2",1,3,73,5,300,20271001,21363399
"dgp2",1,3,74,5,300,20271001,21363400
"dgp2",1,3,75,5,300,20271001,21363401
"dgp2",1,3,76,5,300,20271001,21363402
"dgp2",1,3,77,5,300,20271001,21363403
"dgp2",1,3,78,5,300,20271001,21363404
"dgp2",1,3,79,5,300,20271001,21363405
"dgp2",1,3,80,5,300,20271001,21363406
"dgp2",1,3,81,5,300,20271001,21363407
"dgp2",1,3,82,5,300,20271001,21363408
"dgp2",1,3,83,5,300,20271001,21363409
"dgp2",1,3,84,5,300,20271001,21363410
"dgp2",1,3,85,5,300,20271001,21363411
"dgp2",1,3,86,5,300,20271001,21363412
"dgp2",1,3,87,5,300,20271001,21363413
"dgp2",1,3,88,5,300,20271001,21363414
"dgp2",1,3,89,5,300,20271001,21363415
"dgp2",1,3,90,5,300,20271001,21363416
"dgp2",1,3,91,5,300,20271001,21363417
"dgp2",1,3,92,5,300,20271001,21363418
"dgp2",1,3,93,5,300,20271001,21363419
"dgp2",1,3,94,5,300,20271001,21363420
"dgp2",1,3,95,5,300,20271001,21363421
"dgp2",1,3,96,5,300,20271001,21363422
"dgp2",1,3,97,5,300,20271001,21363423
"dgp2",1,3,98,5,300,20271001,21363424
"dgp2",1,3,99,5,300,20271001,21363425
"dgp2",1,3,100,5,300,20271001,21363426
"dgp2",1,4,1,5,500,20271001,21364327
"dgp2",1,4,2,5,500,20271001,21364328
"dgp2",1,4,3,5,500,20271001,21364329
"dgp2",1,4,4,5,500,20271001,21364330
"dgp2",1,4,5,5,500,20271001,21364331
"dgp2",1,4,6,5,500,20271001,21364332
"dgp2",1,4,7,5,500,20271001,21364333
"dgp2",1,4,8,5,500,20271001,21364334
"dgp2",1,4,9,5,500,20271001,21364335
"dgp2",1,4,10,5,500,20271001,21364336
"dgp2",1,4,11,5,500,20271001,21364337
"dgp2",1,4,12,5,500,20271001,21364338
"dgp2",1,4,13,5,500,20271001,21364339
"dgp2",1,4,14,5,500,20271001,21364340
"dgp2",1,4,15,5,500,20271001,21364341
"dgp2",1,4,16,5,500,20271001,21364342
"dgp2",1,4,17,5,500,20271001,21364343
"dgp2",1,4,18,5,500,20271001,21364344
"dgp2",1,4,19,5,500,20271001,21364345
"dgp2",1,4,20,5,500,20271001,21364346
"dgp2",1,4,21,5,500,20271001,21364347
"dgp2",1,4,22,5,500,20271001,21364348
"dgp2",1,4,23,5,500,20271001,21364349
"dgp2",1,4,24,5,500,20271001,21364350
"dgp2",1,4,25,5,500,20271001,21364351
"dgp2",1,4,26,5,500,20271001,21364352
"dgp2",1,4,27,5,500,20271001,21364353
"dgp2",1,4,28,5,500,20271001,21364354
"dgp2",1,4,29,5,500,20271001,21364355
"dgp2",1,4,30,5,500,20271001,21364356
"dgp2",1,4,31,5,500,20271001,21364357
"dgp2",1,4,32,5,500,20271001,21364358
"dgp2",1,4,33,5,500,20271001,21364359
"dgp2",1,4,34,5,500,20271001,21364360
"dgp2",1,4,35,5,500,20271001,21364361
"dgp2",1,4,36,5,500,20271001,21364362
"dgp2",1,4,37,5,500,20271001,21364363
"dgp2",1,4,38,5,500,20271001,21364364
"dgp2",1,4,39,5,500,20271001,21364365
"dgp2",1,4,40,5,500,20271001,21364366
"dgp2",1,4,41,5,500,20271001,21364367
"dgp2",1,4,42,5,500,20271001,21364368
"dgp2",1,4,43,5,500,20271001,21364369
"dgp2",1,4,44,5,500,20271001,21364370
"dgp2",1,4,45,5,500,20271001,21364371
"dgp2",1,4,46,5,500,20271001,21364372
"dgp2",1,4,47,5,500,20271001,21364373
"dgp2",1,4,48,5,500,20271001,21364374
"dgp2",1,4,49,5,500,20271001,21364375
"dgp2",1,4,50,5,500,20271001,21364376
"dgp2",1,4,51,5,500,20271001,21364377
"dgp2",1,4,52,5,500,20271001,21364378
"dgp2",1,4,53,5,500,20271001,21364379
"dgp2",1,4,54,5,500,20271001,21364380
"dgp2",1,4,55,5,500,20271001,21364381
"dgp2",1,4,56,5,500,20271001,21364382
"dgp2",1,4,57,5,500,20271001,21364383
"dgp2",1,4,58,5,500,20271001,21364384
"dgp2",1,4,59,5,500,20271001,21364385
"dgp2",1,4,60,5,500,20271001,21364386
"dgp2",1,4,61,5,500,20271001,21364387
"dgp2",1,4,62,5,500,20271001,21364388
"dgp2",1,4,63,5,500,20271001,21364389
"dgp2",1,4,64,5,500,20271001,21364390
"dgp2",1,4,65,5,500,20271001,21364391
"dgp2",1,4,66,5,500,20271001,21364392
"dgp2",1,4,67,5,500,20271001,21364393
"dgp2",1,4,68,5,500,20271001,21364394
"dgp2",1,4,69,5,500,20271001,21364395
"dgp2",1,4,70,5,500,20271001,21364396
"dgp2",1,4,71,5,500,20271001,21364397
"dgp2",1,4,72,5,500,20271001,21364398
"dgp2",1,4,73,5,500,20271001,21364399
"dgp2",1,4,74,5,500,20271001,21364400
"dgp2",1,4,75,5,500,20271001,21364401
"dgp2",1,4,76,5,500,20271001,21364402
"dgp2",1,4,77,5,500,20271001,21364403
"dgp2",1,4,78,5,500,20271001,21364404
"dgp2",1,4,79,5,500,20271001,21364405
"dgp2",1,4,80,5,500,20271001,21364406
"dgp2",1,4,81,5,500,20271001,21364407
"dgp2",1,4,82,5,500,20271001,21364408
"dgp2",1,4,83,5,500,20271001,21364409
"dgp2",1,4,84,5,500,20271001,21364410
"dgp2",1,4,85,5,500,20271001,21364411
"dgp2",1,4,86,5,500,20271001,21364412
"dgp2",1,4,87,5,500,20271001,21364413
"dgp2",1,4,88,5,500,20271001,21364414
"dgp2",1,4,89,5,500,20271001,21364415
"dgp2",1,4,90,5,500,20271001,21364416
"dgp2",1,4,91,5,500,20271001,21364417
"dgp2",1,4,92,5,500,20271001,21364418
"dgp2",1,4,93,5,500,20271001,21364419
"dgp2",1,4,94,5,500,20271001,21364420
"dgp2",1,4,95,5,500,20271001,21364421
"dgp2",1,4,96,5,500,20271001,21364422
"dgp2",1,4,97,5,500,20271001,21364423
"dgp2",1,4,98,5,500,20271001,21364424
"dgp2",1,4,99,5,500,20271001,21364425
"dgp2",1,4,100,5,500,20271001,21364426
"dgp2",1,5,1,5,1000,20271001,21365327
"dgp2",1,5,2,5,1000,20271001,21365328
"dgp2",1,5,3,5,1000,20271001,21365329
"dgp2",1,5,4,5,1000,20271001,21365330
"dgp2",1,5,5,5,1000,20271001,21365331
"dgp2",1,5,6,5,1000,20271001,21365332
"dgp2",1,5,7,5,1000,20271001,21365333
"dgp2",1,5,8,5,1000,20271001,21365334
"dgp2",1,5,9,5,1000,20271001,21365335
"dgp2",1,5,10,5,1000,20271001,21365336
"dgp2",1,5,11,5,1000,20271001,21365337
"dgp2",1,5,12,5,1000,20271001,21365338
"dgp2",1,5,13,5,1000,20271001,21365339
"dgp2",1,5,14,5,1000,20271001,21365340
"dgp2",1,5,15,5,1000,20271001,21365341
"dgp2",1,5,16,5,1000,20271001,21365342
"dgp2",1,5,17,5,1000,20271001,21365343
"dgp2",1,5,18,5,1000,20271001,21365344
"dgp2",1,5,19,5,1000,20271001,21365345
"dgp2",1,5,20,5,1000,20271001,21365346
"dgp2",1,5,21,5,1000,20271001,21365347
"dgp2",1,5,22,5,1000,20271001,21365348
"dgp2",1,5,23,5,1000,20271001,21365349
"dgp2",1,5,24,5,1000,20271001,21365350
"dgp2",1,5,25,5,1000,20271001,21365351
"dgp2",1,5,26,5,1000,20271001,21365352
"dgp2",1,5,27,5,1000,20271001,21365353
"dgp2",1,5,28,5,1000,20271001,21365354
"dgp2",1,5,29,5,1000,20271001,21365355
"dgp2",1,5,30,5,1000,20271001,21365356
"dgp2",1,5,31,5,1000,20271001,21365357
"dgp2",1,5,32,5,1000,20271001,21365358
"dgp2",1,5,33,5,1000,20271001,21365359
"dgp2",1,5,34,5,1000,20271001,21365360
"dgp2",1,5,35,5,1000,20271001,21365361
"dgp2",1,5,36,5,1000,20271001,21365362
"dgp2",1,5,37,5,1000,20271001,21365363
"dgp2",1,5,38,5,1000,20271001,21365364
"dgp2",1,5,39,5,1000,20271001,21365365
"dgp2",1,5,40,5,1000,20271001,21365366
"dgp2",1,5,41,5,1000,20271001,21365367
"dgp2",1,5,42,5,1000,20271001,21365368
"dgp2",1,5,43,5,1000,20271001,21365369
"dgp2",1,5,44,5,1000,20271001,21365370
"dgp2",1,5,45,5,1000,20271001,21365371
"dgp2",1,5,46,5,1000,20271001,21365372
"dgp2",1,5,47,5,1000,20271001,21365373
"dgp2",1,5,48,5,1000,20271001,21365374
"dgp2",1,5,49,5,1000,20271001,21365375
"dgp2",1,5,50,5,1000,20271001,21365376
"dgp2",1,5,51,5,1000,20271001,21365377
"dgp2",1,5,52,5,1000,20271001,21365378
"dgp2",1,5,53,5,1000,20271001,21365379
"dgp2",1,5,54,5,1000,20271001,21365380
"dgp2",1,5,55,5,1000,20271001,21365381
"dgp2",1,5,56,5,1000,20271001,21365382
"dgp2",1,5,57,5,1000,20271001,21365383
"dgp2",1,5,58,5,1000,20271001,21365384
"dgp2",1,5,59,5,1000,20271001,21365385
"dgp2",1,5,60,5,1000,20271001,21365386
"dgp2",1,5,61,5,1000,20271001,21365387
"dgp2",1,5,62,5,1000,20271001,21365388
"dgp2",1,5,63,5,1000,20271001,21365389
"dgp2",1,5,64,5,1000,20271001,21365390
"dgp2",1,5,65,5,1000,20271001,21365391
"dgp2",1,5,66,5,1000,20271001,21365392
"dgp2",1,5,67,5,1000,20271001,21365393
"dgp2",1,5,68,5,1000,20271001,21365394
"dgp2",1,5,69,5,1000,20271001,21365395
"dgp2",1,5,70,5,1000,20271001,21365396
"dgp2",1,5,71,5,1000,20271001,21365397
"dgp2",1,5,72,5,1000,20271001,21365398
"dgp2",1,5,73,5,1000,20271001,21365399
"dgp2",1,5,74,5,1000,20271001,21365400
"dgp2",1,5,75,5,1000,20271001,21365401
"dgp2",1,5,76,5,1000,20271001,21365402
"dgp2",1,5,77,5,1000,20271001,21365403
"dgp2",1,5,78,5,1000,20271001,21365404
"dgp2",1,5,79,5,1000,20271001,21365405
"dgp2",1,5,80,5,1000,20271001,21365406
"dgp2",1,5,81,5,1000,20271001,21365407
"dgp2",1,5,82,5,1000,20271001,21365408
"dgp2",1,5,83,5,1000,20271001,21365409
"dgp2",1,5,84,5,1000,20271001,21365410
"dgp2",1,5,85,5,1000,20271001,21365411
"dgp2",1,5,86,5,1000,20271001,21365412
"dgp2",1,5,87,5,1000,20271001,21365413
"dgp2",1,5,88,5,1000,20271001,21365414
"dgp2",1,5,89,5,1000,20271001,21365415
"dgp2",1,5,90,5,1000,20271001,21365416
"dgp2",1,5,91,5,1000,20271001,21365417
"dgp2",1,5,92,5,1000,20271001,21365418
"dgp2",1,5,93,5,1000,20271001,21365419
"dgp2",1,5,94,5,1000,20271001,21365420
"dgp2",1,5,95,5,1000,20271001,21365421
"dgp2",1,5,96,5,1000,20271001,21365422
"dgp2",1,5,97,5,1000,20271001,21365423
"dgp2",1,5,98,5,1000,20271001,21365424
"dgp2",1,5,99,5,1000,20271001,21365425
"dgp2",1,5,100,5,1000,20271001,21365426
"dgp2",1,6,1,5,2000,20271001,21366327
"dgp2",1,6,2,5,2000,20271001,21366328
"dgp2",1,6,3,5,2000,20271001,21366329
"dgp2",1,6,4,5,2000,20271001,21366330
"dgp2",1,6,5,5,2000,20271001,21366331
"dgp2",1,6,6,5,2000,20271001,21366332
"dgp2",1,6,7,5,2000,20271001,21366333
"dgp2",1,6,8,5,2000,20271001,21366334
"dgp2",1,6,9,5,2000,20271001,21366335
"dgp2",1,6,10,5,2000,20271001,21366336
"dgp2",1,6,11,5,2000,20271001,21366337
"dgp2",1,6,12,5,2000,20271001,21366338
"dgp2",1,6,13,5,2000,20271001,21366339
"dgp2",1,6,14,5,2000,20271001,21366340
"dgp2",1,6,15,5,2000,20271001,21366341
"dgp2",1,6,16,5,2000,20271001,21366342
"dgp2",1,6,17,5,2000,20271001,21366343
"dgp2",1,6,18,5,2000,20271001,21366344
"dgp2",1,6,19,5,2000,20271001,21366345
"dgp2",1,6,20,5,2000,20271001,21366346
"dgp2",1,6,21,5,2000,20271001,21366347
"dgp2",1,6,22,5,2000,20271001,21366348
"dgp2",1,6,23,5,2000,20271001,21366349
"dgp2",1,6,24,5,2000,20271001,21366350
"dgp2",1,6,25,5,2000,20271001,21366351
"dgp2",1,6,26,5,2000,20271001,21366352
"dgp2",1,6,27,5,2000,20271001,21366353
"dgp2",1,6,28,5,2000,20271001,21366354
"dgp2",1,6,29,5,2000,20271001,21366355
"dgp2",1,6,30,5,2000,20271001,21366356
"dgp2",1,6,31,5,2000,20271001,21366357
"dgp2",1,6,32,5,2000,20271001,21366358
"dgp2",1,6,33,5,2000,20271001,21366359
"dgp2",1,6,34,5,2000,20271001,21366360
"dgp2",1,6,35,5,2000,20271001,21366361
"dgp2",1,6,36,5,2000,20271001,21366362
"dgp2",1,6,37,5,2000,20271001,21366363
"dgp2",1,6,38,5,2000,20271001,21366364
"dgp2",1,6,39,5,2000,20271001,21366365
"dgp2",1,6,40,5,2000,20271001,21366366
"dgp2",1,6,41,5,2000,20271001,21366367
"dgp2",1,6,42,5,2000,20271001,21366368
"dgp2",1,6,43,5,2000,20271001,21366369
"dgp2",1,6,44,5,2000,20271001,21366370
"dgp2",1,6,45,5,2000,20271001,21366371
"dgp2",1,6,46,5,2000,20271001,21366372
"dgp2",1,6,47,5,2000,20271001,21366373
"dgp2",1,6,48,5,2000,20271001,21366374
"dgp2",1,6,49,5,2000,20271001,21366375
"dgp2",1,6,50,5,2000,20271001,21366376
"dgp2",1,6,51,5,2000,20271001,21366377
"dgp2",1,6,52,5,2000,20271001,21366378
"dgp2",1,6,53,5,2000,20271001,21366379
"dgp2",1,6,54,5,2000,20271001,21366380
"dgp2",1,6,55,5,2000,20271001,21366381
"dgp2",1,6,56,5,2000,20271001,21366382
"dgp2",1,6,57,5,2000,20271001,21366383
"dgp2",1,6,58,5,2000,20271001,21366384
"dgp2",1,6,59,5,2000,20271001,21366385
"dgp2",1,6,60,5,2000,20271001,21366386
"dgp2",1,6,61,5,2000,20271001,21366387
"dgp2",1,6,62,5,2000,20271001,21366388
"dgp2",1,6,63,5,2000,20271001,21366389
"dgp2",1,6,64,5,2000,20271001,21366390
"dgp2",1,6,65,5,2000,20271001,21366391
"dgp2",1,6,66,5,2000,20271001,21366392
"dgp2",1,6,67,5,2000,20271001,21366393
"dgp2",1,6,68,5,2000,20271001,21366394
"dgp2",1,6,69,5,2000,20271001,21366395
"dgp2",1,6,70,5,2000,20271001,21366396
"dgp2",1,6,71,5,2000,20271001,21366397
"dgp2",1,6,72,5,2000,20271001,21366398
"dgp2",1,6,73,5,2000,20271001,21366399
"dgp2",1,6,74,5,2000,20271001,21366400
"dgp2",1,6,75,5,2000,20271001,21366401
"dgp2",1,6,76,5,2000,20271001,21366402
"dgp2",1,6,77,5,2000,20271001,21366403
"dgp2",1,6,78,5,2000,20271001,21366404
"dgp2",1,6,79,5,2000,20271001,21366405
"dgp2",1,6,80,5,2000,20271001,21366406
"dgp2",1,6,81,5,2000,20271001,21366407
"dgp2",1,6,82,5,2000,20271001,21366408
"dgp2",1,6,83,5,2000,20271001,21366409
"dgp2",1,6,84,5,2000,20271001,21366410
"dgp2",1,6,85,5,2000,20271001,21366411
"dgp2",1,6,86,5,2000,20271001,21366412
"dgp2",1,6,87,5,2000,20271001,21366413
"dgp2",1,6,88,5,2000,20271001,21366414
"dgp2",1,6,89,5,2000,20271001,21366415
"dgp2",1,6,90,5,2000,20271001,21366416
"dgp2",1,6,91,5,2000,20271001,21366417
"dgp2",1,6,92,5,2000,20271001,21366418
"dgp2",1,6,93,5,2000,20271001,21366419
"dgp2",1,6,94,5,2000,20271001,21366420
"dgp2",1,6,95,5,2000,20271001,21366421
"dgp2",1,6,96,5,2000,20271001,21366422
"dgp2",1,6,97,5,2000,20271001,21366423
"dgp2",1,6,98,5,2000,20271001,21366424
"dgp2",1,6,99,5,2000,20271001,21366425
"dgp2",1,6,100,5,2000,20271001,21366426
"dgp2",2,1,1,10,100,20271002,21461327
"dgp2",2,1,2,10,100,20271002,21461328
"dgp2",2,1,3,10,100,20271002,21461329
"dgp2",2,1,4,10,100,20271002,21461330
"dgp2",2,1,5,10,100,20271002,21461331
"dgp2",2,1,6,10,100,20271002,21461332
"dgp2",2,1,7,10,100,20271002,21461333
"dgp2",2,1,8,10,100,20271002,21461334
"dgp2",2,1,9,10,100,20271002,21461335
"dgp2",2,1,10,10,100,20271002,21461336
"dgp2",2,1,11,10,100,20271002,21461337
"dgp2",2,1,12,10,100,20271002,21461338
"dgp2",2,1,13,10,100,20271002,21461339
"dgp2",2,1,14,10,100,20271002,21461340
"dgp2",2,1,15,10,100,20271002,21461341
"dgp2",2,1,16,10,100,20271002,21461342
"dgp2",2,1,17,10,100,20271002,21461343
"dgp2",2,1,18,10,100,20271002,21461344
"dgp2",2,1,19,10,100,20271002,21461345
"dgp2",2,1,20,10,100,20271002,21461346
"dgp2",2,1,21,10,100,20271002,21461347
"dgp2",2,1,22,10,100,20271002,21461348
"dgp2",2,1,23,10,100,20271002,21461349
"dgp2",2,1,24,10,100,20271002,21461350
"dgp2",2,1,25,10,100,20271002,21461351
"dgp2",2,1,26,10,100,20271002,21461352
"dgp2",2,1,27,10,100,20271002,21461353
"dgp2",2,1,28,10,100,20271002,21461354
"dgp2",2,1,29,10,100,20271002,21461355
"dgp2",2,1,30,10,100,20271002,21461356
"dgp2",2,1,31,10,100,20271002,21461357
"dgp2",2,1,32,10,100,20271002,21461358
"dgp2",2,1,33,10,100,20271002,21461359
"dgp2",2,1,34,10,100,20271002,21461360
"dgp2",2,1,35,10,100,20271002,21461361
"dgp2",2,1,36,10,100,20271002,21461362
"dgp2",2,1,37,10,100,20271002,21461363
"dgp2",2,1,38,10,100,20271002,21461364
"dgp2",2,1,39,10,100,20271002,21461365
"dgp2",2,1,40,10,100,20271002,21461366
"dgp2",2,1,41,10,100,20271002,21461367
"dgp2",2,1,42,10,100,20271002,21461368
"dgp2",2,1,43,10,100,20271002,21461369
"dgp2",2,1,44,10,100,20271002,21461370
"dgp2",2,1,45,10,100,20271002,21461371
"dgp2",2,1,46,10,100,20271002,21461372
"dgp2",2,1,47,10,100,20271002,21461373
"dgp2",2,1,48,10,100,20271002,21461374
"dgp2",2,1,49,10,100,20271002,21461375
"dgp2",2,1,50,10,100,20271002,21461376
"dgp2",2,1,51,10,100,20271002,21461377
"dgp2",2,1,52,10,100,20271002,21461378
"dgp2",2,1,53,10,100,20271002,21461379
"dgp2",2,1,54,10,100,20271002,21461380
"dgp2",2,1,55,10,100,20271002,21461381
"dgp2",2,1,56,10,100,20271002,21461382
"dgp2",2,1,57,10,100,20271002,21461383
"dgp2",2,1,58,10,100,20271002,21461384
"dgp2",2,1,59,10,100,20271002,21461385
"dgp2",2,1,60,10,100,20271002,21461386
"dgp2",2,1,61,10,100,20271002,21461387
"dgp2",2,1,62,10,100,20271002,21461388
"dgp2",2,1,63,10,100,20271002,21461389
"dgp2",2,1,64,10,100,20271002,21461390
"dgp2",2,1,65,10,100,20271002,21461391
"dgp2",2,1,66,10,100,20271002,21461392
"dgp2",2,1,67,10,100,20271002,21461393
"dgp2",2,1,68,10,100,20271002,21461394
"dgp2",2,1,69,10,100,20271002,21461395
"dgp2",2,1,70,10,100,20271002,21461396
"dgp2",2,1,71,10,100,20271002,21461397
"dgp2",2,1,72,10,100,20271002,21461398
"dgp2",2,1,73,10,100,20271002,21461399
"dgp2",2,1,74,10,100,20271002,21461400
"dgp2",2,1,75,10,100,20271002,21461401
"dgp2",2,1,76,10,100,20271002,21461402
"dgp2",2,1,77,10,100,20271002,21461403
"dgp2",2,1,78,10,100,20271002,21461404
"dgp2",2,1,79,10,100,20271002,21461405
"dgp2",2,1,80,10,100,20271002,21461406
"dgp2",2,1,81,10,100,20271002,21461407
"dgp2",2,1,82,10,100,20271002,21461408
"dgp2",2,1,83,10,100,20271002,21461409
"dgp2",2,1,84,10,100,20271002,21461410
"dgp2",2,1,85,10,100,20271002,21461411
"dgp2",2,1,86,10,100,20271002,21461412
"dgp2",2,1,87,10,100,20271002,21461413
"dgp2",2,1,88,10,100,20271002,21461414
"dgp2",2,1,89,10,100,20271002,21461415
"dgp2",2,1,90,10,100,20271002,21461416
"dgp2",2,1,91,10,100,20271002,21461417
"dgp2",2,1,92,10,100,20271002,21461418
"dgp2",2,1,93,10,100,20271002,21461419
"dgp2",2,1,94,10,100,20271002,21461420
"dgp2",2,1,95,10,100,20271002,21461421
"dgp2",2,1,96,10,100,20271002,21461422
"dgp2",2,1,97,10,100,20271002,21461423
"dgp2",2,1,98,10,100,20271002,21461424
"dgp2",2,1,99,10,100,20271002,21461425
"dgp2",2,1,100,10,100,20271002,21461426
"dgp2",2,2,1,10,200,20271002,21462327
"dgp2",2,2,2,10,200,20271002,21462328
"dgp2",2,2,3,10,200,20271002,21462329
"dgp2",2,2,4,10,200,20271002,21462330
"dgp2",2,2,5,10,200,20271002,21462331
"dgp2",2,2,6,10,200,20271002,21462332
"dgp2",2,2,7,10,200,20271002,21462333
"dgp2",2,2,8,10,200,20271002,21462334
"dgp2",2,2,9,10,200,20271002,21462335
"dgp2",2,2,10,10,200,20271002,21462336
"dgp2",2,2,11,10,200,20271002,21462337
"dgp2",2,2,12,10,200,20271002,21462338
"dgp2",2,2,13,10,200,20271002,21462339
"dgp2",2,2,14,10,200,20271002,21462340
"dgp2",2,2,15,10,200,20271002,21462341
"dgp2",2,2,16,10,200,20271002,21462342
"dgp2",2,2,17,10,200,20271002,21462343
"dgp2",2,2,18,10,200,20271002,21462344
"dgp2",2,2,19,10,200,20271002,21462345
"dgp2",2,2,20,10,200,20271002,21462346
"dgp2",2,2,21,10,200,20271002,21462347
"dgp2",2,2,22,10,200,20271002,21462348
"dgp2",2,2,23,10,200,20271002,21462349
"dgp2",2,2,24,10,200,20271002,21462350
"dgp2",2,2,25,10,200,20271002,21462351
"dgp2",2,2,26,10,200,20271002,21462352
"dgp2",2,2,27,10,200,20271002,21462353
"dgp2",2,2,28,10,200,20271002,21462354
"dgp2",2,2,29,10,200,20271002,21462355
"dgp2",2,2,30,10,200,20271002,21462356
"dgp2",2,2,31,10,200,20271002,21462357
"dgp2",2,2,32,10,200,20271002,21462358
"dgp2",2,2,33,10,200,20271002,21462359
"dgp2",2,2,34,10,200,20271002,21462360
"dgp2",2,2,35,10,200,20271002,21462361
"dgp2",2,2,36,10,200,20271002,21462362
"dgp2",2,2,37,10,200,20271002,21462363
"dgp2",2,2,38,10,200,20271002,21462364
"dgp2",2,2,39,10,200,20271002,21462365
"dgp2",2,2,40,10,200,20271002,21462366
"dgp2",2,2,41,10,200,20271002,21462367
"dgp2",2,2,42,10,200,20271002,21462368
"dgp2",2,2,43,10,200,20271002,21462369
"dgp2",2,2,44,10,200,20271002,21462370
"dgp2",2,2,45,10,200,20271002,21462371
"dgp2",2,2,46,10,200,20271002,21462372
"dgp2",2,2,47,10,200,20271002,21462373
"dgp2",2,2,48,10,200,20271002,21462374
"dgp2",2,2,49,10,200,20271002,21462375
"dgp2",2,2,50,10,200,20271002,21462376
"dgp2",2,2,51,10,200,20271002,21462377
"dgp2",2,2,52,10,200,20271002,21462378
"dgp2",2,2,53,10,200,20271002,21462379
"dgp2",2,2,54,10,200,20271002,21462380
"dgp2",2,2,55,10,200,20271002,21462381
"dgp2",2,2,56,10,200,20271002,21462382
"dgp2",2,2,57,10,200,20271002,21462383
"dgp2",2,2,58,10,200,20271002,21462384
"dgp2",2,2,59,10,200,20271002,21462385
"dgp2",2,2,60,10,200,20271002,21462386
"dgp2",2,2,61,10,200,20271002,21462387
"dgp2",2,2,62,10,200,20271002,21462388
"dgp2",2,2,63,10,200,20271002,21462389
"dgp2",2,2,64,10,200,20271002,21462390
"dgp2",2,2,65,10,200,20271002,21462391
"dgp2",2,2,66,10,200,20271002,21462392
"dgp2",2,2,67,10,200,20271002,21462393
"dgp2",2,2,68,10,200,20271002,21462394
"dgp2",2,2,69,10,200,20271002,21462395
"dgp2",2,2,70,10,200,20271002,21462396
"dgp2",2,2,71,10,200,20271002,21462397
"dgp2",2,2,72,10,200,20271002,21462398
"dgp2",2,2,73,10,200,20271002,21462399
"dgp2",2,2,74,10,200,20271002,21462400
"dgp2",2,2,75,10,200,20271002,21462401
"dgp2",2,2,76,10,200,20271002,21462402
"dgp2",2,2,77,10,200,20271002,21462403
"dgp2",2,2,78,10,200,20271002,21462404
"dgp2",2,2,79,10,200,20271002,21462405
"dgp2",2,2,80,10,200,20271002,21462406
"dgp2",2,2,81,10,200,20271002,21462407
"dgp2",2,2,82,10,200,20271002,21462408
"dgp2",2,2,83,10,200,20271002,21462409
"dgp2",2,2,84,10,200,20271002,21462410
"dgp2",2,2,85,10,200,20271002,21462411
"dgp2",2,2,86,10,200,20271002,21462412
"dgp2",2,2,87,10,200,20271002,21462413
"dgp2",2,2,88,10,200,20271002,21462414
"dgp2",2,2,89,10,200,20271002,21462415
"dgp2",2,2,90,10,200,20271002,21462416
"dgp2",2,2,91,10,200,20271002,21462417
"dgp2",2,2,92,10,200,20271002,21462418
"dgp2",2,2,93,10,200,20271002,21462419
"dgp2",2,2,94,10,200,20271002,21462420
"dgp2",2,2,95,10,200,20271002,21462421
"dgp2",2,2,96,10,200,20271002,21462422
"dgp2",2,2,97,10,200,20271002,21462423
"dgp2",2,2,98,10,200,20271002,21462424
"dgp2",2,2,99,10,200,20271002,21462425
"dgp2",2,2,100,10,200,20271002,21462426
"dgp2",2,3,1,10,300,20271002,21463327
"dgp2",2,3,2,10,300,20271002,21463328
"dgp2",2,3,3,10,300,20271002,21463329
"dgp2",2,3,4,10,300,20271002,21463330
"dgp2",2,3,5,10,300,20271002,21463331
"dgp2",2,3,6,10,300,20271002,21463332
"dgp2",2,3,7,10,300,20271002,21463333
"dgp2",2,3,8,10,300,20271002,21463334
"dgp2",2,3,9,10,300,20271002,21463335
"dgp2",2,3,10,10,300,20271002,21463336
"dgp2",2,3,11,10,300,20271002,21463337
"dgp2",2,3,12,10,300,20271002,21463338
"dgp2",2,3,13,10,300,20271002,21463339
"dgp2",2,3,14,10,300,20271002,21463340
"dgp2",2,3,15,10,300,20271002,21463341
"dgp2",2,3,16,10,300,20271002,21463342
"dgp2",2,3,17,10,300,20271002,21463343
"dgp2",2,3,18,10,300,20271002,21463344
"dgp2",2,3,19,10,300,20271002,21463345
"dgp2",2,3,20,10,300,20271002,21463346
"dgp2",2,3,21,10,300,20271002,21463347
"dgp2",2,3,22,10,300,20271002,21463348
"dgp2",2,3,23,10,300,20271002,21463349
"dgp2",2,3,24,10,300,20271002,21463350
"dgp2",2,3,25,10,300,20271002,21463351
"dgp2",2,3,26,10,300,20271002,21463352
"dgp2",2,3,27,10,300,20271002,21463353
"dgp2",2,3,28,10,300,20271002,21463354
"dgp2",2,3,29,10,300,20271002,21463355
"dgp2",2,3,30,10,300,20271002,21463356
"dgp2",2,3,31,10,300,20271002,21463357
"dgp2",2,3,32,10,300,20271002,21463358
"dgp2",2,3,33,10,300,20271002,21463359
"dgp2",2,3,34,10,300,20271002,21463360
"dgp2",2,3,35,10,300,20271002,21463361
"dgp2",2,3,36,10,300,20271002,21463362
"dgp2",2,3,37,10,300,20271002,21463363
"dgp2",2,3,38,10,300,20271002,21463364
"dgp2",2,3,39,10,300,20271002,21463365
"dgp2",2,3,40,10,300,20271002,21463366
"dgp2",2,3,41,10,300,20271002,21463367
"dgp2",2,3,42,10,300,20271002,21463368
"dgp2",2,3,43,10,300,20271002,21463369
"dgp2",2,3,44,10,300,20271002,21463370
"dgp2",2,3,45,10,300,20271002,21463371
"dgp2",2,3,46,10,300,20271002,21463372
"dgp2",2,3,47,10,300,20271002,21463373
"dgp2",2,3,48,10,300,20271002,21463374
"dgp2",2,3,49,10,300,20271002,21463375
"dgp2",2,3,50,10,300,20271002,21463376
"dgp2",2,3,51,10,300,20271002,21463377
"dgp2",2,3,52,10,300,20271002,21463378
"dgp2",2,3,53,10,300,20271002,21463379
"dgp2",2,3,54,10,300,20271002,21463380
"dgp2",2,3,55,10,300,20271002,21463381
"dgp2",2,3,56,10,300,20271002,21463382
"dgp2",2,3,57,10,300,20271002,21463383
"dgp2",2,3,58,10,300,20271002,21463384
"dgp2",2,3,59,10,300,20271002,21463385
"dgp2",2,3,60,10,300,20271002,21463386
"dgp2",2,3,61,10,300,20271002,21463387
"dgp2",2,3,62,10,300,20271002,21463388
"dgp2",2,3,63,10,300,20271002,21463389
"dgp2",2,3,64,10,300,20271002,21463390
"dgp2",2,3,65,10,300,20271002,21463391
"dgp2",2,3,66,10,300,20271002,21463392
"dgp2",2,3,67,10,300,20271002,21463393
"dgp2",2,3,68,10,300,20271002,21463394
"dgp2",2,3,69,10,300,20271002,21463395
"dgp2",2,3,70,10,300,20271002,21463396
"dgp2",2,3,71,10,300,20271002,21463397
"dgp2",2,3,72,10,300,20271002,21463398
"dgp2",2,3,73,10,300,20271002,21463399
"dgp2",2,3,74,10,300,20271002,21463400
"dgp2",2,3,75,10,300,20271002,21463401
"dgp2",2,3,76,10,300,20271002,21463402
"dgp2",2,3,77,10,300,20271002,21463403
"dgp2",2,3,78,10,300,20271002,21463404
"dgp2",2,3,79,10,300,20271002,21463405
"dgp2",2,3,80,10,300,20271002,21463406
"dgp2",2,3,81,10,300,20271002,21463407
"dgp2",2,3,82,10,300,20271002,21463408
"dgp2",2,3,83,10,300,20271002,21463409
"dgp2",2,3,84,10,300,20271002,21463410
"dgp2",2,3,85,10,300,20271002,21463411
"dgp2",2,3,86,10,300,20271002,21463412
"dgp2",2,3,87,10,300,20271002,21463413
"dgp2",2,3,88,10,300,20271002,21463414
"dgp2",2,3,89,10,300,20271002,21463415
"dgp2",2,3,90,10,300,20271002,21463416
"dgp2",2,3,91,10,300,20271002,21463417
"dgp2",2,3,92,10,300,20271002,21463418
"dgp2",2,3,93,10,300,20271002,21463419
"dgp2",2,3,94,10,300,20271002,21463420
"dgp2",2,3,95,10,300,20271002,21463421
"dgp2",2,3,96,10,300,20271002,21463422
"dgp2",2,3,97,10,300,20271002,21463423
"dgp2",2,3,98,10,300,20271002,21463424
"dgp2",2,3,99,10,300,20271002,21463425
"dgp2",2,3,100,10,300,20271002,21463426
"dgp2",2,4,1,10,500,20271002,21464327
"dgp2",2,4,2,10,500,20271002,21464328
"dgp2",2,4,3,10,500,20271002,21464329
"dgp2",2,4,4,10,500,20271002,21464330
"dgp2",2,4,5,10,500,20271002,21464331
"dgp2",2,4,6,10,500,20271002,21464332
"dgp2",2,4,7,10,500,20271002,21464333
"dgp2",2,4,8,10,500,20271002,21464334
"dgp2",2,4,9,10,500,20271002,21464335
"dgp2",2,4,10,10,500,20271002,21464336
"dgp2",2,4,11,10,500,20271002,21464337
"dgp2",2,4,12,10,500,20271002,21464338
"dgp2",2,4,13,10,500,20271002,21464339
"dgp2",2,4,14,10,500,20271002,21464340
"dgp2",2,4,15,10,500,20271002,21464341
"dgp2",2,4,16,10,500,20271002,21464342
"dgp2",2,4,17,10,500,20271002,21464343
"dgp2",2,4,18,10,500,20271002,21464344
"dgp2",2,4,19,10,500,20271002,21464345
"dgp2",2,4,20,10,500,20271002,21464346
"dgp2",2,4,21,10,500,20271002,21464347
"dgp2",2,4,22,10,500,20271002,21464348
"dgp2",2,4,23,10,500,20271002,21464349
"dgp2",2,4,24,10,500,20271002,21464350
"dgp2",2,4,25,10,500,20271002,21464351
"dgp2",2,4,26,10,500,20271002,21464352
"dgp2",2,4,27,10,500,20271002,21464353
"dgp2",2,4,28,10,500,20271002,21464354
"dgp2",2,4,29,10,500,20271002,21464355
"dgp2",2,4,30,10,500,20271002,21464356
"dgp2",2,4,31,10,500,20271002,21464357
"dgp2",2,4,32,10,500,20271002,21464358
"dgp2",2,4,33,10,500,20271002,21464359
"dgp2",2,4,34,10,500,20271002,21464360
"dgp2",2,4,35,10,500,20271002,21464361
"dgp2",2,4,36,10,500,20271002,21464362
"dgp2",2,4,37,10,500,20271002,21464363
"dgp2",2,4,38,10,500,20271002,21464364
"dgp2",2,4,39,10,500,20271002,21464365
"dgp2",2,4,40,10,500,20271002,21464366
"dgp2",2,4,41,10,500,20271002,21464367
"dgp2",2,4,42,10,500,20271002,21464368
"dgp2",2,4,43,10,500,20271002,21464369
"dgp2",2,4,44,10,500,20271002,21464370
"dgp2",2,4,45,10,500,20271002,21464371
"dgp2",2,4,46,10,500,20271002,21464372
"dgp2",2,4,47,10,500,20271002,21464373
"dgp2",2,4,48,10,500,20271002,21464374
"dgp2",2,4,49,10,500,20271002,21464375
"dgp2",2,4,50,10,500,20271002,21464376
"dgp2",2,4,51,10,500,20271002,21464377
"dgp2",2,4,52,10,500,20271002,21464378
"dgp2",2,4,53,10,500,20271002,21464379
"dgp2",2,4,54,10,500,20271002,21464380
"dgp2",2,4,55,10,500,20271002,21464381
"dgp2",2,4,56,10,500,20271002,21464382
"dgp2",2,4,57,10,500,20271002,21464383
"dgp2",2,4,58,10,500,20271002,21464384
"dgp2",2,4,59,10,500,20271002,21464385
"dgp2",2,4,60,10,500,20271002,21464386
"dgp2",2,4,61,10,500,20271002,21464387
"dgp2",2,4,62,10,500,20271002,21464388
"dgp2",2,4,63,10,500,20271002,21464389
"dgp2",2,4,64,10,500,20271002,21464390
"dgp2",2,4,65,10,500,20271002,21464391
"dgp2",2,4,66,10,500,20271002,21464392
"dgp2",2,4,67,10,500,20271002,21464393
"dgp2",2,4,68,10,500,20271002,21464394
"dgp2",2,4,69,10,500,20271002,21464395
"dgp2",2,4,70,10,500,20271002,21464396
"dgp2",2,4,71,10,500,20271002,21464397
"dgp2",2,4,72,10,500,20271002,21464398
"dgp2",2,4,73,10,500,20271002,21464399
"dgp2",2,4,74,10,500,20271002,21464400
"dgp2",2,4,75,10,500,20271002,21464401
"dgp2",2,4,76,10,500,20271002,21464402
"dgp2",2,4,77,10,500,20271002,21464403
"dgp2",2,4,78,10,500,20271002,21464404
"dgp2",2,4,79,10,500,20271002,21464405
"dgp2",2,4,80,10,500,20271002,21464406
"dgp2",2,4,81,10,500,20271002,21464407
"dgp2",2,4,82,10,500,20271002,21464408
"dgp2",2,4,83,10,500,20271002,21464409
"dgp2",2,4,84,10,500,20271002,21464410
"dgp2",2,4,85,10,500,20271002,21464411
"dgp2",2,4,86,10,500,20271002,21464412
"dgp2",2,4,87,10,500,20271002,21464413
"dgp2",2,4,88,10,500,20271002,21464414
"dgp2",2,4,89,10,500,20271002,21464415
"dgp2",2,4,90,10,500,20271002,21464416
"dgp2",2,4,91,10,500,20271002,21464417
"dgp2",2,4,92,10,500,20271002,21464418
"dgp2",2,4,93,10,500,20271002,21464419
"dgp2",2,4,94,10,500,20271002,21464420
"dgp2",2,4,95,10,500,20271002,21464421
"dgp2",2,4,96,10,500,20271002,21464422
"dgp2",2,4,97,10,500,20271002,21464423
"dgp2",2,4,98,10,500,20271002,21464424
"dgp2",2,4,99,10,500,20271002,21464425
"dgp2",2,4,100,10,500,20271002,21464426
"dgp2",2,5,1,10,1000,20271002,21465327
"dgp2",2,5,2,10,1000,20271002,21465328
"dgp2",2,5,3,10,1000,20271002,21465329
"dgp2",2,5,4,10,1000,20271002,21465330
"dgp2",2,5,5,10,1000,20271002,21465331
"dgp2",2,5,6,10,1000,20271002,21465332
"dgp2",2,5,7,10,1000,20271002,21465333
"dgp2",2,5,8,10,1000,20271002,21465334
"dgp2",2,5,9,10,1000,20271002,21465335
"dgp2",2,5,10,10,1000,20271002,21465336
"dgp2",2,5,11,10,1000,20271002,21465337
"dgp2",2,5,12,10,1000,20271002,21465338
"dgp2",2,5,13,10,1000,20271002,21465339
"dgp2",2,5,14,10,1000,20271002,21465340
"dgp2",2,5,15,10,1000,20271002,21465341
"dgp2",2,5,16,10,1000,20271002,21465342
"dgp2",2,5,17,10,1000,20271002,21465343
"dgp2",2,5,18,10,1000,20271002,21465344
"dgp2",2,5,19,10,1000,20271002,21465345
"dgp2",2,5,20,10,1000,20271002,21465346
"dgp2",2,5,21,10,1000,20271002,21465347
"dgp2",2,5,22,10,1000,20271002,21465348
"dgp2",2,5,23,10,1000,20271002,21465349
"dgp2",2,5,24,10,1000,20271002,21465350
"dgp2",2,5,25,10,1000,20271002,21465351
"dgp2",2,5,26,10,1000,20271002,21465352
"dgp2",2,5,27,10,1000,20271002,21465353
"dgp2",2,5,28,10,1000,20271002,21465354
"dgp2",2,5,29,10,1000,20271002,21465355
"dgp2",2,5,30,10,1000,20271002,21465356
"dgp2",2,5,31,10,1000,20271002,21465357
"dgp2",2,5,32,10,1000,20271002,21465358
"dgp2",2,5,33,10,1000,20271002,21465359
"dgp2",2,5,34,10,1000,20271002,21465360
"dgp2",2,5,35,10,1000,20271002,21465361
"dgp2",2,5,36,10,1000,20271002,21465362
"dgp2",2,5,37,10,1000,20271002,21465363
"dgp2",2,5,38,10,1000,20271002,21465364
"dgp2",2,5,39,10,1000,20271002,21465365
"dgp2",2,5,40,10,1000,20271002,21465366
"dgp2",2,5,41,10,1000,20271002,21465367
"dgp2",2,5,42,10,1000,20271002,21465368
"dgp2",2,5,43,10,1000,20271002,21465369
"dgp2",2,5,44,10,1000,20271002,21465370
"dgp2",2,5,45,10,1000,20271002,21465371
"dgp2",2,5,46,10,1000,20271002,21465372
"dgp2",2,5,47,10,1000,20271002,21465373
"dgp2",2,5,48,10,1000,20271002,21465374
"dgp2",2,5,49,10,1000,20271002,21465375
"dgp2",2,5,50,10,1000,20271002,21465376
"dgp2",2,5,51,10,1000,20271002,21465377
"dgp2",2,5,52,10,1000,20271002,21465378
"dgp2",2,5,53,10,1000,20271002,21465379
"dgp2",2,5,54,10,1000,20271002,21465380
"dgp2",2,5,55,10,1000,20271002,21465381
"dgp2",2,5,56,10,1000,20271002,21465382
"dgp2",2,5,57,10,1000,20271002,21465383
"dgp2",2,5,58,10,1000,20271002,21465384
"dgp2",2,5,59,10,1000,20271002,21465385
"dgp2",2,5,60,10,1000,20271002,21465386
"dgp2",2,5,61,10,1000,20271002,21465387
"dgp2",2,5,62,10,1000,20271002,21465388
"dgp2",2,5,63,10,1000,20271002,21465389
"dgp2",2,5,64,10,1000,20271002,21465390
"dgp2",2,5,65,10,1000,20271002,21465391
"dgp2",2,5,66,10,1000,20271002,21465392
"dgp2",2,5,67,10,1000,20271002,21465393
"dgp2",2,5,68,10,1000,20271002,21465394
"dgp2",2,5,69,10,1000,20271002,21465395
"dgp2",2,5,70,10,1000,20271002,21465396
"dgp2",2,5,71,10,1000,20271002,21465397
"dgp2",2,5,72,10,1000,20271002,21465398
"dgp2",2,5,73,10,1000,20271002,21465399
"dgp2",2,5,74,10,1000,20271002,21465400
"dgp2",2,5,75,10,1000,20271002,21465401
"dgp2",2,5,76,10,1000,20271002,21465402
"dgp2",2,5,77,10,1000,20271002,21465403
"dgp2",2,5,78,10,1000,20271002,21465404
"dgp2",2,5,79,10,1000,20271002,21465405
"dgp2",2,5,80,10,1000,20271002,21465406
"dgp2",2,5,81,10,1000,20271002,21465407
"dgp2",2,5,82,10,1000,20271002,21465408
"dgp2",2,5,83,10,1000,20271002,21465409
"dgp2",2,5,84,10,1000,20271002,21465410
"dgp2",2,5,85,10,1000,20271002,21465411
"dgp2",2,5,86,10,1000,20271002,21465412
"dgp2",2,5,87,10,1000,20271002,21465413
"dgp2",2,5,88,10,1000,20271002,21465414
"dgp2",2,5,89,10,1000,20271002,21465415
"dgp2",2,5,90,10,1000,20271002,21465416
"dgp2",2,5,91,10,1000,20271002,21465417
"dgp2",2,5,92,10,1000,20271002,21465418
"dgp2",2,5,93,10,1000,20271002,21465419
"dgp2",2,5,94,10,1000,20271002,21465420
"dgp2",2,5,95,10,1000,20271002,21465421
"dgp2",2,5,96,10,1000,20271002,21465422
"dgp2",2,5,97,10,1000,20271002,21465423
"dgp2",2,5,98,10,1000,20271002,21465424
"dgp2",2,5,99,10,1000,20271002,21465425
"dgp2",2,5,100,10,1000,20271002,21465426
"dgp2",2,6,1,10,2000,20271002,21466327
"dgp2",2,6,2,10,2000,20271002,21466328
"dgp2",2,6,3,10,2000,20271002,21466329
"dgp2",2,6,4,10,2000,20271002,21466330
"dgp2",2,6,5,10,2000,20271002,21466331
"dgp2",2,6,6,10,2000,20271002,21466332
"dgp2",2,6,7,10,2000,20271002,21466333
"dgp2",2,6,8,10,2000,20271002,21466334
"dgp2",2,6,9,10,2000,20271002,21466335
"dgp2",2,6,10,10,2000,20271002,21466336
"dgp2",2,6,11,10,2000,20271002,21466337
"dgp2",2,6,12,10,2000,20271002,21466338
"dgp2",2,6,13,10,2000,20271002,21466339
"dgp2",2,6,14,10,2000,20271002,21466340
"dgp2",2,6,15,10,2000,20271002,21466341
"dgp2",2,6,16,10,2000,20271002,21466342
"dgp2",2,6,17,10,2000,20271002,21466343
"dgp2",2,6,18,10,2000,20271002,21466344
"dgp2",2,6,19,10,2000,20271002,21466345
"dgp2",2,6,20,10,2000,20271002,21466346
"dgp2",2,6,21,10,2000,20271002,21466347
"dgp2",2,6,22,10,2000,20271002,21466348
"dgp2",2,6,23,10,2000,20271002,21466349
"dgp2",2,6,24,10,2000,20271002,21466350
"dgp2",2,6,25,10,2000,20271002,21466351
"dgp2",2,6,26,10,2000,20271002,21466352
"dgp2",2,6,27,10,2000,20271002,21466353
"dgp2",2,6,28,10,2000,20271002,21466354
"dgp2",2,6,29,10,2000,20271002,21466355
"dgp2",2,6,30,10,2000,20271002,21466356
"dgp2",2,6,31,10,2000,20271002,21466357
"dgp2",2,6,32,10,2000,20271002,21466358
"dgp2",2,6,33,10,2000,20271002,21466359
"dgp2",2,6,34,10,2000,20271002,21466360
"dgp2",2,6,35,10,2000,20271002,21466361
"dgp2",2,6,36,10,2000,20271002,21466362
"dgp2",2,6,37,10,2000,20271002,21466363
"dgp2",2,6,38,10,2000,20271002,21466364
"dgp2",2,6,39,10,2000,20271002,21466365
"dgp2",2,6,40,10,2000,20271002,21466366
"dgp2",2,6,41,10,2000,20271002,21466367
"dgp2",2,6,42,10,2000,20271002,21466368
"dgp2",2,6,43,10,2000,20271002,21466369
"dgp2",2,6,44,10,2000,20271002,21466370
"dgp2",2,6,45,10,2000,20271002,21466371
"dgp2",2,6,46,10,2000,20271002,21466372
"dgp2",2,6,47,10,2000,20271002,21466373
"dgp2",2,6,48,10,2000,20271002,21466374
"dgp2",2,6,49,10,2000,20271002,21466375
"dgp2",2,6,50,10,2000,20271002,21466376
"dgp2",2,6,51,10,2000,20271002,21466377
"dgp2",2,6,52,10,2000,20271002,21466378
"dgp2",2,6,53,10,2000,20271002,21466379
"dgp2",2,6,54,10,2000,20271002,21466380
"dgp2",2,6,55,10,2000,20271002,21466381
"dgp2",2,6,56,10,2000,20271002,21466382
"dgp2",2,6,57,10,2000,20271002,21466383
"dgp2",2,6,58,10,2000,20271002,21466384
"dgp2",2,6,59,10,2000,20271002,21466385
"dgp2",2,6,60,10,2000,20271002,21466386
"dgp2",2,6,61,10,2000,20271002,21466387
"dgp2",2,6,62,10,2000,20271002,21466388
"dgp2",2,6,63,10,2000,20271002,21466389
"dgp2",2,6,64,10,2000,20271002,21466390
"dgp2",2,6,65,10,2000,20271002,21466391
"dgp2",2,6,66,10,2000,20271002,21466392
"dgp2",2,6,67,10,2000,20271002,21466393
"dgp2",2,6,68,10,2000,20271002,21466394
"dgp2",2,6,69,10,2000,20271002,21466395
"dgp2",2,6,70,10,2000,20271002,21466396
"dgp2",2,6,71,10,2000,20271002,21466397
"dgp2",2,6,72,10,2000,20271002,21466398
"dgp2",2,6,73,10,2000,20271002,21466399
"dgp2",2,6,74,10,2000,20271002,21466400
"dgp2",2,6,75,10,2000,20271002,21466401
"dgp2",2,6,76,10,2000,20271002,21466402
"dgp2",2,6,77,10,2000,20271002,21466403
"dgp2",2,6,78,10,2000,20271002,21466404
"dgp2",2,6,79,10,2000,20271002,21466405
"dgp2",2,6,80,10,2000,20271002,21466406
"dgp2",2,6,81,10,2000,20271002,21466407
"dgp2",2,6,82,10,2000,20271002,21466408
"dgp2",2,6,83,10,2000,20271002,21466409
"dgp2",2,6,84,10,2000,20271002,21466410
"dgp2",2,6,85,10,2000,20271002,21466411
"dgp2",2,6,86,10,2000,20271002,21466412
"dgp2",2,6,87,10,2000,20271002,21466413
"dgp2",2,6,88,10,2000,20271002,21466414
"dgp2",2,6,89,10,2000,20271002,21466415
"dgp2",2,6,90,10,2000,20271002,21466416
"dgp2",2,6,91,10,2000,20271002,21466417
"dgp2",2,6,92,10,2000,20271002,21466418
"dgp2",2,6,93,10,2000,20271002,21466419
"dgp2",2,6,94,10,2000,20271002,21466420
"dgp2",2,6,95,10,2000,20271002,21466421
"dgp2",2,6,96,10,2000,20271002,21466422
"dgp2",2,6,97,10,2000,20271002,21466423
"dgp2",2,6,98,10,2000,20271002,21466424
"dgp2",2,6,99,10,2000,20271002,21466425
"dgp2",2,6,100,10,2000,20271002,21466426
"dgp2",3,1,1,15,100,20271003,21561327
"dgp2",3,1,2,15,100,20271003,21561328
"dgp2",3,1,3,15,100,20271003,21561329
"dgp2",3,1,4,15,100,20271003,21561330
"dgp2",3,1,5,15,100,20271003,21561331
"dgp2",3,1,6,15,100,20271003,21561332
"dgp2",3,1,7,15,100,20271003,21561333
"dgp2",3,1,8,15,100,20271003,21561334
"dgp2",3,1,9,15,100,20271003,21561335
"dgp2",3,1,10,15,100,20271003,21561336
"dgp2",3,1,11,15,100,20271003,21561337
"dgp2",3,1,12,15,100,20271003,21561338
"dgp2",3,1,13,15,100,20271003,21561339
"dgp2",3,1,14,15,100,20271003,21561340
"dgp2",3,1,15,15,100,20271003,21561341
"dgp2",3,1,16,15,100,20271003,21561342
"dgp2",3,1,17,15,100,20271003,21561343
"dgp2",3,1,18,15,100,20271003,21561344
"dgp2",3,1,19,15,100,20271003,21561345
"dgp2",3,1,20,15,100,20271003,21561346
"dgp2",3,1,21,15,100,20271003,21561347
"dgp2",3,1,22,15,100,20271003,21561348
"dgp2",3,1,23,15,100,20271003,21561349
"dgp2",3,1,24,15,100,20271003,21561350
"dgp2",3,1,25,15,100,20271003,21561351
"dgp2",3,1,26,15,100,20271003,21561352
"dgp2",3,1,27,15,100,20271003,21561353
"dgp2",3,1,28,15,100,20271003,21561354
"dgp2",3,1,29,15,100,20271003,21561355
"dgp2",3,1,30,15,100,20271003,21561356
"dgp2",3,1,31,15,100,20271003,21561357
"dgp2",3,1,32,15,100,20271003,21561358
"dgp2",3,1,33,15,100,20271003,21561359
"dgp2",3,1,34,15,100,20271003,21561360
"dgp2",3,1,35,15,100,20271003,21561361
"dgp2",3,1,36,15,100,20271003,21561362
"dgp2",3,1,37,15,100,20271003,21561363
"dgp2",3,1,38,15,100,20271003,21561364
"dgp2",3,1,39,15,100,20271003,21561365
"dgp2",3,1,40,15,100,20271003,21561366
"dgp2",3,1,41,15,100,20271003,21561367
"dgp2",3,1,42,15,100,20271003,21561368
"dgp2",3,1,43,15,100,20271003,21561369
"dgp2",3,1,44,15,100,20271003,21561370
"dgp2",3,1,45,15,100,20271003,21561371
"dgp2",3,1,46,15,100,20271003,21561372
"dgp2",3,1,47,15,100,20271003,21561373
"dgp2",3,1,48,15,100,20271003,21561374
"dgp2",3,1,49,15,100,20271003,21561375
"dgp2",3,1,50,15,100,20271003,21561376
"dgp2",3,1,51,15,100,20271003,21561377
"dgp2",3,1,52,15,100,20271003,21561378
"dgp2",3,1,53,15,100,20271003,21561379
"dgp2",3,1,54,15,100,20271003,21561380
"dgp2",3,1,55,15,100,20271003,21561381
"dgp2",3,1,56,15,100,20271003,21561382
"dgp2",3,1,57,15,100,20271003,21561383
"dgp2",3,1,58,15,100,20271003,21561384
"dgp2",3,1,59,15,100,20271003,21561385
"dgp2",3,1,60,15,100,20271003,21561386
"dgp2",3,1,61,15,100,20271003,21561387
"dgp2",3,1,62,15,100,20271003,21561388
"dgp2",3,1,63,15,100,20271003,21561389
"dgp2",3,1,64,15,100,20271003,21561390
"dgp2",3,1,65,15,100,20271003,21561391
"dgp2",3,1,66,15,100,20271003,21561392
"dgp2",3,1,67,15,100,20271003,21561393
"dgp2",3,1,68,15,100,20271003,21561394
"dgp2",3,1,69,15,100,20271003,21561395
"dgp2",3,1,70,15,100,20271003,21561396
"dgp2",3,1,71,15,100,20271003,21561397
"dgp2",3,1,72,15,100,20271003,21561398
"dgp2",3,1,73,15,100,20271003,21561399
"dgp2",3,1,74,15,100,20271003,21561400
"dgp2",3,1,75,15,100,20271003,21561401
"dgp2",3,1,76,15,100,20271003,21561402
"dgp2",3,1,77,15,100,20271003,21561403
"dgp2",3,1,78,15,100,20271003,21561404
"dgp2",3,1,79,15,100,20271003,21561405
"dgp2",3,1,80,15,100,20271003,21561406
"dgp2",3,1,81,15,100,20271003,21561407
"dgp2",3,1,82,15,100,20271003,21561408
"dgp2",3,1,83,15,100,20271003,21561409
"dgp2",3,1,84,15,100,20271003,21561410
"dgp2",3,1,85,15,100,20271003,21561411
"dgp2",3,1,86,15,100,20271003,21561412
"dgp2",3,1,87,15,100,20271003,21561413
"dgp2",3,1,88,15,100,20271003,21561414
"dgp2",3,1,89,15,100,20271003,21561415
"dgp2",3,1,90,15,100,20271003,21561416
"dgp2",3,1,91,15,100,20271003,21561417
"dgp2",3,1,92,15,100,20271003,21561418
"dgp2",3,1,93,15,100,20271003,21561419
"dgp2",3,1,94,15,100,20271003,21561420
"dgp2",3,1,95,15,100,20271003,21561421
"dgp2",3,1,96,15,100,20271003,21561422
"dgp2",3,1,97,15,100,20271003,21561423
"dgp2",3,1,98,15,100,20271003,21561424
"dgp2",3,1,99,15,100,20271003,21561425
"dgp2",3,1,100,15,100,20271003,21561426
"dgp2",3,2,1,15,200,20271003,21562327
"dgp2",3,2,2,15,200,20271003,21562328
"dgp2",3,2,3,15,200,20271003,21562329
"dgp2",3,2,4,15,200,20271003,21562330
"dgp2",3,2,5,15,200,20271003,21562331
"dgp2",3,2,6,15,200,20271003,21562332
"dgp2",3,2,7,15,200,20271003,21562333
"dgp2",3,2,8,15,200,20271003,21562334
"dgp2",3,2,9,15,200,20271003,21562335
"dgp2",3,2,10,15,200,20271003,21562336
"dgp2",3,2,11,15,200,20271003,21562337
"dgp2",3,2,12,15,200,20271003,21562338
"dgp2",3,2,13,15,200,20271003,21562339
"dgp2",3,2,14,15,200,20271003,21562340
"dgp2",3,2,15,15,200,20271003,21562341
"dgp2",3,2,16,15,200,20271003,21562342
"dgp2",3,2,17,15,200,20271003,21562343
"dgp2",3,2,18,15,200,20271003,21562344
"dgp2",3,2,19,15,200,20271003,21562345
"dgp2",3,2,20,15,200,20271003,21562346
"dgp2",3,2,21,15,200,20271003,21562347
"dgp2",3,2,22,15,200,20271003,21562348
"dgp2",3,2,23,15,200,20271003,21562349
"dgp2",3,2,24,15,200,20271003,21562350
"dgp2",3,2,25,15,200,20271003,21562351
"dgp2",3,2,26,15,200,20271003,21562352
"dgp2",3,2,27,15,200,20271003,21562353
"dgp2",3,2,28,15,200,20271003,21562354
"dgp2",3,2,29,15,200,20271003,21562355
"dgp2",3,2,30,15,200,20271003,21562356
"dgp2",3,2,31,15,200,20271003,21562357
"dgp2",3,2,32,15,200,20271003,21562358
"dgp2",3,2,33,15,200,20271003,21562359
"dgp2",3,2,34,15,200,20271003,21562360
"dgp2",3,2,35,15,200,20271003,21562361
"dgp2",3,2,36,15,200,20271003,21562362
"dgp2",3,2,37,15,200,20271003,21562363
"dgp2",3,2,38,15,200,20271003,21562364
"dgp2",3,2,39,15,200,20271003,21562365
"dgp2",3,2,40,15,200,20271003,21562366
"dgp2",3,2,41,15,200,20271003,21562367
"dgp2",3,2,42,15,200,20271003,21562368
"dgp2",3,2,43,15,200,20271003,21562369
"dgp2",3,2,44,15,200,20271003,21562370
"dgp2",3,2,45,15,200,20271003,21562371
"dgp2",3,2,46,15,200,20271003,21562372
"dgp2",3,2,47,15,200,20271003,21562373
"dgp2",3,2,48,15,200,20271003,21562374
"dgp2",3,2,49,15,200,20271003,21562375
"dgp2",3,2,50,15,200,20271003,21562376
"dgp2",3,2,51,15,200,20271003,21562377
"dgp2",3,2,52,15,200,20271003,21562378
"dgp2",3,2,53,15,200,20271003,21562379
"dgp2",3,2,54,15,200,20271003,21562380
"dgp2",3,2,55,15,200,20271003,21562381
"dgp2",3,2,56,15,200,20271003,21562382
"dgp2",3,2,57,15,200,20271003,21562383
"dgp2",3,2,58,15,200,20271003,21562384
"dgp2",3,2,59,15,200,20271003,21562385
"dgp2",3,2,60,15,200,20271003,21562386
"dgp2",3,2,61,15,200,20271003,21562387
"dgp2",3,2,62,15,200,20271003,21562388
"dgp2",3,2,63,15,200,20271003,21562389
"dgp2",3,2,64,15,200,20271003,21562390
"dgp2",3,2,65,15,200,20271003,21562391
"dgp2",3,2,66,15,200,20271003,21562392
"dgp2",3,2,67,15,200,20271003,21562393
"dgp2",3,2,68,15,200,20271003,21562394
"dgp2",3,2,69,15,200,20271003,21562395
"dgp2",3,2,70,15,200,20271003,21562396
"dgp2",3,2,71,15,200,20271003,21562397
"dgp2",3,2,72,15,200,20271003,21562398
"dgp2",3,2,73,15,200,20271003,21562399
"dgp2",3,2,74,15,200,20271003,21562400
"dgp2",3,2,75,15,200,20271003,21562401
"dgp2",3,2,76,15,200,20271003,21562402
"dgp2",3,2,77,15,200,20271003,21562403
"dgp2",3,2,78,15,200,20271003,21562404
"dgp2",3,2,79,15,200,20271003,21562405
"dgp2",3,2,80,15,200,20271003,21562406
"dgp2",3,2,81,15,200,20271003,21562407
"dgp2",3,2,82,15,200,20271003,21562408
"dgp2",3,2,83,15,200,20271003,21562409
"dgp2",3,2,84,15,200,20271003,21562410
"dgp2",3,2,85,15,200,20271003,21562411
"dgp2",3,2,86,15,200,20271003,21562412
"dgp2",3,2,87,15,200,20271003,21562413
"dgp2",3,2,88,15,200,20271003,21562414
"dgp2",3,2,89,15,200,20271003,21562415
"dgp2",3,2,90,15,200,20271003,21562416
"dgp2",3,2,91,15,200,20271003,21562417
"dgp2",3,2,92,15,200,20271003,21562418
"dgp2",3,2,93,15,200,20271003,21562419
"dgp2",3,2,94,15,200,20271003,21562420
"dgp2",3,2,95,15,200,20271003,21562421
"dgp2",3,2,96,15,200,20271003,21562422
"dgp2",3,2,97,15,200,20271003,21562423
"dgp2",3,2,98,15,200,20271003,21562424
"dgp2",3,2,99,15,200,20271003,21562425
"dgp2",3,2,100,15,200,20271003,21562426
"dgp2",3,3,1,15,300,20271003,21563327
"dgp2",3,3,2,15,300,20271003,21563328
"dgp2",3,3,3,15,300,20271003,21563329
"dgp2",3,3,4,15,300,20271003,21563330
"dgp2",3,3,5,15,300,20271003,21563331
"dgp2",3,3,6,15,300,20271003,21563332
"dgp2",3,3,7,15,300,20271003,21563333
"dgp2",3,3,8,15,300,20271003,21563334
"dgp2",3,3,9,15,300,20271003,21563335
"dgp2",3,3,10,15,300,20271003,21563336
"dgp2",3,3,11,15,300,20271003,21563337
"dgp2",3,3,12,15,300,20271003,21563338
"dgp2",3,3,13,15,300,20271003,21563339
"dgp2",3,3,14,15,300,20271003,21563340
"dgp2",3,3,15,15,300,20271003,21563341
"dgp2",3,3,16,15,300,20271003,21563342
"dgp2",3,3,17,15,300,20271003,21563343
"dgp2",3,3,18,15,300,20271003,21563344
"dgp2",3,3,19,15,300,20271003,21563345
"dgp2",3,3,20,15,300,20271003,21563346
"dgp2",3,3,21,15,300,20271003,21563347
"dgp2",3,3,22,15,300,20271003,21563348
"dgp2",3,3,23,15,300,20271003,21563349
"dgp2",3,3,24,15,300,20271003,21563350
"dgp2",3,3,25,15,300,20271003,21563351
"dgp2",3,3,26,15,300,20271003,21563352
"dgp2",3,3,27,15,300,20271003,21563353
"dgp2",3,3,28,15,300,20271003,21563354
"dgp2",3,3,29,15,300,20271003,21563355
"dgp2",3,3,30,15,300,20271003,21563356
"dgp2",3,3,31,15,300,20271003,21563357
"dgp2",3,3,32,15,300,20271003,21563358
"dgp2",3,3,33,15,300,20271003,21563359
"dgp2",3,3,34,15,300,20271003,21563360
"dgp2",3,3,35,15,300,20271003,21563361
"dgp2",3,3,36,15,300,20271003,21563362
"dgp2",3,3,37,15,300,20271003,21563363
"dgp2",3,3,38,15,300,20271003,21563364
"dgp2",3,3,39,15,300,20271003,21563365
"dgp2",3,3,40,15,300,20271003,21563366
"dgp2",3,3,41,15,300,20271003,21563367
"dgp2",3,3,42,15,300,20271003,21563368
"dgp2",3,3,43,15,300,20271003,21563369
"dgp2",3,3,44,15,300,20271003,21563370
"dgp2",3,3,45,15,300,20271003,21563371
"dgp2",3,3,46,15,300,20271003,21563372
"dgp2",3,3,47,15,300,20271003,21563373
"dgp2",3,3,48,15,300,20271003,21563374
"dgp2",3,3,49,15,300,20271003,21563375
"dgp2",3,3,50,15,300,20271003,21563376
"dgp2",3,3,51,15,300,20271003,21563377
"dgp2",3,3,52,15,300,20271003,21563378
"dgp2",3,3,53,15,300,20271003,21563379
"dgp2",3,3,54,15,300,20271003,21563380
"dgp2",3,3,55,15,300,20271003,21563381
"dgp2",3,3,56,15,300,20271003,21563382
"dgp2",3,3,57,15,300,20271003,21563383
"dgp2",3,3,58,15,300,20271003,21563384
"dgp2",3,3,59,15,300,20271003,21563385
"dgp2",3,3,60,15,300,20271003,21563386
"dgp2",3,3,61,15,300,20271003,21563387
"dgp2",3,3,62,15,300,20271003,21563388
"dgp2",3,3,63,15,300,20271003,21563389
"dgp2",3,3,64,15,300,20271003,21563390
"dgp2",3,3,65,15,300,20271003,21563391
"dgp2",3,3,66,15,300,20271003,21563392
"dgp2",3,3,67,15,300,20271003,21563393
"dgp2",3,3,68,15,300,20271003,21563394
"dgp2",3,3,69,15,300,20271003,21563395
"dgp2",3,3,70,15,300,20271003,21563396
"dgp2",3,3,71,15,300,20271003,21563397
"dgp2",3,3,72,15,300,20271003,21563398
"dgp2",3,3,73,15,300,20271003,21563399
"dgp2",3,3,74,15,300,20271003,21563400
"dgp2",3,3,75,15,300,20271003,21563401
"dgp2",3,3,76,15,300,20271003,21563402
"dgp2",3,3,77,15,300,20271003,21563403
"dgp2",3,3,78,15,300,20271003,21563404
"dgp2",3,3,79,15,300,20271003,21563405
"dgp2",3,3,80,15,300,20271003,21563406
"dgp2",3,3,81,15,300,20271003,21563407
"dgp2",3,3,82,15,300,20271003,21563408
"dgp2",3,3,83,15,300,20271003,21563409
"dgp2",3,3,84,15,300,20271003,21563410
"dgp2",3,3,85,15,300,20271003,21563411
"dgp2",3,3,86,15,300,20271003,21563412
"dgp2",3,3,87,15,300,20271003,21563413
"dgp2",3,3,88,15,300,20271003,21563414
"dgp2",3,3,89,15,300,20271003,21563415
"dgp2",3,3,90,15,300,20271003,21563416
"dgp2",3,3,91,15,300,20271003,21563417
"dgp2",3,3,92,15,300,20271003,21563418
"dgp2",3,3,93,15,300,20271003,21563419
"dgp2",3,3,94,15,300,20271003,21563420
"dgp2",3,3,95,15,300,20271003,21563421
"dgp2",3,3,96,15,300,20271003,21563422
"dgp2",3,3,97,15,300,20271003,21563423
"dgp2",3,3,98,15,300,20271003,21563424
"dgp2",3,3,99,15,300,20271003,21563425
"dgp2",3,3,100,15,300,20271003,21563426
"dgp2",3,4,1,15,500,20271003,21564327
"dgp2",3,4,2,15,500,20271003,21564328
"dgp2",3,4,3,15,500,20271003,21564329
"dgp2",3,4,4,15,500,20271003,21564330
"dgp2",3,4,5,15,500,20271003,21564331
"dgp2",3,4,6,15,500,20271003,21564332
"dgp2",3,4,7,15,500,20271003,21564333
"dgp2",3,4,8,15,500,20271003,21564334
"dgp2",3,4,9,15,500,20271003,21564335
"dgp2",3,4,10,15,500,20271003,21564336
"dgp2",3,4,11,15,500,20271003,21564337
"dgp2",3,4,12,15,500,20271003,21564338
"dgp2",3,4,13,15,500,20271003,21564339
"dgp2",3,4,14,15,500,20271003,21564340
"dgp2",3,4,15,15,500,20271003,21564341
"dgp2",3,4,16,15,500,20271003,21564342
"dgp2",3,4,17,15,500,20271003,21564343
"dgp2",3,4,18,15,500,20271003,21564344
"dgp2",3,4,19,15,500,20271003,21564345
"dgp2",3,4,20,15,500,20271003,21564346
"dgp2",3,4,21,15,500,20271003,21564347
"dgp2",3,4,22,15,500,20271003,21564348
"dgp2",3,4,23,15,500,20271003,21564349
"dgp2",3,4,24,15,500,20271003,21564350
"dgp2",3,4,25,15,500,20271003,21564351
"dgp2",3,4,26,15,500,20271003,21564352
"dgp2",3,4,27,15,500,20271003,21564353
"dgp2",3,4,28,15,500,20271003,21564354
"dgp2",3,4,29,15,500,20271003,21564355
"dgp2",3,4,30,15,500,20271003,21564356
"dgp2",3,4,31,15,500,20271003,21564357
"dgp2",3,4,32,15,500,20271003,21564358
"dgp2",3,4,33,15,500,20271003,21564359
"dgp2",3,4,34,15,500,20271003,21564360
"dgp2",3,4,35,15,500,20271003,21564361
"dgp2",3,4,36,15,500,20271003,21564362
"dgp2",3,4,37,15,500,20271003,21564363
"dgp2",3,4,38,15,500,20271003,21564364
"dgp2",3,4,39,15,500,20271003,21564365
"dgp2",3,4,40,15,500,20271003,21564366
"dgp2",3,4,41,15,500,20271003,21564367
"dgp2",3,4,42,15,500,20271003,21564368
"dgp2",3,4,43,15,500,20271003,21564369
"dgp2",3,4,44,15,500,20271003,21564370
"dgp2",3,4,45,15,500,20271003,21564371
"dgp2",3,4,46,15,500,20271003,21564372
"dgp2",3,4,47,15,500,20271003,21564373
"dgp2",3,4,48,15,500,20271003,21564374
"dgp2",3,4,49,15,500,20271003,21564375
"dgp2",3,4,50,15,500,20271003,21564376
"dgp2",3,4,51,15,500,20271003,21564377
"dgp2",3,4,52,15,500,20271003,21564378
"dgp2",3,4,53,15,500,20271003,21564379
"dgp2",3,4,54,15,500,20271003,21564380
"dgp2",3,4,55,15,500,20271003,21564381
"dgp2",3,4,56,15,500,20271003,21564382
"dgp2",3,4,57,15,500,20271003,21564383
"dgp2",3,4,58,15,500,20271003,21564384
"dgp2",3,4,59,15,500,20271003,21564385
"dgp2",3,4,60,15,500,20271003,21564386
"dgp2",3,4,61,15,500,20271003,21564387
"dgp2",3,4,62,15,500,20271003,21564388
"dgp2",3,4,63,15,500,20271003,21564389
"dgp2",3,4,64,15,500,20271003,21564390
"dgp2",3,4,65,15,500,20271003,21564391
"dgp2",3,4,66,15,500,20271003,21564392
"dgp2",3,4,67,15,500,20271003,21564393
"dgp2",3,4,68,15,500,20271003,21564394
"dgp2",3,4,69,15,500,20271003,21564395
"dgp2",3,4,70,15,500,20271003,21564396
"dgp2",3,4,71,15,500,20271003,21564397
"dgp2",3,4,72,15,500,20271003,21564398
"dgp2",3,4,73,15,500,20271003,21564399
"dgp2",3,4,74,15,500,20271003,21564400
"dgp2",3,4,75,15,500,20271003,21564401
"dgp2",3,4,76,15,500,20271003,21564402
"dgp2",3,4,77,15,500,20271003,21564403
"dgp2",3,4,78,15,500,20271003,21564404
"dgp2",3,4,79,15,500,20271003,21564405
"dgp2",3,4,80,15,500,20271003,21564406
"dgp2",3,4,81,15,500,20271003,21564407
"dgp2",3,4,82,15,500,20271003,21564408
"dgp2",3,4,83,15,500,20271003,21564409
"dgp2",3,4,84,15,500,20271003,21564410
"dgp2",3,4,85,15,500,20271003,21564411
"dgp2",3,4,86,15,500,20271003,21564412
"dgp2",3,4,87,15,500,20271003,21564413
"dgp2",3,4,88,15,500,20271003,21564414
"dgp2",3,4,89,15,500,20271003,21564415
"dgp2",3,4,90,15,500,20271003,21564416
"dgp2",3,4,91,15,500,20271003,21564417
"dgp2",3,4,92,15,500,20271003,21564418
"dgp2",3,4,93,15,500,20271003,21564419
"dgp2",3,4,94,15,500,20271003,21564420
"dgp2",3,4,95,15,500,20271003,21564421
"dgp2",3,4,96,15,500,20271003,21564422
"dgp2",3,4,97,15,500,20271003,21564423
"dgp2",3,4,98,15,500,20271003,21564424
"dgp2",3,4,99,15,500,20271003,21564425
"dgp2",3,4,100,15,500,20271003,21564426
"dgp2",3,5,1,15,1000,20271003,21565327
"dgp2",3,5,2,15,1000,20271003,21565328
"dgp2",3,5,3,15,1000,20271003,21565329
"dgp2",3,5,4,15,1000,20271003,21565330
"dgp2",3,5,5,15,1000,20271003,21565331
"dgp2",3,5,6,15,1000,20271003,21565332
"dgp2",3,5,7,15,1000,20271003,21565333
"dgp2",3,5,8,15,1000,20271003,21565334
"dgp2",3,5,9,15,1000,20271003,21565335
"dgp2",3,5,10,15,1000,20271003,21565336
"dgp2",3,5,11,15,1000,20271003,21565337
"dgp2",3,5,12,15,1000,20271003,21565338
"dgp2",3,5,13,15,1000,20271003,21565339
"dgp2",3,5,14,15,1000,20271003,21565340
"dgp2",3,5,15,15,1000,20271003,21565341
"dgp2",3,5,16,15,1000,20271003,21565342
"dgp2",3,5,17,15,1000,20271003,21565343
"dgp2",3,5,18,15,1000,20271003,21565344
"dgp2",3,5,19,15,1000,20271003,21565345
"dgp2",3,5,20,15,1000,20271003,21565346
"dgp2",3,5,21,15,1000,20271003,21565347
"dgp2",3,5,22,15,1000,20271003,21565348
"dgp2",3,5,23,15,1000,20271003,21565349
"dgp2",3,5,24,15,1000,20271003,21565350
"dgp2",3,5,25,15,1000,20271003,21565351
"dgp2",3,5,26,15,1000,20271003,21565352
"dgp2",3,5,27,15,1000,20271003,21565353
"dgp2",3,5,28,15,1000,20271003,21565354
"dgp2",3,5,29,15,1000,20271003,21565355
"dgp2",3,5,30,15,1000,20271003,21565356
"dgp2",3,5,31,15,1000,20271003,21565357
"dgp2",3,5,32,15,1000,20271003,21565358
"dgp2",3,5,33,15,1000,20271003,21565359
"dgp2",3,5,34,15,1000,20271003,21565360
"dgp2",3,5,35,15,1000,20271003,21565361
"dgp2",3,5,36,15,1000,20271003,21565362
"dgp2",3,5,37,15,1000,20271003,21565363
"dgp2",3,5,38,15,1000,20271003,21565364
"dgp2",3,5,39,15,1000,20271003,21565365
"dgp2",3,5,40,15,1000,20271003,21565366
"dgp2",3,5,41,15,1000,20271003,21565367
"dgp2",3,5,42,15,1000,20271003,21565368
"dgp2",3,5,43,15,1000,20271003,21565369
"dgp2",3,5,44,15,1000,20271003,21565370
"dgp2",3,5,45,15,1000,20271003,21565371
"dgp2",3,5,46,15,1000,20271003,21565372
"dgp2",3,5,47,15,1000,20271003,21565373
"dgp2",3,5,48,15,1000,20271003,21565374
"dgp2",3,5,49,15,1000,20271003,21565375
"dgp2",3,5,50,15,1000,20271003,21565376
"dgp2",3,5,51,15,1000,20271003,21565377
"dgp2",3,5,52,15,1000,20271003,21565378
"dgp2",3,5,53,15,1000,20271003,21565379
"dgp2",3,5,54,15,1000,20271003,21565380
"dgp2",3,5,55,15,1000,20271003,21565381
"dgp2",3,5,56,15,1000,20271003,21565382
"dgp2",3,5,57,15,1000,20271003,21565383
"dgp2",3,5,58,15,1000,20271003,21565384
"dgp2",3,5,59,15,1000,20271003,21565385
"dgp2",3,5,60,15,1000,20271003,21565386
"dgp2",3,5,61,15,1000,20271003,21565387
"dgp2",3,5,62,15,1000,20271003,21565388
"dgp2",3,5,63,15,1000,20271003,21565389
"dgp2",3,5,64,15,1000,20271003,21565390
"dgp2",3,5,65,15,1000,20271003,21565391
"dgp2",3,5,66,15,1000,20271003,21565392
"dgp2",3,5,67,15,1000,20271003,21565393
"dgp2",3,5,68,15,1000,20271003,21565394
"dgp2",3,5,69,15,1000,20271003,21565395
"dgp2",3,5,70,15,1000,20271003,21565396
"dgp2",3,5,71,15,1000,20271003,21565397
"dgp2",3,5,72,15,1000,20271003,21565398
"dgp2",3,5,73,15,1000,20271003,21565399
"dgp2",3,5,74,15,1000,20271003,21565400
"dgp2",3,5,75,15,1000,20271003,21565401
"dgp2",3,5,76,15,1000,20271003,21565402
"dgp2",3,5,77,15,1000,20271003,21565403
"dgp2",3,5,78,15,1000,20271003,21565404
"dgp2",3,5,79,15,1000,20271003,21565405
"dgp2",3,5,80,15,1000,20271003,21565406
"dgp2",3,5,81,15,1000,20271003,21565407
"dgp2",3,5,82,15,1000,20271003,21565408
"dgp2",3,5,83,15,1000,20271003,21565409
"dgp2",3,5,84,15,1000,20271003,21565410
"dgp2",3,5,85,15,1000,20271003,21565411
"dgp2",3,5,86,15,1000,20271003,21565412
"dgp2",3,5,87,15,1000,20271003,21565413
"dgp2",3,5,88,15,1000,20271003,21565414
"dgp2",3,5,89,15,1000,20271003,21565415
"dgp2",3,5,90,15,1000,20271003,21565416
"dgp2",3,5,91,15,1000,20271003,21565417
"dgp2",3,5,92,15,1000,20271003,21565418
"dgp2",3,5,93,15,1000,20271003,21565419
"dgp2",3,5,94,15,1000,20271003,21565420
"dgp2",3,5,95,15,1000,20271003,21565421
"dgp2",3,5,96,15,1000,20271003,21565422
"dgp2",3,5,97,15,1000,20271003,21565423
"dgp2",3,5,98,15,1000,20271003,21565424
"dgp2",3,5,99,15,1000,20271003,21565425
"dgp2",3,5,100,15,1000,20271003,21565426
"dgp2",3,6,1,15,2000,20271003,21566327
"dgp2",3,6,2,15,2000,20271003,21566328
"dgp2",3,6,3,15,2000,20271003,21566329
"dgp2",3,6,4,15,2000,20271003,21566330
"dgp2",3,6,5,15,2000,20271003,21566331
"dgp2",3,6,6,15,2000,20271003,21566332
"dgp2",3,6,7,15,2000,20271003,21566333
"dgp2",3,6,8,15,2000,20271003,21566334
"dgp2",3,6,9,15,2000,20271003,21566335
"dgp2",3,6,10,15,2000,20271003,21566336
"dgp2",3,6,11,15,2000,20271003,21566337
"dgp2",3,6,12,15,2000,20271003,21566338
"dgp2",3,6,13,15,2000,20271003,21566339
"dgp2",3,6,14,15,2000,20271003,21566340
"dgp2",3,6,15,15,2000,20271003,21566341
"dgp2",3,6,16,15,2000,20271003,21566342
"dgp2",3,6,17,15,2000,20271003,21566343
"dgp2",3,6,18,15,2000,20271003,21566344
"dgp2",3,6,19,15,2000,20271003,21566345
"dgp2",3,6,20,15,2000,20271003,21566346
"dgp2",3,6,21,15,2000,20271003,21566347
"dgp2",3,6,22,15,2000,20271003,21566348
"dgp2",3,6,23,15,2000,20271003,21566349
"dgp2",3,6,24,15,2000,20271003,21566350
"dgp2",3,6,25,15,2000,20271003,21566351
"dgp2",3,6,26,15,2000,20271003,21566352
"dgp2",3,6,27,15,2000,20271003,21566353
"dgp2",3,6,28,15,2000,20271003,21566354
"dgp2",3,6,29,15,2000,20271003,21566355
"dgp2",3,6,30,15,2000,20271003,21566356
"dgp2",3,6,31,15,2000,20271003,21566357
"dgp2",3,6,32,15,2000,20271003,21566358
"dgp2",3,6,33,15,2000,20271003,21566359
"dgp2",3,6,34,15,2000,20271003,21566360
"dgp2",3,6,35,15,2000,20271003,21566361
"dgp2",3,6,36,15,2000,20271003,21566362
"dgp2",3,6,37,15,2000,20271003,21566363
"dgp2",3,6,38,15,2000,20271003,21566364
"dgp2",3,6,39,15,2000,20271003,21566365
"dgp2",3,6,40,15,2000,20271003,21566366
"dgp2",3,6,41,15,2000,20271003,21566367
"dgp2",3,6,42,15,2000,20271003,21566368
"dgp2",3,6,43,15,2000,20271003,21566369
"dgp2",3,6,44,15,2000,20271003,21566370
"dgp2",3,6,45,15,2000,20271003,21566371
"dgp2",3,6,46,15,2000,20271003,21566372
"dgp2",3,6,47,15,2000,20271003,21566373
"dgp2",3,6,48,15,2000,20271003,21566374
"dgp2",3,6,49,15,2000,20271003,21566375
"dgp2",3,6,50,15,2000,20271003,21566376
"dgp2",3,6,51,15,2000,20271003,21566377
"dgp2",3,6,52,15,2000,20271003,21566378
"dgp2",3,6,53,15,2000,20271003,21566379
"dgp2",3,6,54,15,2000,20271003,21566380
"dgp2",3,6,55,15,2000,20271003,21566381
"dgp2",3,6,56,15,2000,20271003,21566382
"dgp2",3,6,57,15,2000,20271003,21566383
"dgp2",3,6,58,15,2000,20271003,21566384
"dgp2",3,6,59,15,2000,20271003,21566385
"dgp2",3,6,60,15,2000,20271003,21566386
"dgp2",3,6,61,15,2000,20271003,21566387
"dgp2",3,6,62,15,2000,20271003,21566388
"dgp2",3,6,63,15,2000,20271003,21566389
"dgp2",3,6,64,15,2000,20271003,21566390
"dgp2",3,6,65,15,2000,20271003,21566391
"dgp2",3,6,66,15,2000,20271003,21566392
"dgp2",3,6,67,15,2000,20271003,21566393
"dgp2",3,6,68,15,2000,20271003,21566394
"dgp2",3,6,69,15,2000,20271003,21566395
"dgp2",3,6,70,15,2000,20271003,21566396
"dgp2",3,6,71,15,2000,20271003,21566397
"dgp2",3,6,72,15,2000,20271003,21566398
"dgp2",3,6,73,15,2000,20271003,21566399
"dgp2",3,6,74,15,2000,20271003,21566400
"dgp2",3,6,75,15,2000,20271003,21566401
"dgp2",3,6,76,15,2000,20271003,21566402
"dgp2",3,6,77,15,2000,20271003,21566403
"dgp2",3,6,78,15,2000,20271003,21566404
"dgp2",3,6,79,15,2000,20271003,21566405
"dgp2",3,6,80,15,2000,20271003,21566406
"dgp2",3,6,81,15,2000,20271003,21566407
"dgp2",3,6,82,15,2000,20271003,21566408
"dgp2",3,6,83,15,2000,20271003,21566409
"dgp2",3,6,84,15,2000,20271003,21566410
"dgp2",3,6,85,15,2000,20271003,21566411
"dgp2",3,6,86,15,2000,20271003,21566412
"dgp2",3,6,87,15,2000,20271003,21566413
"dgp2",3,6,88,15,2000,20271003,21566414
"dgp2",3,6,89,15,2000,20271003,21566415
"dgp2",3,6,90,15,2000,20271003,21566416
"dgp2",3,6,91,15,2000,20271003,21566417
"dgp2",3,6,92,15,2000,20271003,21566418
"dgp2",3,6,93,15,2000,20271003,21566419
"dgp2",3,6,94,15,2000,20271003,21566420
"dgp2",3,6,95,15,2000,20271003,21566421
"dgp2",3,6,96,15,2000,20271003,21566422
"dgp2",3,6,97,15,2000,20271003,21566423
"dgp2",3,6,98,15,2000,20271003,21566424
"dgp2",3,6,99,15,2000,20271003,21566425
"dgp2",3,6,100,15,2000,20271003,21566426
"dgp2",4,1,1,20,100,20271004,21661327
"dgp2",4,1,2,20,100,20271004,21661328
"dgp2",4,1,3,20,100,20271004,21661329
"dgp2",4,1,4,20,100,20271004,21661330
"dgp2",4,1,5,20,100,20271004,21661331
"dgp2",4,1,6,20,100,20271004,21661332
"dgp2",4,1,7,20,100,20271004,21661333
"dgp2",4,1,8,20,100,20271004,21661334
"dgp2",4,1,9,20,100,20271004,21661335
"dgp2",4,1,10,20,100,20271004,21661336
"dgp2",4,1,11,20,100,20271004,21661337
"dgp2",4,1,12,20,100,20271004,21661338
"dgp2",4,1,13,20,100,20271004,21661339
"dgp2",4,1,14,20,100,20271004,21661340
"dgp2",4,1,15,20,100,20271004,21661341
"dgp2",4,1,16,20,100,20271004,21661342
"dgp2",4,1,17,20,100,20271004,21661343
"dgp2",4,1,18,20,100,20271004,21661344
"dgp2",4,1,19,20,100,20271004,21661345
"dgp2",4,1,20,20,100,20271004,21661346
"dgp2",4,1,21,20,100,20271004,21661347
"dgp2",4,1,22,20,100,20271004,21661348
"dgp2",4,1,23,20,100,20271004,21661349
"dgp2",4,1,24,20,100,20271004,21661350
"dgp2",4,1,25,20,100,20271004,21661351
"dgp2",4,1,26,20,100,20271004,21661352
"dgp2",4,1,27,20,100,20271004,21661353
"dgp2",4,1,28,20,100,20271004,21661354
"dgp2",4,1,29,20,100,20271004,21661355
"dgp2",4,1,30,20,100,20271004,21661356
"dgp2",4,1,31,20,100,20271004,21661357
"dgp2",4,1,32,20,100,20271004,21661358
"dgp2",4,1,33,20,100,20271004,21661359
"dgp2",4,1,34,20,100,20271004,21661360
"dgp2",4,1,35,20,100,20271004,21661361
"dgp2",4,1,36,20,100,20271004,21661362
"dgp2",4,1,37,20,100,20271004,21661363
"dgp2",4,1,38,20,100,20271004,21661364
"dgp2",4,1,39,20,100,20271004,21661365
"dgp2",4,1,40,20,100,20271004,21661366
"dgp2",4,1,41,20,100,20271004,21661367
"dgp2",4,1,42,20,100,20271004,21661368
"dgp2",4,1,43,20,100,20271004,21661369
"dgp2",4,1,44,20,100,20271004,21661370
"dgp2",4,1,45,20,100,20271004,21661371
"dgp2",4,1,46,20,100,20271004,21661372
"dgp2",4,1,47,20,100,20271004,21661373
"dgp2",4,1,48,20,100,20271004,21661374
"dgp2",4,1,49,20,100,20271004,21661375
"dgp2",4,1,50,20,100,20271004,21661376
"dgp2",4,1,51,20,100,20271004,21661377
"dgp2",4,1,52,20,100,20271004,21661378
"dgp2",4,1,53,20,100,20271004,21661379
"dgp2",4,1,54,20,100,20271004,21661380
"dgp2",4,1,55,20,100,20271004,21661381
"dgp2",4,1,56,20,100,20271004,21661382
"dgp2",4,1,57,20,100,20271004,21661383
"dgp2",4,1,58,20,100,20271004,21661384
"dgp2",4,1,59,20,100,20271004,21661385
"dgp2",4,1,60,20,100,20271004,21661386
"dgp2",4,1,61,20,100,20271004,21661387
"dgp2",4,1,62,20,100,20271004,21661388
"dgp2",4,1,63,20,100,20271004,21661389
"dgp2",4,1,64,20,100,20271004,21661390
"dgp2",4,1,65,20,100,20271004,21661391
"dgp2",4,1,66,20,100,20271004,21661392
"dgp2",4,1,67,20,100,20271004,21661393
"dgp2",4,1,68,20,100,20271004,21661394
"dgp2",4,1,69,20,100,20271004,21661395
"dgp2",4,1,70,20,100,20271004,21661396
"dgp2",4,1,71,20,100,20271004,21661397
"dgp2",4,1,72,20,100,20271004,21661398
"dgp2",4,1,73,20,100,20271004,21661399
"dgp2",4,1,74,20,100,20271004,21661400
"dgp2",4,1,75,20,100,20271004,21661401
"dgp2",4,1,76,20,100,20271004,21661402
"dgp2",4,1,77,20,100,20271004,21661403
"dgp2",4,1,78,20,100,20271004,21661404
"dgp2",4,1,79,20,100,20271004,21661405
"dgp2",4,1,80,20,100,20271004,21661406
"dgp2",4,1,81,20,100,20271004,21661407
"dgp2",4,1,82,20,100,20271004,21661408
"dgp2",4,1,83,20,100,20271004,21661409
"dgp2",4,1,84,20,100,20271004,21661410
"dgp2",4,1,85,20,100,20271004,21661411
"dgp2",4,1,86,20,100,20271004,21661412
"dgp2",4,1,87,20,100,20271004,21661413
"dgp2",4,1,88,20,100,20271004,21661414
"dgp2",4,1,89,20,100,20271004,21661415
"dgp2",4,1,90,20,100,20271004,21661416
"dgp2",4,1,91,20,100,20271004,21661417
"dgp2",4,1,92,20,100,20271004,21661418
"dgp2",4,1,93,20,100,20271004,21661419
"dgp2",4,1,94,20,100,20271004,21661420
"dgp2",4,1,95,20,100,20271004,21661421
"dgp2",4,1,96,20,100,20271004,21661422
"dgp2",4,1,97,20,100,20271004,21661423
"dgp2",4,1,98,20,100,20271004,21661424
"dgp2",4,1,99,20,100,20271004,21661425
"dgp2",4,1,100,20,100,20271004,21661426
"dgp2",4,2,1,20,200,20271004,21662327
"dgp2",4,2,2,20,200,20271004,21662328
"dgp2",4,2,3,20,200,20271004,21662329
"dgp2",4,2,4,20,200,20271004,21662330
"dgp2",4,2,5,20,200,20271004,21662331
"dgp2",4,2,6,20,200,20271004,21662332
"dgp2",4,2,7,20,200,20271004,21662333
"dgp2",4,2,8,20,200,20271004,21662334
"dgp2",4,2,9,20,200,20271004,21662335
"dgp2",4,2,10,20,200,20271004,21662336
"dgp2",4,2,11,20,200,20271004,21662337
"dgp2",4,2,12,20,200,20271004,21662338
"dgp2",4,2,13,20,200,20271004,21662339
"dgp2",4,2,14,20,200,20271004,21662340
"dgp2",4,2,15,20,200,20271004,21662341
"dgp2",4,2,16,20,200,20271004,21662342
"dgp2",4,2,17,20,200,20271004,21662343
"dgp2",4,2,18,20,200,20271004,21662344
"dgp2",4,2,19,20,200,20271004,21662345
"dgp2",4,2,20,20,200,20271004,21662346
"dgp2",4,2,21,20,200,20271004,21662347
"dgp2",4,2,22,20,200,20271004,21662348
"dgp2",4,2,23,20,200,20271004,21662349
"dgp2",4,2,24,20,200,20271004,21662350
"dgp2",4,2,25,20,200,20271004,21662351
"dgp2",4,2,26,20,200,20271004,21662352
"dgp2",4,2,27,20,200,20271004,21662353
"dgp2",4,2,28,20,200,20271004,21662354
"dgp2",4,2,29,20,200,20271004,21662355
"dgp2",4,2,30,20,200,20271004,21662356
"dgp2",4,2,31,20,200,20271004,21662357
"dgp2",4,2,32,20,200,20271004,21662358
"dgp2",4,2,33,20,200,20271004,21662359
"dgp2",4,2,34,20,200,20271004,21662360
"dgp2",4,2,35,20,200,20271004,21662361
"dgp2",4,2,36,20,200,20271004,21662362
"dgp2",4,2,37,20,200,20271004,21662363
"dgp2",4,2,38,20,200,20271004,21662364
"dgp2",4,2,39,20,200,20271004,21662365
"dgp2",4,2,40,20,200,20271004,21662366
"dgp2",4,2,41,20,200,20271004,21662367
"dgp2",4,2,42,20,200,20271004,21662368
"dgp2",4,2,43,20,200,20271004,21662369
"dgp2",4,2,44,20,200,20271004,21662370
"dgp2",4,2,45,20,200,20271004,21662371
"dgp2",4,2,46,20,200,20271004,21662372
"dgp2",4,2,47,20,200,20271004,21662373
"dgp2",4,2,48,20,200,20271004,21662374
"dgp2",4,2,49,20,200,20271004,21662375
"dgp2",4,2,50,20,200,20271004,21662376
"dgp2",4,2,51,20,200,20271004,21662377
"dgp2",4,2,52,20,200,20271004,21662378
"dgp2",4,2,53,20,200,20271004,21662379
"dgp2",4,2,54,20,200,20271004,21662380
"dgp2",4,2,55,20,200,20271004,21662381
"dgp2",4,2,56,20,200,20271004,21662382
"dgp2",4,2,57,20,200,20271004,21662383
"dgp2",4,2,58,20,200,20271004,21662384
"dgp2",4,2,59,20,200,20271004,21662385
"dgp2",4,2,60,20,200,20271004,21662386
"dgp2",4,2,61,20,200,20271004,21662387
"dgp2",4,2,62,20,200,20271004,21662388
"dgp2",4,2,63,20,200,20271004,21662389
"dgp2",4,2,64,20,200,20271004,21662390
"dgp2",4,2,65,20,200,20271004,21662391
"dgp2",4,2,66,20,200,20271004,21662392
"dgp2",4,2,67,20,200,20271004,21662393
"dgp2",4,2,68,20,200,20271004,21662394
"dgp2",4,2,69,20,200,20271004,21662395
"dgp2",4,2,70,20,200,20271004,21662396
"dgp2",4,2,71,20,200,20271004,21662397
"dgp2",4,2,72,20,200,20271004,21662398
"dgp2",4,2,73,20,200,20271004,21662399
"dgp2",4,2,74,20,200,20271004,21662400
"dgp2",4,2,75,20,200,20271004,21662401
"dgp2",4,2,76,20,200,20271004,21662402
"dgp2",4,2,77,20,200,20271004,21662403
"dgp2",4,2,78,20,200,20271004,21662404
"dgp2",4,2,79,20,200,20271004,21662405
"dgp2",4,2,80,20,200,20271004,21662406
"dgp2",4,2,81,20,200,20271004,21662407
"dgp2",4,2,82,20,200,20271004,21662408
"dgp2",4,2,83,20,200,20271004,21662409
"dgp2",4,2,84,20,200,20271004,21662410
"dgp2",4,2,85,20,200,20271004,21662411
"dgp2",4,2,86,20,200,20271004,21662412
"dgp2",4,2,87,20,200,20271004,21662413
"dgp2",4,2,88,20,200,20271004,21662414
"dgp2",4,2,89,20,200,20271004,21662415
"dgp2",4,2,90,20,200,20271004,21662416
"dgp2",4,2,91,20,200,20271004,21662417
"dgp2",4,2,92,20,200,20271004,21662418
"dgp2",4,2,93,20,200,20271004,21662419
"dgp2",4,2,94,20,200,20271004,21662420
"dgp2",4,2,95,20,200,20271004,21662421
"dgp2",4,2,96,20,200,20271004,21662422
"dgp2",4,2,97,20,200,20271004,21662423
"dgp2",4,2,98,20,200,20271004,21662424
"dgp2",4,2,99,20,200,20271004,21662425
"dgp2",4,2,100,20,200,20271004,21662426
"dgp2",4,3,1,20,300,20271004,21663327
"dgp2",4,3,2,20,300,20271004,21663328
"dgp2",4,3,3,20,300,20271004,21663329
"dgp2",4,3,4,20,300,20271004,21663330
"dgp2",4,3,5,20,300,20271004,21663331
"dgp2",4,3,6,20,300,20271004,21663332
"dgp2",4,3,7,20,300,20271004,21663333
"dgp2",4,3,8,20,300,20271004,21663334
"dgp2",4,3,9,20,300,20271004,21663335
"dgp2",4,3,10,20,300,20271004,21663336
"dgp2",4,3,11,20,300,20271004,21663337
"dgp2",4,3,12,20,300,20271004,21663338
"dgp2",4,3,13,20,300,20271004,21663339
"dgp2",4,3,14,20,300,20271004,21663340
"dgp2",4,3,15,20,300,20271004,21663341
"dgp2",4,3,16,20,300,20271004,21663342
"dgp2",4,3,17,20,300,20271004,21663343
"dgp2",4,3,18,20,300,20271004,21663344
"dgp2",4,3,19,20,300,20271004,21663345
"dgp2",4,3,20,20,300,20271004,21663346
"dgp2",4,3,21,20,300,20271004,21663347
"dgp2",4,3,22,20,300,20271004,21663348
"dgp2",4,3,23,20,300,20271004,21663349
"dgp2",4,3,24,20,300,20271004,21663350
"dgp2",4,3,25,20,300,20271004,21663351
"dgp2",4,3,26,20,300,20271004,21663352
"dgp2",4,3,27,20,300,20271004,21663353
"dgp2",4,3,28,20,300,20271004,21663354
"dgp2",4,3,29,20,300,20271004,21663355
"dgp2",4,3,30,20,300,20271004,21663356
"dgp2",4,3,31,20,300,20271004,21663357
"dgp2",4,3,32,20,300,20271004,21663358
"dgp2",4,3,33,20,300,20271004,21663359
"dgp2",4,3,34,20,300,20271004,21663360
"dgp2",4,3,35,20,300,20271004,21663361
"dgp2",4,3,36,20,300,20271004,21663362
"dgp2",4,3,37,20,300,20271004,21663363
"dgp2",4,3,38,20,300,20271004,21663364
"dgp2",4,3,39,20,300,20271004,21663365
"dgp2",4,3,40,20,300,20271004,21663366
"dgp2",4,3,41,20,300,20271004,21663367
"dgp2",4,3,42,20,300,20271004,21663368
"dgp2",4,3,43,20,300,20271004,21663369
"dgp2",4,3,44,20,300,20271004,21663370
"dgp2",4,3,45,20,300,20271004,21663371
"dgp2",4,3,46,20,300,20271004,21663372
"dgp2",4,3,47,20,300,20271004,21663373
"dgp2",4,3,48,20,300,20271004,21663374
"dgp2",4,3,49,20,300,20271004,21663375
"dgp2",4,3,50,20,300,20271004,21663376
"dgp2",4,3,51,20,300,20271004,21663377
"dgp2",4,3,52,20,300,20271004,21663378
"dgp2",4,3,53,20,300,20271004,21663379
"dgp2",4,3,54,20,300,20271004,21663380
"dgp2",4,3,55,20,300,20271004,21663381
"dgp2",4,3,56,20,300,20271004,21663382
"dgp2",4,3,57,20,300,20271004,21663383
"dgp2",4,3,58,20,300,20271004,21663384
"dgp2",4,3,59,20,300,20271004,21663385
"dgp2",4,3,60,20,300,20271004,21663386
"dgp2",4,3,61,20,300,20271004,21663387
"dgp2",4,3,62,20,300,20271004,21663388
"dgp2",4,3,63,20,300,20271004,21663389
"dgp2",4,3,64,20,300,20271004,21663390
"dgp2",4,3,65,20,300,20271004,21663391
"dgp2",4,3,66,20,300,20271004,21663392
"dgp2",4,3,67,20,300,20271004,21663393
"dgp2",4,3,68,20,300,20271004,21663394
"dgp2",4,3,69,20,300,20271004,21663395
"dgp2",4,3,70,20,300,20271004,21663396
"dgp2",4,3,71,20,300,20271004,21663397
"dgp2",4,3,72,20,300,20271004,21663398
"dgp2",4,3,73,20,300,20271004,21663399
"dgp2",4,3,74,20,300,20271004,21663400
"dgp2",4,3,75,20,300,20271004,21663401
"dgp2",4,3,76,20,300,20271004,21663402
"dgp2",4,3,77,20,300,20271004,21663403
"dgp2",4,3,78,20,300,20271004,21663404
"dgp2",4,3,79,20,300,20271004,21663405
"dgp2",4,3,80,20,300,20271004,21663406
"dgp2",4,3,81,20,300,20271004,21663407
"dgp2",4,3,82,20,300,20271004,21663408
"dgp2",4,3,83,20,300,20271004,21663409
"dgp2",4,3,84,20,300,20271004,21663410
"dgp2",4,3,85,20,300,20271004,21663411
"dgp2",4,3,86,20,300,20271004,21663412
"dgp2",4,3,87,20,300,20271004,21663413
"dgp2",4,3,88,20,300,20271004,21663414
"dgp2",4,3,89,20,300,20271004,21663415
"dgp2",4,3,90,20,300,20271004,21663416
"dgp2",4,3,91,20,300,20271004,21663417
"dgp2",4,3,92,20,300,20271004,21663418
"dgp2",4,3,93,20,300,20271004,21663419
"dgp2",4,3,94,20,300,20271004,21663420
"dgp2",4,3,95,20,300,20271004,21663421
"dgp2",4,3,96,20,300,20271004,21663422
"dgp2",4,3,97,20,300,20271004,21663423
"dgp2",4,3,98,20,300,20271004,21663424
"dgp2",4,3,99,20,300,20271004,21663425
"dgp2",4,3,100,20,300,20271004,21663426
"dgp2",4,4,1,20,500,20271004,21664327
"dgp2",4,4,2,20,500,20271004,21664328
"dgp2",4,4,3,20,500,20271004,21664329
"dgp2",4,4,4,20,500,20271004,21664330
"dgp2",4,4,5,20,500,20271004,21664331
"dgp2",4,4,6,20,500,20271004,21664332
"dgp2",4,4,7,20,500,20271004,21664333
"dgp2",4,4,8,20,500,20271004,21664334
"dgp2",4,4,9,20,500,20271004,21664335
"dgp2",4,4,10,20,500,20271004,21664336
"dgp2",4,4,11,20,500,20271004,21664337
"dgp2",4,4,12,20,500,20271004,21664338
"dgp2",4,4,13,20,500,20271004,21664339
"dgp2",4,4,14,20,500,20271004,21664340
"dgp2",4,4,15,20,500,20271004,21664341
"dgp2",4,4,16,20,500,20271004,21664342
"dgp2",4,4,17,20,500,20271004,21664343
"dgp2",4,4,18,20,500,20271004,21664344
"dgp2",4,4,19,20,500,20271004,21664345
"dgp2",4,4,20,20,500,20271004,21664346
"dgp2",4,4,21,20,500,20271004,21664347
"dgp2",4,4,22,20,500,20271004,21664348
"dgp2",4,4,23,20,500,20271004,21664349
"dgp2",4,4,24,20,500,20271004,21664350
"dgp2",4,4,25,20,500,20271004,21664351
"dgp2",4,4,26,20,500,20271004,21664352
"dgp2",4,4,27,20,500,20271004,21664353
"dgp2",4,4,28,20,500,20271004,21664354
"dgp2",4,4,29,20,500,20271004,21664355
"dgp2",4,4,30,20,500,20271004,21664356
"dgp2",4,4,31,20,500,20271004,21664357
"dgp2",4,4,32,20,500,20271004,21664358
"dgp2",4,4,33,20,500,20271004,21664359
"dgp2",4,4,34,20,500,20271004,21664360
"dgp2",4,4,35,20,500,20271004,21664361
"dgp2",4,4,36,20,500,20271004,21664362
"dgp2",4,4,37,20,500,20271004,21664363
"dgp2",4,4,38,20,500,20271004,21664364
"dgp2",4,4,39,20,500,20271004,21664365
"dgp2",4,4,40,20,500,20271004,21664366
"dgp2",4,4,41,20,500,20271004,21664367
"dgp2",4,4,42,20,500,20271004,21664368
"dgp2",4,4,43,20,500,20271004,21664369
"dgp2",4,4,44,20,500,20271004,21664370
"dgp2",4,4,45,20,500,20271004,21664371
"dgp2",4,4,46,20,500,20271004,21664372
"dgp2",4,4,47,20,500,20271004,21664373
"dgp2",4,4,48,20,500,20271004,21664374
"dgp2",4,4,49,20,500,20271004,21664375
"dgp2",4,4,50,20,500,20271004,21664376
"dgp2",4,4,51,20,500,20271004,21664377
"dgp2",4,4,52,20,500,20271004,21664378
"dgp2",4,4,53,20,500,20271004,21664379
"dgp2",4,4,54,20,500,20271004,21664380
"dgp2",4,4,55,20,500,20271004,21664381
"dgp2",4,4,56,20,500,20271004,21664382
"dgp2",4,4,57,20,500,20271004,21664383
"dgp2",4,4,58,20,500,20271004,21664384
"dgp2",4,4,59,20,500,20271004,21664385
"dgp2",4,4,60,20,500,20271004,21664386
"dgp2",4,4,61,20,500,20271004,21664387
"dgp2",4,4,62,20,500,20271004,21664388
"dgp2",4,4,63,20,500,20271004,21664389
"dgp2",4,4,64,20,500,20271004,21664390
"dgp2",4,4,65,20,500,20271004,21664391
"dgp2",4,4,66,20,500,20271004,21664392
"dgp2",4,4,67,20,500,20271004,21664393
"dgp2",4,4,68,20,500,20271004,21664394
"dgp2",4,4,69,20,500,20271004,21664395
"dgp2",4,4,70,20,500,20271004,21664396
"dgp2",4,4,71,20,500,20271004,21664397
"dgp2",4,4,72,20,500,20271004,21664398
"dgp2",4,4,73,20,500,20271004,21664399
"dgp2",4,4,74,20,500,20271004,21664400
"dgp2",4,4,75,20,500,20271004,21664401
"dgp2",4,4,76,20,500,20271004,21664402
"dgp2",4,4,77,20,500,20271004,21664403
"dgp2",4,4,78,20,500,20271004,21664404
"dgp2",4,4,79,20,500,20271004,21664405
"dgp2",4,4,80,20,500,20271004,21664406
"dgp2",4,4,81,20,500,20271004,21664407
"dgp2",4,4,82,20,500,20271004,21664408
"dgp2",4,4,83,20,500,20271004,21664409
"dgp2",4,4,84,20,500,20271004,21664410
"dgp2",4,4,85,20,500,20271004,21664411
"dgp2",4,4,86,20,500,20271004,21664412
"dgp2",4,4,87,20,500,20271004,21664413
"dgp2",4,4,88,20,500,20271004,21664414
"dgp2",4,4,89,20,500,20271004,21664415
"dgp2",4,4,90,20,500,20271004,21664416
"dgp2",4,4,91,20,500,20271004,21664417
"dgp2",4,4,92,20,500,20271004,21664418
"dgp2",4,4,93,20,500,20271004,21664419
"dgp2",4,4,94,20,500,20271004,21664420
"dgp2",4,4,95,20,500,20271004,21664421
"dgp2",4,4,96,20,500,20271004,21664422
"dgp2",4,4,97,20,500,20271004,21664423
"dgp2",4,4,98,20,500,20271004,21664424
"dgp2",4,4,99,20,500,20271004,21664425
"dgp2",4,4,100,20,500,20271004,21664426
"dgp2",4,5,1,20,1000,20271004,21665327
"dgp2",4,5,2,20,1000,20271004,21665328
"dgp2",4,5,3,20,1000,20271004,21665329
"dgp2",4,5,4,20,1000,20271004,21665330
"dgp2",4,5,5,20,1000,20271004,21665331
"dgp2",4,5,6,20,1000,20271004,21665332
"dgp2",4,5,7,20,1000,20271004,21665333
"dgp2",4,5,8,20,1000,20271004,21665334
"dgp2",4,5,9,20,1000,20271004,21665335
"dgp2",4,5,10,20,1000,20271004,21665336
"dgp2",4,5,11,20,1000,20271004,21665337
"dgp2",4,5,12,20,1000,20271004,21665338
"dgp2",4,5,13,20,1000,20271004,21665339
"dgp2",4,5,14,20,1000,20271004,21665340
"dgp2",4,5,15,20,1000,20271004,21665341
"dgp2",4,5,16,20,1000,20271004,21665342
"dgp2",4,5,17,20,1000,20271004,21665343
"dgp2",4,5,18,20,1000,20271004,21665344
"dgp2",4,5,19,20,1000,20271004,21665345
"dgp2",4,5,20,20,1000,20271004,21665346
"dgp2",4,5,21,20,1000,20271004,21665347
"dgp2",4,5,22,20,1000,20271004,21665348
"dgp2",4,5,23,20,1000,20271004,21665349
"dgp2",4,5,24,20,1000,20271004,21665350
"dgp2",4,5,25,20,1000,20271004,21665351
"dgp2",4,5,26,20,1000,20271004,21665352
"dgp2",4,5,27,20,1000,20271004,21665353
"dgp2",4,5,28,20,1000,20271004,21665354
"dgp2",4,5,29,20,1000,20271004,21665355
"dgp2",4,5,30,20,1000,20271004,21665356
"dgp2",4,5,31,20,1000,20271004,21665357
"dgp2",4,5,32,20,1000,20271004,21665358
"dgp2",4,5,33,20,1000,20271004,21665359
"dgp2",4,5,34,20,1000,20271004,21665360
"dgp2",4,5,35,20,1000,20271004,21665361
"dgp2",4,5,36,20,1000,20271004,21665362
"dgp2",4,5,37,20,1000,20271004,21665363
"dgp2",4,5,38,20,1000,20271004,21665364
"dgp2",4,5,39,20,1000,20271004,21665365
"dgp2",4,5,40,20,1000,20271004,21665366
"dgp2",4,5,41,20,1000,20271004,21665367
"dgp2",4,5,42,20,1000,20271004,21665368
"dgp2",4,5,43,20,1000,20271004,21665369
"dgp2",4,5,44,20,1000,20271004,21665370
"dgp2",4,5,45,20,1000,20271004,21665371
"dgp2",4,5,46,20,1000,20271004,21665372
"dgp2",4,5,47,20,1000,20271004,21665373
"dgp2",4,5,48,20,1000,20271004,21665374
"dgp2",4,5,49,20,1000,20271004,21665375
"dgp2",4,5,50,20,1000,20271004,21665376
"dgp2",4,5,51,20,1000,20271004,21665377
"dgp2",4,5,52,20,1000,20271004,21665378
"dgp2",4,5,53,20,1000,20271004,21665379
"dgp2",4,5,54,20,1000,20271004,21665380
"dgp2",4,5,55,20,1000,20271004,21665381
"dgp2",4,5,56,20,1000,20271004,21665382
"dgp2",4,5,57,20,1000,20271004,21665383
"dgp2",4,5,58,20,1000,20271004,21665384
"dgp2",4,5,59,20,1000,20271004,21665385
"dgp2",4,5,60,20,1000,20271004,21665386
"dgp2",4,5,61,20,1000,20271004,21665387
"dgp2",4,5,62,20,1000,20271004,21665388
"dgp2",4,5,63,20,1000,20271004,21665389
"dgp2",4,5,64,20,1000,20271004,21665390
"dgp2",4,5,65,20,1000,20271004,21665391
"dgp2",4,5,66,20,1000,20271004,21665392
"dgp2",4,5,67,20,1000,20271004,21665393
"dgp2",4,5,68,20,1000,20271004,21665394
"dgp2",4,5,69,20,1000,20271004,21665395
"dgp2",4,5,70,20,1000,20271004,21665396
"dgp2",4,5,71,20,1000,20271004,21665397
"dgp2",4,5,72,20,1000,20271004,21665398
"dgp2",4,5,73,20,1000,20271004,21665399
"dgp2",4,5,74,20,1000,20271004,21665400
"dgp2",4,5,75,20,1000,20271004,21665401
"dgp2",4,5,76,20,1000,20271004,21665402
"dgp2",4,5,77,20,1000,20271004,21665403
"dgp2",4,5,78,20,1000,20271004,21665404
"dgp2",4,5,79,20,1000,20271004,21665405
"dgp2",4,5,80,20,1000,20271004,21665406
"dgp2",4,5,81,20,1000,20271004,21665407
"dgp2",4,5,82,20,1000,20271004,21665408
"dgp2",4,5,83,20,1000,20271004,21665409
"dgp2",4,5,84,20,1000,20271004,21665410
"dgp2",4,5,85,20,1000,20271004,21665411
"dgp2",4,5,86,20,1000,20271004,21665412
"dgp2",4,5,87,20,1000,20271004,21665413
"dgp2",4,5,88,20,1000,20271004,21665414
"dgp2",4,5,89,20,1000,20271004,21665415
"dgp2",4,5,90,20,1000,20271004,21665416
"dgp2",4,5,91,20,1000,20271004,21665417
"dgp2",4,5,92,20,1000,20271004,21665418
"dgp2",4,5,93,20,1000,20271004,21665419
"dgp2",4,5,94,20,1000,20271004,21665420
"dgp2",4,5,95,20,1000,20271004,21665421
"dgp2",4,5,96,20,1000,20271004,21665422
"dgp2",4,5,97,20,1000,20271004,21665423
"dgp2",4,5,98,20,1000,20271004,21665424
"dgp2",4,5,99,20,1000,20271004,21665425
"dgp2",4,5,100,20,1000,20271004,21665426
"dgp2",4,6,1,20,2000,20271004,21666327
"dgp2",4,6,2,20,2000,20271004,21666328
"dgp2",4,6,3,20,2000,20271004,21666329
"dgp2",4,6,4,20,2000,20271004,21666330
"dgp2",4,6,5,20,2000,20271004,21666331
"dgp2",4,6,6,20,2000,20271004,21666332
"dgp2",4,6,7,20,2000,20271004,21666333
"dgp2",4,6,8,20,2000,20271004,21666334
"dgp2",4,6,9,20,2000,20271004,21666335
"dgp2",4,6,10,20,2000,20271004,21666336
"dgp2",4,6,11,20,2000,20271004,21666337
"dgp2",4,6,12,20,2000,20271004,21666338
"dgp2",4,6,13,20,2000,20271004,21666339
"dgp2",4,6,14,20,2000,20271004,21666340
"dgp2",4,6,15,20,2000,20271004,21666341
"dgp2",4,6,16,20,2000,20271004,21666342
"dgp2",4,6,17,20,2000,20271004,21666343
"dgp2",4,6,18,20,2000,20271004,21666344
"dgp2",4,6,19,20,2000,20271004,21666345
"dgp2",4,6,20,20,2000,20271004,21666346
"dgp2",4,6,21,20,2000,20271004,21666347
"dgp2",4,6,22,20,2000,20271004,21666348
"dgp2",4,6,23,20,2000,20271004,21666349
"dgp2",4,6,24,20,2000,20271004,21666350
"dgp2",4,6,25,20,2000,20271004,21666351
"dgp2",4,6,26,20,2000,20271004,21666352
"dgp2",4,6,27,20,2000,20271004,21666353
"dgp2",4,6,28,20,2000,20271004,21666354
"dgp2",4,6,29,20,2000,20271004,21666355
"dgp2",4,6,30,20,2000,20271004,21666356
"dgp2",4,6,31,20,2000,20271004,21666357
"dgp2",4,6,32,20,2000,20271004,21666358
"dgp2",4,6,33,20,2000,20271004,21666359
"dgp2",4,6,34,20,2000,20271004,21666360
"dgp2",4,6,35,20,2000,20271004,21666361
"dgp2",4,6,36,20,2000,20271004,21666362
"dgp2",4,6,37,20,2000,20271004,21666363
"dgp2",4,6,38,20,2000,20271004,21666364
"dgp2",4,6,39,20,2000,20271004,21666365
"dgp2",4,6,40,20,2000,20271004,21666366
"dgp2",4,6,41,20,2000,20271004,21666367
"dgp2",4,6,42,20,2000,20271004,21666368
"dgp2",4,6,43,20,2000,20271004,21666369
"dgp2",4,6,44,20,2000,20271004,21666370
"dgp2",4,6,45,20,2000,20271004,21666371
"dgp2",4,6,46,20,2000,20271004,21666372
"dgp2",4,6,47,20,2000,20271004,21666373
"dgp2",4,6,48,20,2000,20271004,21666374
"dgp2",4,6,49,20,2000,20271004,21666375
"dgp2",4,6,50,20,2000,20271004,21666376
"dgp2",4,6,51,20,2000,20271004,21666377
"dgp2",4,6,52,20,2000,20271004,21666378
"dgp2",4,6,53,20,2000,20271004,21666379
"dgp2",4,6,54,20,2000,20271004,21666380
"dgp2",4,6,55,20,2000,20271004,21666381
"dgp2",4,6,56,20,2000,20271004,21666382
"dgp2",4,6,57,20,2000,20271004,21666383
"dgp2",4,6,58,20,2000,20271004,21666384
"dgp2",4,6,59,20,2000,20271004,21666385
"dgp2",4,6,60,20,2000,20271004,21666386
"dgp2",4,6,61,20,2000,20271004,21666387
"dgp2",4,6,62,20,2000,20271004,21666388
"dgp2",4,6,63,20,2000,20271004,21666389
"dgp2",4,6,64,20,2000,20271004,21666390
"dgp2",4,6,65,20,2000,20271004,21666391
"dgp2",4,6,66,20,2000,20271004,21666392
"dgp2",4,6,67,20,2000,20271004,21666393
"dgp2",4,6,68,20,2000,20271004,21666394
"dgp2",4,6,69,20,2000,20271004,21666395
"dgp2",4,6,70,20,2000,20271004,21666396
"dgp2",4,6,71,20,2000,20271004,21666397
"dgp2",4,6,72,20,2000,20271004,21666398
"dgp2",4,6,73,20,2000,20271004,21666399
"dgp2",4,6,74,20,2000,20271004,21666400
"dgp2",4,6,75,20,2000,20271004,21666401
"dgp2",4,6,76,20,2000,20271004,21666402
"dgp2",4,6,77,20,2000,20271004,21666403
"dgp2",4,6,78,20,2000,20271004,21666404
"dgp2",4,6,79,20,2000,20271004,21666405
"dgp2",4,6,80,20,2000,20271004,21666406
"dgp2",4,6,81,20,2000,20271004,21666407
"dgp2",4,6,82,20,2000,20271004,21666408
"dgp2",4,6,83,20,2000,20271004,21666409
"dgp2",4,6,84,20,2000,20271004,21666410
"dgp2",4,6,85,20,2000,20271004,21666411
"dgp2",4,6,86,20,2000,20271004,21666412
"dgp2",4,6,87,20,2000,20271004,21666413
"dgp2",4,6,88,20,2000,20271004,21666414
"dgp2",4,6,89,20,2000,20271004,21666415
"dgp2",4,6,90,20,2000,20271004,21666416
"dgp2",4,6,91,20,2000,20271004,21666417
"dgp2",4,6,92,20,2000,20271004,21666418
"dgp2",4,6,93,20,2000,20271004,21666419
"dgp2",4,6,94,20,2000,20271004,21666420
"dgp2",4,6,95,20,2000,20271004,21666421
"dgp2",4,6,96,20,2000,20271004,21666422
"dgp2",4,6,97,20,2000,20271004,21666423
"dgp2",4,6,98,20,2000,20271004,21666424
"dgp2",4,6,99,20,2000,20271004,21666425
"dgp2",4,6,100,20,2000,20271004,21666426
"dgp2",5,1,1,25,100,20271005,21761327
"dgp2",5,1,2,25,100,20271005,21761328
"dgp2",5,1,3,25,100,20271005,21761329
"dgp2",5,1,4,25,100,20271005,21761330
"dgp2",5,1,5,25,100,20271005,21761331
"dgp2",5,1,6,25,100,20271005,21761332
"dgp2",5,1,7,25,100,20271005,21761333
"dgp2",5,1,8,25,100,20271005,21761334
"dgp2",5,1,9,25,100,20271005,21761335
"dgp2",5,1,10,25,100,20271005,21761336
"dgp2",5,1,11,25,100,20271005,21761337
"dgp2",5,1,12,25,100,20271005,21761338
"dgp2",5,1,13,25,100,20271005,21761339
"dgp2",5,1,14,25,100,20271005,21761340
"dgp2",5,1,15,25,100,20271005,21761341
"dgp2",5,1,16,25,100,20271005,21761342
"dgp2",5,1,17,25,100,20271005,21761343
"dgp2",5,1,18,25,100,20271005,21761344
"dgp2",5,1,19,25,100,20271005,21761345
"dgp2",5,1,20,25,100,20271005,21761346
"dgp2",5,1,21,25,100,20271005,21761347
"dgp2",5,1,22,25,100,20271005,21761348
"dgp2",5,1,23,25,100,20271005,21761349
"dgp2",5,1,24,25,100,20271005,21761350
"dgp2",5,1,25,25,100,20271005,21761351
"dgp2",5,1,26,25,100,20271005,21761352
"dgp2",5,1,27,25,100,20271005,21761353
"dgp2",5,1,28,25,100,20271005,21761354
"dgp2",5,1,29,25,100,20271005,21761355
"dgp2",5,1,30,25,100,20271005,21761356
"dgp2",5,1,31,25,100,20271005,21761357
"dgp2",5,1,32,25,100,20271005,21761358
"dgp2",5,1,33,25,100,20271005,21761359
"dgp2",5,1,34,25,100,20271005,21761360
"dgp2",5,1,35,25,100,20271005,21761361
"dgp2",5,1,36,25,100,20271005,21761362
"dgp2",5,1,37,25,100,20271005,21761363
"dgp2",5,1,38,25,100,20271005,21761364
"dgp2",5,1,39,25,100,20271005,21761365
"dgp2",5,1,40,25,100,20271005,21761366
"dgp2",5,1,41,25,100,20271005,21761367
"dgp2",5,1,42,25,100,20271005,21761368
"dgp2",5,1,43,25,100,20271005,21761369
"dgp2",5,1,44,25,100,20271005,21761370
"dgp2",5,1,45,25,100,20271005,21761371
"dgp2",5,1,46,25,100,20271005,21761372
"dgp2",5,1,47,25,100,20271005,21761373
"dgp2",5,1,48,25,100,20271005,21761374
"dgp2",5,1,49,25,100,20271005,21761375
"dgp2",5,1,50,25,100,20271005,21761376
"dgp2",5,1,51,25,100,20271005,21761377
"dgp2",5,1,52,25,100,20271005,21761378
"dgp2",5,1,53,25,100,20271005,21761379
"dgp2",5,1,54,25,100,20271005,21761380
"dgp2",5,1,55,25,100,20271005,21761381
"dgp2",5,1,56,25,100,20271005,21761382
"dgp2",5,1,57,25,100,20271005,21761383
"dgp2",5,1,58,25,100,20271005,21761384
"dgp2",5,1,59,25,100,20271005,21761385
"dgp2",5,1,60,25,100,20271005,21761386
"dgp2",5,1,61,25,100,20271005,21761387
"dgp2",5,1,62,25,100,20271005,21761388
"dgp2",5,1,63,25,100,20271005,21761389
"dgp2",5,1,64,25,100,20271005,21761390
"dgp2",5,1,65,25,100,20271005,21761391
"dgp2",5,1,66,25,100,20271005,21761392
"dgp2",5,1,67,25,100,20271005,21761393
"dgp2",5,1,68,25,100,20271005,21761394
"dgp2",5,1,69,25,100,20271005,21761395
"dgp2",5,1,70,25,100,20271005,21761396
"dgp2",5,1,71,25,100,20271005,21761397
"dgp2",5,1,72,25,100,20271005,21761398
"dgp2",5,1,73,25,100,20271005,21761399
"dgp2",5,1,74,25,100,20271005,21761400
"dgp2",5,1,75,25,100,20271005,21761401
"dgp2",5,1,76,25,100,20271005,21761402
"dgp2",5,1,77,25,100,20271005,21761403
"dgp2",5,1,78,25,100,20271005,21761404
"dgp2",5,1,79,25,100,20271005,21761405
"dgp2",5,1,80,25,100,20271005,21761406
"dgp2",5,1,81,25,100,20271005,21761407
"dgp2",5,1,82,25,100,20271005,21761408
"dgp2",5,1,83,25,100,20271005,21761409
"dgp2",5,1,84,25,100,20271005,21761410
"dgp2",5,1,85,25,100,20271005,21761411
"dgp2",5,1,86,25,100,20271005,21761412
"dgp2",5,1,87,25,100,20271005,21761413
"dgp2",5,1,88,25,100,20271005,21761414
"dgp2",5,1,89,25,100,20271005,21761415
"dgp2",5,1,90,25,100,20271005,21761416
"dgp2",5,1,91,25,100,20271005,21761417
"dgp2",5,1,92,25,100,20271005,21761418
"dgp2",5,1,93,25,100,20271005,21761419
"dgp2",5,1,94,25,100,20271005,21761420
"dgp2",5,1,95,25,100,20271005,21761421
"dgp2",5,1,96,25,100,20271005,21761422
"dgp2",5,1,97,25,100,20271005,21761423
"dgp2",5,1,98,25,100,20271005,21761424
"dgp2",5,1,99,25,100,20271005,21761425
"dgp2",5,1,100,25,100,20271005,21761426
"dgp2",5,2,1,25,200,20271005,21762327
"dgp2",5,2,2,25,200,20271005,21762328
"dgp2",5,2,3,25,200,20271005,21762329
"dgp2",5,2,4,25,200,20271005,21762330
"dgp2",5,2,5,25,200,20271005,21762331
"dgp2",5,2,6,25,200,20271005,21762332
"dgp2",5,2,7,25,200,20271005,21762333
"dgp2",5,2,8,25,200,20271005,21762334
"dgp2",5,2,9,25,200,20271005,21762335
"dgp2",5,2,10,25,200,20271005,21762336
"dgp2",5,2,11,25,200,20271005,21762337
"dgp2",5,2,12,25,200,20271005,21762338
"dgp2",5,2,13,25,200,20271005,21762339
"dgp2",5,2,14,25,200,20271005,21762340
"dgp2",5,2,15,25,200,20271005,21762341
"dgp2",5,2,16,25,200,20271005,21762342
"dgp2",5,2,17,25,200,20271005,21762343
"dgp2",5,2,18,25,200,20271005,21762344
"dgp2",5,2,19,25,200,20271005,21762345
"dgp2",5,2,20,25,200,20271005,21762346
"dgp2",5,2,21,25,200,20271005,21762347
"dgp2",5,2,22,25,200,20271005,21762348
"dgp2",5,2,23,25,200,20271005,21762349
"dgp2",5,2,24,25,200,20271005,21762350
"dgp2",5,2,25,25,200,20271005,21762351
"dgp2",5,2,26,25,200,20271005,21762352
"dgp2",5,2,27,25,200,20271005,21762353
"dgp2",5,2,28,25,200,20271005,21762354
"dgp2",5,2,29,25,200,20271005,21762355
"dgp2",5,2,30,25,200,20271005,21762356
"dgp2",5,2,31,25,200,20271005,21762357
"dgp2",5,2,32,25,200,20271005,21762358
"dgp2",5,2,33,25,200,20271005,21762359
"dgp2",5,2,34,25,200,20271005,21762360
"dgp2",5,2,35,25,200,20271005,21762361
"dgp2",5,2,36,25,200,20271005,21762362
"dgp2",5,2,37,25,200,20271005,21762363
"dgp2",5,2,38,25,200,20271005,21762364
"dgp2",5,2,39,25,200,20271005,21762365
"dgp2",5,2,40,25,200,20271005,21762366
"dgp2",5,2,41,25,200,20271005,21762367
"dgp2",5,2,42,25,200,20271005,21762368
"dgp2",5,2,43,25,200,20271005,21762369
"dgp2",5,2,44,25,200,20271005,21762370
"dgp2",5,2,45,25,200,20271005,21762371
"dgp2",5,2,46,25,200,20271005,21762372
"dgp2",5,2,47,25,200,20271005,21762373
"dgp2",5,2,48,25,200,20271005,21762374
"dgp2",5,2,49,25,200,20271005,21762375
"dgp2",5,2,50,25,200,20271005,21762376
"dgp2",5,2,51,25,200,20271005,21762377
"dgp2",5,2,52,25,200,20271005,21762378
"dgp2",5,2,53,25,200,20271005,21762379
"dgp2",5,2,54,25,200,20271005,21762380
"dgp2",5,2,55,25,200,20271005,21762381
"dgp2",5,2,56,25,200,20271005,21762382
"dgp2",5,2,57,25,200,20271005,21762383
"dgp2",5,2,58,25,200,20271005,21762384
"dgp2",5,2,59,25,200,20271005,21762385
"dgp2",5,2,60,25,200,20271005,21762386
"dgp2",5,2,61,25,200,20271005,21762387
"dgp2",5,2,62,25,200,20271005,21762388
"dgp2",5,2,63,25,200,20271005,21762389
"dgp2",5,2,64,25,200,20271005,21762390
"dgp2",5,2,65,25,200,20271005,21762391
"dgp2",5,2,66,25,200,20271005,21762392
"dgp2",5,2,67,25,200,20271005,21762393
"dgp2",5,2,68,25,200,20271005,21762394
"dgp2",5,2,69,25,200,20271005,21762395
"dgp2",5,2,70,25,200,20271005,21762396
"dgp2",5,2,71,25,200,20271005,21762397
"dgp2",5,2,72,25,200,20271005,21762398
"dgp2",5,2,73,25,200,20271005,21762399
"dgp2",5,2,74,25,200,20271005,21762400
"dgp2",5,2,75,25,200,20271005,21762401
"dgp2",5,2,76,25,200,20271005,21762402
"dgp2",5,2,77,25,200,20271005,21762403
"dgp2",5,2,78,25,200,20271005,21762404
"dgp2",5,2,79,25,200,20271005,21762405
"dgp2",5,2,80,25,200,20271005,21762406
"dgp2",5,2,81,25,200,20271005,21762407
"dgp2",5,2,82,25,200,20271005,21762408
"dgp2",5,2,83,25,200,20271005,21762409
"dgp2",5,2,84,25,200,20271005,21762410
"dgp2",5,2,85,25,200,20271005,21762411
"dgp2",5,2,86,25,200,20271005,21762412
"dgp2",5,2,87,25,200,20271005,21762413
"dgp2",5,2,88,25,200,20271005,21762414
"dgp2",5,2,89,25,200,20271005,21762415
"dgp2",5,2,90,25,200,20271005,21762416
"dgp2",5,2,91,25,200,20271005,21762417
"dgp2",5,2,92,25,200,20271005,21762418
"dgp2",5,2,93,25,200,20271005,21762419
"dgp2",5,2,94,25,200,20271005,21762420
"dgp2",5,2,95,25,200,20271005,21762421
"dgp2",5,2,96,25,200,20271005,21762422
"dgp2",5,2,97,25,200,20271005,21762423
"dgp2",5,2,98,25,200,20271005,21762424
"dgp2",5,2,99,25,200,20271005,21762425
"dgp2",5,2,100,25,200,20271005,21762426
"dgp2",5,3,1,25,300,20271005,21763327
"dgp2",5,3,2,25,300,20271005,21763328
"dgp2",5,3,3,25,300,20271005,21763329
"dgp2",5,3,4,25,300,20271005,21763330
"dgp2",5,3,5,25,300,20271005,21763331
"dgp2",5,3,6,25,300,20271005,21763332
"dgp2",5,3,7,25,300,20271005,21763333
"dgp2",5,3,8,25,300,20271005,21763334
"dgp2",5,3,9,25,300,20271005,21763335
"dgp2",5,3,10,25,300,20271005,21763336
"dgp2",5,3,11,25,300,20271005,21763337
"dgp2",5,3,12,25,300,20271005,21763338
"dgp2",5,3,13,25,300,20271005,21763339
"dgp2",5,3,14,25,300,20271005,21763340
"dgp2",5,3,15,25,300,20271005,21763341
"dgp2",5,3,16,25,300,20271005,21763342
"dgp2",5,3,17,25,300,20271005,21763343
"dgp2",5,3,18,25,300,20271005,21763344
"dgp2",5,3,19,25,300,20271005,21763345
"dgp2",5,3,20,25,300,20271005,21763346
"dgp2",5,3,21,25,300,20271005,21763347
"dgp2",5,3,22,25,300,20271005,21763348
"dgp2",5,3,23,25,300,20271005,21763349
"dgp2",5,3,24,25,300,20271005,21763350
"dgp2",5,3,25,25,300,20271005,21763351
"dgp2",5,3,26,25,300,20271005,21763352
"dgp2",5,3,27,25,300,20271005,21763353
"dgp2",5,3,28,25,300,20271005,21763354
"dgp2",5,3,29,25,300,20271005,21763355
"dgp2",5,3,30,25,300,20271005,21763356
"dgp2",5,3,31,25,300,20271005,21763357
"dgp2",5,3,32,25,300,20271005,21763358
"dgp2",5,3,33,25,300,20271005,21763359
"dgp2",5,3,34,25,300,20271005,21763360
"dgp2",5,3,35,25,300,20271005,21763361
"dgp2",5,3,36,25,300,20271005,21763362
"dgp2",5,3,37,25,300,20271005,21763363
"dgp2",5,3,38,25,300,20271005,21763364
"dgp2",5,3,39,25,300,20271005,21763365
"dgp2",5,3,40,25,300,20271005,21763366
"dgp2",5,3,41,25,300,20271005,21763367
"dgp2",5,3,42,25,300,20271005,21763368
"dgp2",5,3,43,25,300,20271005,21763369
"dgp2",5,3,44,25,300,20271005,21763370
"dgp2",5,3,45,25,300,20271005,21763371
"dgp2",5,3,46,25,300,20271005,21763372
"dgp2",5,3,47,25,300,20271005,21763373
"dgp2",5,3,48,25,300,20271005,21763374
"dgp2",5,3,49,25,300,20271005,21763375
"dgp2",5,3,50,25,300,20271005,21763376
"dgp2",5,3,51,25,300,20271005,21763377
"dgp2",5,3,52,25,300,20271005,21763378
"dgp2",5,3,53,25,300,20271005,21763379
"dgp2",5,3,54,25,300,20271005,21763380
"dgp2",5,3,55,25,300,20271005,21763381
"dgp2",5,3,56,25,300,20271005,21763382
"dgp2",5,3,57,25,300,20271005,21763383
"dgp2",5,3,58,25,300,20271005,21763384
"dgp2",5,3,59,25,300,20271005,21763385
"dgp2",5,3,60,25,300,20271005,21763386
"dgp2",5,3,61,25,300,20271005,21763387
"dgp2",5,3,62,25,300,20271005,21763388
"dgp2",5,3,63,25,300,20271005,21763389
"dgp2",5,3,64,25,300,20271005,21763390
"dgp2",5,3,65,25,300,20271005,21763391
"dgp2",5,3,66,25,300,20271005,21763392
"dgp2",5,3,67,25,300,20271005,21763393
"dgp2",5,3,68,25,300,20271005,21763394
"dgp2",5,3,69,25,300,20271005,21763395
"dgp2",5,3,70,25,300,20271005,21763396
"dgp2",5,3,71,25,300,20271005,21763397
"dgp2",5,3,72,25,300,20271005,21763398
"dgp2",5,3,73,25,300,20271005,21763399
"dgp2",5,3,74,25,300,20271005,21763400
"dgp2",5,3,75,25,300,20271005,21763401
"dgp2",5,3,76,25,300,20271005,21763402
"dgp2",5,3,77,25,300,20271005,21763403
"dgp2",5,3,78,25,300,20271005,21763404
"dgp2",5,3,79,25,300,20271005,21763405
"dgp2",5,3,80,25,300,20271005,21763406
"dgp2",5,3,81,25,300,20271005,21763407
"dgp2",5,3,82,25,300,20271005,21763408
"dgp2",5,3,83,25,300,20271005,21763409
"dgp2",5,3,84,25,300,20271005,21763410
"dgp2",5,3,85,25,300,20271005,21763411
"dgp2",5,3,86,25,300,20271005,21763412
"dgp2",5,3,87,25,300,20271005,21763413
"dgp2",5,3,88,25,300,20271005,21763414
"dgp2",5,3,89,25,300,20271005,21763415
"dgp2",5,3,90,25,300,20271005,21763416
"dgp2",5,3,91,25,300,20271005,21763417
"dgp2",5,3,92,25,300,20271005,21763418
"dgp2",5,3,93,25,300,20271005,21763419
"dgp2",5,3,94,25,300,20271005,21763420
"dgp2",5,3,95,25,300,20271005,21763421
"dgp2",5,3,96,25,300,20271005,21763422
"dgp2",5,3,97,25,300,20271005,21763423
"dgp2",5,3,98,25,300,20271005,21763424
"dgp2",5,3,99,25,300,20271005,21763425
"dgp2",5,3,100,25,300,20271005,21763426
"dgp2",5,4,1,25,500,20271005,21764327
"dgp2",5,4,2,25,500,20271005,21764328
"dgp2",5,4,3,25,500,20271005,21764329
"dgp2",5,4,4,25,500,20271005,21764330
"dgp2",5,4,5,25,500,20271005,21764331
"dgp2",5,4,6,25,500,20271005,21764332
"dgp2",5,4,7,25,500,20271005,21764333
"dgp2",5,4,8,25,500,20271005,21764334
"dgp2",5,4,9,25,500,20271005,21764335
"dgp2",5,4,10,25,500,20271005,21764336
"dgp2",5,4,11,25,500,20271005,21764337
"dgp2",5,4,12,25,500,20271005,21764338
"dgp2",5,4,13,25,500,20271005,21764339
"dgp2",5,4,14,25,500,20271005,21764340
"dgp2",5,4,15,25,500,20271005,21764341
"dgp2",5,4,16,25,500,20271005,21764342
"dgp2",5,4,17,25,500,20271005,21764343
"dgp2",5,4,18,25,500,20271005,21764344
"dgp2",5,4,19,25,500,20271005,21764345
"dgp2",5,4,20,25,500,20271005,21764346
"dgp2",5,4,21,25,500,20271005,21764347
"dgp2",5,4,22,25,500,20271005,21764348
"dgp2",5,4,23,25,500,20271005,21764349
"dgp2",5,4,24,25,500,20271005,21764350
"dgp2",5,4,25,25,500,20271005,21764351
"dgp2",5,4,26,25,500,20271005,21764352
"dgp2",5,4,27,25,500,20271005,21764353
"dgp2",5,4,28,25,500,20271005,21764354
"dgp2",5,4,29,25,500,20271005,21764355
"dgp2",5,4,30,25,500,20271005,21764356
"dgp2",5,4,31,25,500,20271005,21764357
"dgp2",5,4,32,25,500,20271005,21764358
"dgp2",5,4,33,25,500,20271005,21764359
"dgp2",5,4,34,25,500,20271005,21764360
"dgp2",5,4,35,25,500,20271005,21764361
"dgp2",5,4,36,25,500,20271005,21764362
"dgp2",5,4,37,25,500,20271005,21764363
"dgp2",5,4,38,25,500,20271005,21764364
"dgp2",5,4,39,25,500,20271005,21764365
"dgp2",5,4,40,25,500,20271005,21764366
"dgp2",5,4,41,25,500,20271005,21764367
"dgp2",5,4,42,25,500,20271005,21764368
"dgp2",5,4,43,25,500,20271005,21764369
"dgp2",5,4,44,25,500,20271005,21764370
"dgp2",5,4,45,25,500,20271005,21764371
"dgp2",5,4,46,25,500,20271005,21764372
"dgp2",5,4,47,25,500,20271005,21764373
"dgp2",5,4,48,25,500,20271005,21764374
"dgp2",5,4,49,25,500,20271005,21764375
"dgp2",5,4,50,25,500,20271005,21764376
"dgp2",5,4,51,25,500,20271005,21764377
"dgp2",5,4,52,25,500,20271005,21764378
"dgp2",5,4,53,25,500,20271005,21764379
"dgp2",5,4,54,25,500,20271005,21764380
"dgp2",5,4,55,25,500,20271005,21764381
"dgp2",5,4,56,25,500,20271005,21764382
"dgp2",5,4,57,25,500,20271005,21764383
"dgp2",5,4,58,25,500,20271005,21764384
"dgp2",5,4,59,25,500,20271005,21764385
"dgp2",5,4,60,25,500,20271005,21764386
"dgp2",5,4,61,25,500,20271005,21764387
"dgp2",5,4,62,25,500,20271005,21764388
"dgp2",5,4,63,25,500,20271005,21764389
"dgp2",5,4,64,25,500,20271005,21764390
"dgp2",5,4,65,25,500,20271005,21764391
"dgp2",5,4,66,25,500,20271005,21764392
"dgp2",5,4,67,25,500,20271005,21764393
"dgp2",5,4,68,25,500,20271005,21764394
"dgp2",5,4,69,25,500,20271005,21764395
"dgp2",5,4,70,25,500,20271005,21764396
"dgp2",5,4,71,25,500,20271005,21764397
"dgp2",5,4,72,25,500,20271005,21764398
"dgp2",5,4,73,25,500,20271005,21764399
"dgp2",5,4,74,25,500,20271005,21764400
"dgp2",5,4,75,25,500,20271005,21764401
"dgp2",5,4,76,25,500,20271005,21764402
"dgp2",5,4,77,25,500,20271005,21764403
"dgp2",5,4,78,25,500,20271005,21764404
"dgp2",5,4,79,25,500,20271005,21764405
"dgp2",5,4,80,25,500,20271005,21764406
"dgp2",5,4,81,25,500,20271005,21764407
"dgp2",5,4,82,25,500,20271005,21764408
"dgp2",5,4,83,25,500,20271005,21764409
"dgp2",5,4,84,25,500,20271005,21764410
"dgp2",5,4,85,25,500,20271005,21764411
"dgp2",5,4,86,25,500,20271005,21764412
"dgp2",5,4,87,25,500,20271005,21764413
"dgp2",5,4,88,25,500,20271005,21764414
"dgp2",5,4,89,25,500,20271005,21764415
"dgp2",5,4,90,25,500,20271005,21764416
"dgp2",5,4,91,25,500,20271005,21764417
"dgp2",5,4,92,25,500,20271005,21764418
"dgp2",5,4,93,25,500,20271005,21764419
"dgp2",5,4,94,25,500,20271005,21764420
"dgp2",5,4,95,25,500,20271005,21764421
"dgp2",5,4,96,25,500,20271005,21764422
"dgp2",5,4,97,25,500,20271005,21764423
"dgp2",5,4,98,25,500,20271005,21764424
"dgp2",5,4,99,25,500,20271005,21764425
"dgp2",5,4,100,25,500,20271005,21764426
"dgp2",5,5,1,25,1000,20271005,21765327
"dgp2",5,5,2,25,1000,20271005,21765328
"dgp2",5,5,3,25,1000,20271005,21765329
"dgp2",5,5,4,25,1000,20271005,21765330
"dgp2",5,5,5,25,1000,20271005,21765331
"dgp2",5,5,6,25,1000,20271005,21765332
"dgp2",5,5,7,25,1000,20271005,21765333
"dgp2",5,5,8,25,1000,20271005,21765334
"dgp2",5,5,9,25,1000,20271005,21765335
"dgp2",5,5,10,25,1000,20271005,21765336
"dgp2",5,5,11,25,1000,20271005,21765337
"dgp2",5,5,12,25,1000,20271005,21765338
"dgp2",5,5,13,25,1000,20271005,21765339
"dgp2",5,5,14,25,1000,20271005,21765340
"dgp2",5,5,15,25,1000,20271005,21765341
"dgp2",5,5,16,25,1000,20271005,21765342
"dgp2",5,5,17,25,1000,20271005,21765343
"dgp2",5,5,18,25,1000,20271005,21765344
"dgp2",5,5,19,25,1000,20271005,21765345
"dgp2",5,5,20,25,1000,20271005,21765346
"dgp2",5,5,21,25,1000,20271005,21765347
"dgp2",5,5,22,25,1000,20271005,21765348
"dgp2",5,5,23,25,1000,20271005,21765349
"dgp2",5,5,24,25,1000,20271005,21765350
"dgp2",5,5,25,25,1000,20271005,21765351
"dgp2",5,5,26,25,1000,20271005,21765352
"dgp2",5,5,27,25,1000,20271005,21765353
"dgp2",5,5,28,25,1000,20271005,21765354
"dgp2",5,5,29,25,1000,20271005,21765355
"dgp2",5,5,30,25,1000,20271005,21765356
"dgp2",5,5,31,25,1000,20271005,21765357
"dgp2",5,5,32,25,1000,20271005,21765358
"dgp2",5,5,33,25,1000,20271005,21765359
"dgp2",5,5,34,25,1000,20271005,21765360
"dgp2",5,5,35,25,1000,20271005,21765361
"dgp2",5,5,36,25,1000,20271005,21765362
"dgp2",5,5,37,25,1000,20271005,21765363
"dgp2",5,5,38,25,1000,20271005,21765364
"dgp2",5,5,39,25,1000,20271005,21765365
"dgp2",5,5,40,25,1000,20271005,21765366
"dgp2",5,5,41,25,1000,20271005,21765367
"dgp2",5,5,42,25,1000,20271005,21765368
"dgp2",5,5,43,25,1000,20271005,21765369
"dgp2",5,5,44,25,1000,20271005,21765370
"dgp2",5,5,45,25,1000,20271005,21765371
"dgp2",5,5,46,25,1000,20271005,21765372
"dgp2",5,5,47,25,1000,20271005,21765373
"dgp2",5,5,48,25,1000,20271005,21765374
"dgp2",5,5,49,25,1000,20271005,21765375
"dgp2",5,5,50,25,1000,20271005,21765376
"dgp2",5,5,51,25,1000,20271005,21765377
"dgp2",5,5,52,25,1000,20271005,21765378
"dgp2",5,5,53,25,1000,20271005,21765379
"dgp2",5,5,54,25,1000,20271005,21765380
"dgp2",5,5,55,25,1000,20271005,21765381
"dgp2",5,5,56,25,1000,20271005,21765382
"dgp2",5,5,57,25,1000,20271005,21765383
"dgp2",5,5,58,25,1000,20271005,21765384
"dgp2",5,5,59,25,1000,20271005,21765385
"dgp2",5,5,60,25,1000,20271005,21765386
"dgp2",5,5,61,25,1000,20271005,21765387
"dgp2",5,5,62,25,1000,20271005,21765388
"dgp2",5,5,63,25,1000,20271005,21765389
"dgp2",5,5,64,25,1000,20271005,21765390
"dgp2",5,5,65,25,1000,20271005,21765391
"dgp2",5,5,66,25,1000,20271005,21765392
"dgp2",5,5,67,25,1000,20271005,21765393
"dgp2",5,5,68,25,1000,20271005,21765394
"dgp2",5,5,69,25,1000,20271005,21765395
"dgp2",5,5,70,25,1000,20271005,21765396
"dgp2",5,5,71,25,1000,20271005,21765397
"dgp2",5,5,72,25,1000,20271005,21765398
"dgp2",5,5,73,25,1000,20271005,21765399
"dgp2",5,5,74,25,1000,20271005,21765400
"dgp2",5,5,75,25,1000,20271005,21765401
"dgp2",5,5,76,25,1000,20271005,21765402
"dgp2",5,5,77,25,1000,20271005,21765403
"dgp2",5,5,78,25,1000,20271005,21765404
"dgp2",5,5,79,25,1000,20271005,21765405
"dgp2",5,5,80,25,1000,20271005,21765406
"dgp2",5,5,81,25,1000,20271005,21765407
"dgp2",5,5,82,25,1000,20271005,21765408
"dgp2",5,5,83,25,1000,20271005,21765409
"dgp2",5,5,84,25,1000,20271005,21765410
"dgp2",5,5,85,25,1000,20271005,21765411
"dgp2",5,5,86,25,1000,20271005,21765412
"dgp2",5,5,87,25,1000,20271005,21765413
"dgp2",5,5,88,25,1000,20271005,21765414
"dgp2",5,5,89,25,1000,20271005,21765415
"dgp2",5,5,90,25,1000,20271005,21765416
"dgp2",5,5,91,25,1000,20271005,21765417
"dgp2",5,5,92,25,1000,20271005,21765418
"dgp2",5,5,93,25,1000,20271005,21765419
"dgp2",5,5,94,25,1000,20271005,21765420
"dgp2",5,5,95,25,1000,20271005,21765421
"dgp2",5,5,96,25,1000,20271005,21765422
"dgp2",5,5,97,25,1000,20271005,21765423
"dgp2",5,5,98,25,1000,20271005,21765424
"dgp2",5,5,99,25,1000,20271005,21765425
"dgp2",5,5,100,25,1000,20271005,21765426
"dgp2",5,6,1,25,2000,20271005,21766327
"dgp2",5,6,2,25,2000,20271005,21766328
"dgp2",5,6,3,25,2000,20271005,21766329
"dgp2",5,6,4,25,2000,20271005,21766330
"dgp2",5,6,5,25,2000,20271005,21766331
"dgp2",5,6,6,25,2000,20271005,21766332
"dgp2",5,6,7,25,2000,20271005,21766333
"dgp2",5,6,8,25,2000,20271005,21766334
"dgp2",5,6,9,25,2000,20271005,21766335
"dgp2",5,6,10,25,2000,20271005,21766336
"dgp2",5,6,11,25,2000,20271005,21766337
"dgp2",5,6,12,25,2000,20271005,21766338
"dgp2",5,6,13,25,2000,20271005,21766339
"dgp2",5,6,14,25,2000,20271005,21766340
"dgp2",5,6,15,25,2000,20271005,21766341
"dgp2",5,6,16,25,2000,20271005,21766342
"dgp2",5,6,17,25,2000,20271005,21766343
"dgp2",5,6,18,25,2000,20271005,21766344
"dgp2",5,6,19,25,2000,20271005,21766345
"dgp2",5,6,20,25,2000,20271005,21766346
"dgp2",5,6,21,25,2000,20271005,21766347
"dgp2",5,6,22,25,2000,20271005,21766348
"dgp2",5,6,23,25,2000,20271005,21766349
"dgp2",5,6,24,25,2000,20271005,21766350
"dgp2",5,6,25,25,2000,20271005,21766351
"dgp2",5,6,26,25,2000,20271005,21766352
"dgp2",5,6,27,25,2000,20271005,21766353
"dgp2",5,6,28,25,2000,20271005,21766354
"dgp2",5,6,29,25,2000,20271005,21766355
"dgp2",5,6,30,25,2000,20271005,21766356
"dgp2",5,6,31,25,2000,20271005,21766357
"dgp2",5,6,32,25,2000,20271005,21766358
"dgp2",5,6,33,25,2000,20271005,21766359
"dgp2",5,6,34,25,2000,20271005,21766360
"dgp2",5,6,35,25,2000,20271005,21766361
"dgp2",5,6,36,25,2000,20271005,21766362
"dgp2",5,6,37,25,2000,20271005,21766363
"dgp2",5,6,38,25,2000,20271005,21766364
"dgp2",5,6,39,25,2000,20271005,21766365
"dgp2",5,6,40,25,2000,20271005,21766366
"dgp2",5,6,41,25,2000,20271005,21766367
"dgp2",5,6,42,25,2000,20271005,21766368
"dgp2",5,6,43,25,2000,20271005,21766369
"dgp2",5,6,44,25,2000,20271005,21766370
"dgp2",5,6,45,25,2000,20271005,21766371
"dgp2",5,6,46,25,2000,20271005,21766372
"dgp2",5,6,47,25,2000,20271005,21766373
"dgp2",5,6,48,25,2000,20271005,21766374
"dgp2",5,6,49,25,2000,20271005,21766375
"dgp2",5,6,50,25,2000,20271005,21766376
"dgp2",5,6,51,25,2000,20271005,21766377
"dgp2",5,6,52,25,2000,20271005,21766378
"dgp2",5,6,53,25,2000,20271005,21766379
"dgp2",5,6,54,25,2000,20271005,21766380
"dgp2",5,6,55,25,2000,20271005,21766381
"dgp2",5,6,56,25,2000,20271005,21766382
"dgp2",5,6,57,25,2000,20271005,21766383
"dgp2",5,6,58,25,2000,20271005,21766384
"dgp2",5,6,59,25,2000,20271005,21766385
"dgp2",5,6,60,25,2000,20271005,21766386
"dgp2",5,6,61,25,2000,20271005,21766387
"dgp2",5,6,62,25,2000,20271005,21766388
"dgp2",5,6,63,25,2000,20271005,21766389
"dgp2",5,6,64,25,2000,20271005,21766390
"dgp2",5,6,65,25,2000,20271005,21766391
"dgp2",5,6,66,25,2000,20271005,21766392
"dgp2",5,6,67,25,2000,20271005,21766393
"dgp2",5,6,68,25,2000,20271005,21766394
"dgp2",5,6,69,25,2000,20271005,21766395
"dgp2",5,6,70,25,2000,20271005,21766396
"dgp2",5,6,71,25,2000,20271005,21766397
"dgp2",5,6,72,25,2000,20271005,21766398
"dgp2",5,6,73,25,2000,20271005,21766399
"dgp2",5,6,74,25,2000,20271005,21766400
"dgp2",5,6,75,25,2000,20271005,21766401
"dgp2",5,6,76,25,2000,20271005,21766402
"dgp2",5,6,77,25,2000,20271005,21766403
"dgp2",5,6,78,25,2000,20271005,21766404
"dgp2",5,6,79,25,2000,20271005,21766405
"dgp2",5,6,80,25,2000,20271005,21766406
"dgp2",5,6,81,25,2000,20271005,21766407
"dgp2",5,6,82,25,2000,20271005,21766408
"dgp2",5,6,83,25,2000,20271005,21766409
"dgp2",5,6,84,25,2000,20271005,21766410
"dgp2",5,6,85,25,2000,20271005,21766411
"dgp2",5,6,86,25,2000,20271005,21766412
"dgp2",5,6,87,25,2000,20271005,21766413
"dgp2",5,6,88,25,2000,20271005,21766414
"dgp2",5,6,89,25,2000,20271005,21766415
"dgp2",5,6,90,25,2000,20271005,21766416
"dgp2",5,6,91,25,2000,20271005,21766417
"dgp2",5,6,92,25,2000,20271005,21766418
"dgp2",5,6,93,25,2000,20271005,21766419
"dgp2",5,6,94,25,2000,20271005,21766420
"dgp2",5,6,95,25,2000,20271005,21766421
"dgp2",5,6,96,25,2000,20271005,21766422
"dgp2",5,6,97,25,2000,20271005,21766423
"dgp2",5,6,98,25,2000,20271005,21766424
"dgp2",5,6,99,25,2000,20271005,21766425
"dgp2",5,6,100,25,2000,20271005,21766426
"dgp2",6,1,1,30,100,20271006,21861327
"dgp2",6,1,2,30,100,20271006,21861328
"dgp2",6,1,3,30,100,20271006,21861329
"dgp2",6,1,4,30,100,20271006,21861330
"dgp2",6,1,5,30,100,20271006,21861331
"dgp2",6,1,6,30,100,20271006,21861332
"dgp2",6,1,7,30,100,20271006,21861333
"dgp2",6,1,8,30,100,20271006,21861334
"dgp2",6,1,9,30,100,20271006,21861335
"dgp2",6,1,10,30,100,20271006,21861336
"dgp2",6,1,11,30,100,20271006,21861337
"dgp2",6,1,12,30,100,20271006,21861338
"dgp2",6,1,13,30,100,20271006,21861339
"dgp2",6,1,14,30,100,20271006,21861340
"dgp2",6,1,15,30,100,20271006,21861341
"dgp2",6,1,16,30,100,20271006,21861342
"dgp2",6,1,17,30,100,20271006,21861343
"dgp2",6,1,18,30,100,20271006,21861344
"dgp2",6,1,19,30,100,20271006,21861345
"dgp2",6,1,20,30,100,20271006,21861346
"dgp2",6,1,21,30,100,20271006,21861347
"dgp2",6,1,22,30,100,20271006,21861348
"dgp2",6,1,23,30,100,20271006,21861349
"dgp2",6,1,24,30,100,20271006,21861350
"dgp2",6,1,25,30,100,20271006,21861351
"dgp2",6,1,26,30,100,20271006,21861352
"dgp2",6,1,27,30,100,20271006,21861353
"dgp2",6,1,28,30,100,20271006,21861354
"dgp2",6,1,29,30,100,20271006,21861355
"dgp2",6,1,30,30,100,20271006,21861356
"dgp2",6,1,31,30,100,20271006,21861357
"dgp2",6,1,32,30,100,20271006,21861358
"dgp2",6,1,33,30,100,20271006,21861359
"dgp2",6,1,34,30,100,20271006,21861360
"dgp2",6,1,35,30,100,20271006,21861361
"dgp2",6,1,36,30,100,20271006,21861362
"dgp2",6,1,37,30,100,20271006,21861363
"dgp2",6,1,38,30,100,20271006,21861364
"dgp2",6,1,39,30,100,20271006,21861365
"dgp2",6,1,40,30,100,20271006,21861366
"dgp2",6,1,41,30,100,20271006,21861367
"dgp2",6,1,42,30,100,20271006,21861368
"dgp2",6,1,43,30,100,20271006,21861369
"dgp2",6,1,44,30,100,20271006,21861370
"dgp2",6,1,45,30,100,20271006,21861371
"dgp2",6,1,46,30,100,20271006,21861372
"dgp2",6,1,47,30,100,20271006,21861373
"dgp2",6,1,48,30,100,20271006,21861374
"dgp2",6,1,49,30,100,20271006,21861375
"dgp2",6,1,50,30,100,20271006,21861376
"dgp2",6,1,51,30,100,20271006,21861377
"dgp2",6,1,52,30,100,20271006,21861378
"dgp2",6,1,53,30,100,20271006,21861379
"dgp2",6,1,54,30,100,20271006,21861380
"dgp2",6,1,55,30,100,20271006,21861381
"dgp2",6,1,56,30,100,20271006,21861382
"dgp2",6,1,57,30,100,20271006,21861383
"dgp2",6,1,58,30,100,20271006,21861384
"dgp2",6,1,59,30,100,20271006,21861385
"dgp2",6,1,60,30,100,20271006,21861386
"dgp2",6,1,61,30,100,20271006,21861387
"dgp2",6,1,62,30,100,20271006,21861388
"dgp2",6,1,63,30,100,20271006,21861389
"dgp2",6,1,64,30,100,20271006,21861390
"dgp2",6,1,65,30,100,20271006,21861391
"dgp2",6,1,66,30,100,20271006,21861392
"dgp2",6,1,67,30,100,20271006,21861393
"dgp2",6,1,68,30,100,20271006,21861394
"dgp2",6,1,69,30,100,20271006,21861395
"dgp2",6,1,70,30,100,20271006,21861396
"dgp2",6,1,71,30,100,20271006,21861397
"dgp2",6,1,72,30,100,20271006,21861398
"dgp2",6,1,73,30,100,20271006,21861399
"dgp2",6,1,74,30,100,20271006,21861400
"dgp2",6,1,75,30,100,20271006,21861401
"dgp2",6,1,76,30,100,20271006,21861402
"dgp2",6,1,77,30,100,20271006,21861403
"dgp2",6,1,78,30,100,20271006,21861404
"dgp2",6,1,79,30,100,20271006,21861405
"dgp2",6,1,80,30,100,20271006,21861406
"dgp2",6,1,81,30,100,20271006,21861407
"dgp2",6,1,82,30,100,20271006,21861408
"dgp2",6,1,83,30,100,20271006,21861409
"dgp2",6,1,84,30,100,20271006,21861410
"dgp2",6,1,85,30,100,20271006,21861411
"dgp2",6,1,86,30,100,20271006,21861412
"dgp2",6,1,87,30,100,20271006,21861413
"dgp2",6,1,88,30,100,20271006,21861414
"dgp2",6,1,89,30,100,20271006,21861415
"dgp2",6,1,90,30,100,20271006,21861416
"dgp2",6,1,91,30,100,20271006,21861417
"dgp2",6,1,92,30,100,20271006,21861418
"dgp2",6,1,93,30,100,20271006,21861419
"dgp2",6,1,94,30,100,20271006,21861420
"dgp2",6,1,95,30,100,20271006,21861421
"dgp2",6,1,96,30,100,20271006,21861422
"dgp2",6,1,97,30,100,20271006,21861423
"dgp2",6,1,98,30,100,20271006,21861424
"dgp2",6,1,99,30,100,20271006,21861425
"dgp2",6,1,100,30,100,20271006,21861426
"dgp2",6,2,1,30,200,20271006,21862327
"dgp2",6,2,2,30,200,20271006,21862328
"dgp2",6,2,3,30,200,20271006,21862329
"dgp2",6,2,4,30,200,20271006,21862330
"dgp2",6,2,5,30,200,20271006,21862331
"dgp2",6,2,6,30,200,20271006,21862332
"dgp2",6,2,7,30,200,20271006,21862333
"dgp2",6,2,8,30,200,20271006,21862334
"dgp2",6,2,9,30,200,20271006,21862335
"dgp2",6,2,10,30,200,20271006,21862336
"dgp2",6,2,11,30,200,20271006,21862337
"dgp2",6,2,12,30,200,20271006,21862338
"dgp2",6,2,13,30,200,20271006,21862339
"dgp2",6,2,14,30,200,20271006,21862340
"dgp2",6,2,15,30,200,20271006,21862341
"dgp2",6,2,16,30,200,20271006,21862342
"dgp2",6,2,17,30,200,20271006,21862343
"dgp2",6,2,18,30,200,20271006,21862344
"dgp2",6,2,19,30,200,20271006,21862345
"dgp2",6,2,20,30,200,20271006,21862346
"dgp2",6,2,21,30,200,20271006,21862347
"dgp2",6,2,22,30,200,20271006,21862348
"dgp2",6,2,23,30,200,20271006,21862349
"dgp2",6,2,24,30,200,20271006,21862350
"dgp2",6,2,25,30,200,20271006,21862351
"dgp2",6,2,26,30,200,20271006,21862352
"dgp2",6,2,27,30,200,20271006,21862353
"dgp2",6,2,28,30,200,20271006,21862354
"dgp2",6,2,29,30,200,20271006,21862355
"dgp2",6,2,30,30,200,20271006,21862356
"dgp2",6,2,31,30,200,20271006,21862357
"dgp2",6,2,32,30,200,20271006,21862358
"dgp2",6,2,33,30,200,20271006,21862359
"dgp2",6,2,34,30,200,20271006,21862360
"dgp2",6,2,35,30,200,20271006,21862361
"dgp2",6,2,36,30,200,20271006,21862362
"dgp2",6,2,37,30,200,20271006,21862363
"dgp2",6,2,38,30,200,20271006,21862364
"dgp2",6,2,39,30,200,20271006,21862365
"dgp2",6,2,40,30,200,20271006,21862366
"dgp2",6,2,41,30,200,20271006,21862367
"dgp2",6,2,42,30,200,20271006,21862368
"dgp2",6,2,43,30,200,20271006,21862369
"dgp2",6,2,44,30,200,20271006,21862370
"dgp2",6,2,45,30,200,20271006,21862371
"dgp2",6,2,46,30,200,20271006,21862372
"dgp2",6,2,47,30,200,20271006,21862373
"dgp2",6,2,48,30,200,20271006,21862374
"dgp2",6,2,49,30,200,20271006,21862375
"dgp2",6,2,50,30,200,20271006,21862376
"dgp2",6,2,51,30,200,20271006,21862377
"dgp2",6,2,52,30,200,20271006,21862378
"dgp2",6,2,53,30,200,20271006,21862379
"dgp2",6,2,54,30,200,20271006,21862380
"dgp2",6,2,55,30,200,20271006,21862381
"dgp2",6,2,56,30,200,20271006,21862382
"dgp2",6,2,57,30,200,20271006,21862383
"dgp2",6,2,58,30,200,20271006,21862384
"dgp2",6,2,59,30,200,20271006,21862385
"dgp2",6,2,60,30,200,20271006,21862386
"dgp2",6,2,61,30,200,20271006,21862387
"dgp2",6,2,62,30,200,20271006,21862388
"dgp2",6,2,63,30,200,20271006,21862389
"dgp2",6,2,64,30,200,20271006,21862390
"dgp2",6,2,65,30,200,20271006,21862391
"dgp2",6,2,66,30,200,20271006,21862392
"dgp2",6,2,67,30,200,20271006,21862393
"dgp2",6,2,68,30,200,20271006,21862394
"dgp2",6,2,69,30,200,20271006,21862395
"dgp2",6,2,70,30,200,20271006,21862396
"dgp2",6,2,71,30,200,20271006,21862397
"dgp2",6,2,72,30,200,20271006,21862398
"dgp2",6,2,73,30,200,20271006,21862399
"dgp2",6,2,74,30,200,20271006,21862400
"dgp2",6,2,75,30,200,20271006,21862401
"dgp2",6,2,76,30,200,20271006,21862402
"dgp2",6,2,77,30,200,20271006,21862403
"dgp2",6,2,78,30,200,20271006,21862404
"dgp2",6,2,79,30,200,20271006,21862405
"dgp2",6,2,80,30,200,20271006,21862406
"dgp2",6,2,81,30,200,20271006,21862407
"dgp2",6,2,82,30,200,20271006,21862408
"dgp2",6,2,83,30,200,20271006,21862409
"dgp2",6,2,84,30,200,20271006,21862410
"dgp2",6,2,85,30,200,20271006,21862411
"dgp2",6,2,86,30,200,20271006,21862412
"dgp2",6,2,87,30,200,20271006,21862413
"dgp2",6,2,88,30,200,20271006,21862414
"dgp2",6,2,89,30,200,20271006,21862415
"dgp2",6,2,90,30,200,20271006,21862416
"dgp2",6,2,91,30,200,20271006,21862417
"dgp2",6,2,92,30,200,20271006,21862418
"dgp2",6,2,93,30,200,20271006,21862419
"dgp2",6,2,94,30,200,20271006,21862420
"dgp2",6,2,95,30,200,20271006,21862421
"dgp2",6,2,96,30,200,20271006,21862422
"dgp2",6,2,97,30,200,20271006,21862423
"dgp2",6,2,98,30,200,20271006,21862424
"dgp2",6,2,99,30,200,20271006,21862425
"dgp2",6,2,100,30,200,20271006,21862426
"dgp2",6,3,1,30,300,20271006,21863327
"dgp2",6,3,2,30,300,20271006,21863328
"dgp2",6,3,3,30,300,20271006,21863329
"dgp2",6,3,4,30,300,20271006,21863330
"dgp2",6,3,5,30,300,20271006,21863331
"dgp2",6,3,6,30,300,20271006,21863332
"dgp2",6,3,7,30,300,20271006,21863333
"dgp2",6,3,8,30,300,20271006,21863334
"dgp2",6,3,9,30,300,20271006,21863335
"dgp2",6,3,10,30,300,20271006,21863336
"dgp2",6,3,11,30,300,20271006,21863337
"dgp2",6,3,12,30,300,20271006,21863338
"dgp2",6,3,13,30,300,20271006,21863339
"dgp2",6,3,14,30,300,20271006,21863340
"dgp2",6,3,15,30,300,20271006,21863341
"dgp2",6,3,16,30,300,20271006,21863342
"dgp2",6,3,17,30,300,20271006,21863343
"dgp2",6,3,18,30,300,20271006,21863344
"dgp2",6,3,19,30,300,20271006,21863345
"dgp2",6,3,20,30,300,20271006,21863346
"dgp2",6,3,21,30,300,20271006,21863347
"dgp2",6,3,22,30,300,20271006,21863348
"dgp2",6,3,23,30,300,20271006,21863349
"dgp2",6,3,24,30,300,20271006,21863350
"dgp2",6,3,25,30,300,20271006,21863351
"dgp2",6,3,26,30,300,20271006,21863352
"dgp2",6,3,27,30,300,20271006,21863353
"dgp2",6,3,28,30,300,20271006,21863354
"dgp2",6,3,29,30,300,20271006,21863355
"dgp2",6,3,30,30,300,20271006,21863356
"dgp2",6,3,31,30,300,20271006,21863357
"dgp2",6,3,32,30,300,20271006,21863358
"dgp2",6,3,33,30,300,20271006,21863359
"dgp2",6,3,34,30,300,20271006,21863360
"dgp2",6,3,35,30,300,20271006,21863361
"dgp2",6,3,36,30,300,20271006,21863362
"dgp2",6,3,37,30,300,20271006,21863363
"dgp2",6,3,38,30,300,20271006,21863364
"dgp2",6,3,39,30,300,20271006,21863365
"dgp2",6,3,40,30,300,20271006,21863366
"dgp2",6,3,41,30,300,20271006,21863367
"dgp2",6,3,42,30,300,20271006,21863368
"dgp2",6,3,43,30,300,20271006,21863369
"dgp2",6,3,44,30,300,20271006,21863370
"dgp2",6,3,45,30,300,20271006,21863371
"dgp2",6,3,46,30,300,20271006,21863372
"dgp2",6,3,47,30,300,20271006,21863373
"dgp2",6,3,48,30,300,20271006,21863374
"dgp2",6,3,49,30,300,20271006,21863375
"dgp2",6,3,50,30,300,20271006,21863376
"dgp2",6,3,51,30,300,20271006,21863377
"dgp2",6,3,52,30,300,20271006,21863378
"dgp2",6,3,53,30,300,20271006,21863379
"dgp2",6,3,54,30,300,20271006,21863380
"dgp2",6,3,55,30,300,20271006,21863381
"dgp2",6,3,56,30,300,20271006,21863382
"dgp2",6,3,57,30,300,20271006,21863383
"dgp2",6,3,58,30,300,20271006,21863384
"dgp2",6,3,59,30,300,20271006,21863385
"dgp2",6,3,60,30,300,20271006,21863386
"dgp2",6,3,61,30,300,20271006,21863387
"dgp2",6,3,62,30,300,20271006,21863388
"dgp2",6,3,63,30,300,20271006,21863389
"dgp2",6,3,64,30,300,20271006,21863390
"dgp2",6,3,65,30,300,20271006,21863391
"dgp2",6,3,66,30,300,20271006,21863392
"dgp2",6,3,67,30,300,20271006,21863393
"dgp2",6,3,68,30,300,20271006,21863394
"dgp2",6,3,69,30,300,20271006,21863395
"dgp2",6,3,70,30,300,20271006,21863396
"dgp2",6,3,71,30,300,20271006,21863397
"dgp2",6,3,72,30,300,20271006,21863398
"dgp2",6,3,73,30,300,20271006,21863399
"dgp2",6,3,74,30,300,20271006,21863400
"dgp2",6,3,75,30,300,20271006,21863401
"dgp2",6,3,76,30,300,20271006,21863402
"dgp2",6,3,77,30,300,20271006,21863403
"dgp2",6,3,78,30,300,20271006,21863404
"dgp2",6,3,79,30,300,20271006,21863405
"dgp2",6,3,80,30,300,20271006,21863406
"dgp2",6,3,81,30,300,20271006,21863407
"dgp2",6,3,82,30,300,20271006,21863408
"dgp2",6,3,83,30,300,20271006,21863409
"dgp2",6,3,84,30,300,20271006,21863410
"dgp2",6,3,85,30,300,20271006,21863411
"dgp2",6,3,86,30,300,20271006,21863412
"dgp2",6,3,87,30,300,20271006,21863413
"dgp2",6,3,88,30,300,20271006,21863414
"dgp2",6,3,89,30,300,20271006,21863415
"dgp2",6,3,90,30,300,20271006,21863416
"dgp2",6,3,91,30,300,20271006,21863417
"dgp2",6,3,92,30,300,20271006,21863418
"dgp2",6,3,93,30,300,20271006,21863419
"dgp2",6,3,94,30,300,20271006,21863420
"dgp2",6,3,95,30,300,20271006,21863421
"dgp2",6,3,96,30,300,20271006,21863422
"dgp2",6,3,97,30,300,20271006,21863423
"dgp2",6,3,98,30,300,20271006,21863424
"dgp2",6,3,99,30,300,20271006,21863425
"dgp2",6,3,100,30,300,20271006,21863426
"dgp2",6,4,1,30,500,20271006,21864327
"dgp2",6,4,2,30,500,20271006,21864328
"dgp2",6,4,3,30,500,20271006,21864329
"dgp2",6,4,4,30,500,20271006,21864330
"dgp2",6,4,5,30,500,20271006,21864331
"dgp2",6,4,6,30,500,20271006,21864332
"dgp2",6,4,7,30,500,20271006,21864333
"dgp2",6,4,8,30,500,20271006,21864334
"dgp2",6,4,9,30,500,20271006,21864335
"dgp2",6,4,10,30,500,20271006,21864336
"dgp2",6,4,11,30,500,20271006,21864337
"dgp2",6,4,12,30,500,20271006,21864338
"dgp2",6,4,13,30,500,20271006,21864339
"dgp2",6,4,14,30,500,20271006,21864340
"dgp2",6,4,15,30,500,20271006,21864341
"dgp2",6,4,16,30,500,20271006,21864342
"dgp2",6,4,17,30,500,20271006,21864343
"dgp2",6,4,18,30,500,20271006,21864344
"dgp2",6,4,19,30,500,20271006,21864345
"dgp2",6,4,20,30,500,20271006,21864346
"dgp2",6,4,21,30,500,20271006,21864347
"dgp2",6,4,22,30,500,20271006,21864348
"dgp2",6,4,23,30,500,20271006,21864349
"dgp2",6,4,24,30,500,20271006,21864350
"dgp2",6,4,25,30,500,20271006,21864351
"dgp2",6,4,26,30,500,20271006,21864352
"dgp2",6,4,27,30,500,20271006,21864353
"dgp2",6,4,28,30,500,20271006,21864354
"dgp2",6,4,29,30,500,20271006,21864355
"dgp2",6,4,30,30,500,20271006,21864356
"dgp2",6,4,31,30,500,20271006,21864357
"dgp2",6,4,32,30,500,20271006,21864358
"dgp2",6,4,33,30,500,20271006,21864359
"dgp2",6,4,34,30,500,20271006,21864360
"dgp2",6,4,35,30,500,20271006,21864361
"dgp2",6,4,36,30,500,20271006,21864362
"dgp2",6,4,37,30,500,20271006,21864363
"dgp2",6,4,38,30,500,20271006,21864364
"dgp2",6,4,39,30,500,20271006,21864365
"dgp2",6,4,40,30,500,20271006,21864366
"dgp2",6,4,41,30,500,20271006,21864367
"dgp2",6,4,42,30,500,20271006,21864368
"dgp2",6,4,43,30,500,20271006,21864369
"dgp2",6,4,44,30,500,20271006,21864370
"dgp2",6,4,45,30,500,20271006,21864371
"dgp2",6,4,46,30,500,20271006,21864372
"dgp2",6,4,47,30,500,20271006,21864373
"dgp2",6,4,48,30,500,20271006,21864374
"dgp2",6,4,49,30,500,20271006,21864375
"dgp2",6,4,50,30,500,20271006,21864376
"dgp2",6,4,51,30,500,20271006,21864377
"dgp2",6,4,52,30,500,20271006,21864378
"dgp2",6,4,53,30,500,20271006,21864379
"dgp2",6,4,54,30,500,20271006,21864380
"dgp2",6,4,55,30,500,20271006,21864381
"dgp2",6,4,56,30,500,20271006,21864382
"dgp2",6,4,57,30,500,20271006,21864383
"dgp2",6,4,58,30,500,20271006,21864384
"dgp2",6,4,59,30,500,20271006,21864385
"dgp2",6,4,60,30,500,20271006,21864386
"dgp2",6,4,61,30,500,20271006,21864387
"dgp2",6,4,62,30,500,20271006,21864388
"dgp2",6,4,63,30,500,20271006,21864389
"dgp2",6,4,64,30,500,20271006,21864390
"dgp2",6,4,65,30,500,20271006,21864391
"dgp2",6,4,66,30,500,20271006,21864392
"dgp2",6,4,67,30,500,20271006,21864393
"dgp2",6,4,68,30,500,20271006,21864394
"dgp2",6,4,69,30,500,20271006,21864395
"dgp2",6,4,70,30,500,20271006,21864396
"dgp2",6,4,71,30,500,20271006,21864397
"dgp2",6,4,72,30,500,20271006,21864398
"dgp2",6,4,73,30,500,20271006,21864399
"dgp2",6,4,74,30,500,20271006,21864400
"dgp2",6,4,75,30,500,20271006,21864401
"dgp2",6,4,76,30,500,20271006,21864402
"dgp2",6,4,77,30,500,20271006,21864403
"dgp2",6,4,78,30,500,20271006,21864404
"dgp2",6,4,79,30,500,20271006,21864405
"dgp2",6,4,80,30,500,20271006,21864406
"dgp2",6,4,81,30,500,20271006,21864407
"dgp2",6,4,82,30,500,20271006,21864408
"dgp2",6,4,83,30,500,20271006,21864409
"dgp2",6,4,84,30,500,20271006,21864410
"dgp2",6,4,85,30,500,20271006,21864411
"dgp2",6,4,86,30,500,20271006,21864412
"dgp2",6,4,87,30,500,20271006,21864413
"dgp2",6,4,88,30,500,20271006,21864414
"dgp2",6,4,89,30,500,20271006,21864415
"dgp2",6,4,90,30,500,20271006,21864416
"dgp2",6,4,91,30,500,20271006,21864417
"dgp2",6,4,92,30,500,20271006,21864418
"dgp2",6,4,93,30,500,20271006,21864419
"dgp2",6,4,94,30,500,20271006,21864420
"dgp2",6,4,95,30,500,20271006,21864421
"dgp2",6,4,96,30,500,20271006,21864422
"dgp2",6,4,97,30,500,20271006,21864423
"dgp2",6,4,98,30,500,20271006,21864424
"dgp2",6,4,99,30,500,20271006,21864425
"dgp2",6,4,100,30,500,20271006,21864426
"dgp2",6,5,1,30,1000,20271006,21865327
"dgp2",6,5,2,30,1000,20271006,21865328
"dgp2",6,5,3,30,1000,20271006,21865329
"dgp2",6,5,4,30,1000,20271006,21865330
"dgp2",6,5,5,30,1000,20271006,21865331
"dgp2",6,5,6,30,1000,20271006,21865332
"dgp2",6,5,7,30,1000,20271006,21865333
"dgp2",6,5,8,30,1000,20271006,21865334
"dgp2",6,5,9,30,1000,20271006,21865335
"dgp2",6,5,10,30,1000,20271006,21865336
"dgp2",6,5,11,30,1000,20271006,21865337
"dgp2",6,5,12,30,1000,20271006,21865338
"dgp2",6,5,13,30,1000,20271006,21865339
"dgp2",6,5,14,30,1000,20271006,21865340
"dgp2",6,5,15,30,1000,20271006,21865341
"dgp2",6,5,16,30,1000,20271006,21865342
"dgp2",6,5,17,30,1000,20271006,21865343
"dgp2",6,5,18,30,1000,20271006,21865344
"dgp2",6,5,19,30,1000,20271006,21865345
"dgp2",6,5,20,30,1000,20271006,21865346
"dgp2",6,5,21,30,1000,20271006,21865347
"dgp2",6,5,22,30,1000,20271006,21865348
"dgp2",6,5,23,30,1000,20271006,21865349
"dgp2",6,5,24,30,1000,20271006,21865350
"dgp2",6,5,25,30,1000,20271006,21865351
"dgp2",6,5,26,30,1000,20271006,21865352
"dgp2",6,5,27,30,1000,20271006,21865353
"dgp2",6,5,28,30,1000,20271006,21865354
"dgp2",6,5,29,30,1000,20271006,21865355
"dgp2",6,5,30,30,1000,20271006,21865356
"dgp2",6,5,31,30,1000,20271006,21865357
"dgp2",6,5,32,30,1000,20271006,21865358
"dgp2",6,5,33,30,1000,20271006,21865359
"dgp2",6,5,34,30,1000,20271006,21865360
"dgp2",6,5,35,30,1000,20271006,21865361
"dgp2",6,5,36,30,1000,20271006,21865362
"dgp2",6,5,37,30,1000,20271006,21865363
"dgp2",6,5,38,30,1000,20271006,21865364
"dgp2",6,5,39,30,1000,20271006,21865365
"dgp2",6,5,40,30,1000,20271006,21865366
"dgp2",6,5,41,30,1000,20271006,21865367
"dgp2",6,5,42,30,1000,20271006,21865368
"dgp2",6,5,43,30,1000,20271006,21865369
"dgp2",6,5,44,30,1000,20271006,21865370
"dgp2",6,5,45,30,1000,20271006,21865371
"dgp2",6,5,46,30,1000,20271006,21865372
"dgp2",6,5,47,30,1000,20271006,21865373
"dgp2",6,5,48,30,1000,20271006,21865374
"dgp2",6,5,49,30,1000,20271006,21865375
"dgp2",6,5,50,30,1000,20271006,21865376
"dgp2",6,5,51,30,1000,20271006,21865377
"dgp2",6,5,52,30,1000,20271006,21865378
"dgp2",6,5,53,30,1000,20271006,21865379
"dgp2",6,5,54,30,1000,20271006,21865380
"dgp2",6,5,55,30,1000,20271006,21865381
"dgp2",6,5,56,30,1000,20271006,21865382
"dgp2",6,5,57,30,1000,20271006,21865383
"dgp2",6,5,58,30,1000,20271006,21865384
"dgp2",6,5,59,30,1000,20271006,21865385
"dgp2",6,5,60,30,1000,20271006,21865386
"dgp2",6,5,61,30,1000,20271006,21865387
"dgp2",6,5,62,30,1000,20271006,21865388
"dgp2",6,5,63,30,1000,20271006,21865389
"dgp2",6,5,64,30,1000,20271006,21865390
"dgp2",6,5,65,30,1000,20271006,21865391
"dgp2",6,5,66,30,1000,20271006,21865392
"dgp2",6,5,67,30,1000,20271006,21865393
"dgp2",6,5,68,30,1000,20271006,21865394
"dgp2",6,5,69,30,1000,20271006,21865395
"dgp2",6,5,70,30,1000,20271006,21865396
"dgp2",6,5,71,30,1000,20271006,21865397
"dgp2",6,5,72,30,1000,20271006,21865398
"dgp2",6,5,73,30,1000,20271006,21865399
"dgp2",6,5,74,30,1000,20271006,21865400
"dgp2",6,5,75,30,1000,20271006,21865401
"dgp2",6,5,76,30,1000,20271006,21865402
"dgp2",6,5,77,30,1000,20271006,21865403
"dgp2",6,5,78,30,1000,20271006,21865404
"dgp2",6,5,79,30,1000,20271006,21865405
"dgp2",6,5,80,30,1000,20271006,21865406
"dgp2",6,5,81,30,1000,20271006,21865407
"dgp2",6,5,82,30,1000,20271006,21865408
"dgp2",6,5,83,30,1000,20271006,21865409
"dgp2",6,5,84,30,1000,20271006,21865410
"dgp2",6,5,85,30,1000,20271006,21865411
"dgp2",6,5,86,30,1000,20271006,21865412
"dgp2",6,5,87,30,1000,20271006,21865413
"dgp2",6,5,88,30,1000,20271006,21865414
"dgp2",6,5,89,30,1000,20271006,21865415
"dgp2",6,5,90,30,1000,20271006,21865416
"dgp2",6,5,91,30,1000,20271006,21865417
"dgp2",6,5,92,30,1000,20271006,21865418
"dgp2",6,5,93,30,1000,20271006,21865419
"dgp2",6,5,94,30,1000,20271006,21865420
"dgp2",6,5,95,30,1000,20271006,21865421
"dgp2",6,5,96,30,1000,20271006,21865422
"dgp2",6,5,97,30,1000,20271006,21865423
"dgp2",6,5,98,30,1000,20271006,21865424
"dgp2",6,5,99,30,1000,20271006,21865425
"dgp2",6,5,100,30,1000,20271006,21865426
"dgp2",6,6,1,30,2000,20271006,21866327
"dgp2",6,6,2,30,2000,20271006,21866328
"dgp2",6,6,3,30,2000,20271006,21866329
"dgp2",6,6,4,30,2000,20271006,21866330
"dgp2",6,6,5,30,2000,20271006,21866331
"dgp2",6,6,6,30,2000,20271006,21866332
"dgp2",6,6,7,30,2000,20271006,21866333
"dgp2",6,6,8,30,2000,20271006,21866334
"dgp2",6,6,9,30,2000,20271006,21866335
"dgp2",6,6,10,30,2000,20271006,21866336
"dgp2",6,6,11,30,2000,20271006,21866337
"dgp2",6,6,12,30,2000,20271006,21866338
"dgp2",6,6,13,30,2000,20271006,21866339
"dgp2",6,6,14,30,2000,20271006,21866340
"dgp2",6,6,15,30,2000,20271006,21866341
"dgp2",6,6,16,30,2000,20271006,21866342
"dgp2",6,6,17,30,2000,20271006,21866343
"dgp2",6,6,18,30,2000,20271006,21866344
"dgp2",6,6,19,30,2000,20271006,21866345
"dgp2",6,6,20,30,2000,20271006,21866346
"dgp2",6,6,21,30,2000,20271006,21866347
"dgp2",6,6,22,30,2000,20271006,21866348
"dgp2",6,6,23,30,2000,20271006,21866349
"dgp2",6,6,24,30,2000,20271006,21866350
"dgp2",6,6,25,30,2000,20271006,21866351
"dgp2",6,6,26,30,2000,20271006,21866352
"dgp2",6,6,27,30,2000,20271006,21866353
"dgp2",6,6,28,30,2000,20271006,21866354
"dgp2",6,6,29,30,2000,20271006,21866355
"dgp2",6,6,30,30,2000,20271006,21866356
"dgp2",6,6,31,30,2000,20271006,21866357
"dgp2",6,6,32,30,2000,20271006,21866358
"dgp2",6,6,33,30,2000,20271006,21866359
"dgp2",6,6,34,30,2000,20271006,21866360
"dgp2",6,6,35,30,2000,20271006,21866361
"dgp2",6,6,36,30,2000,20271006,21866362
"dgp2",6,6,37,30,2000,20271006,21866363
"dgp2",6,6,38,30,2000,20271006,21866364
"dgp2",6,6,39,30,2000,20271006,21866365
"dgp2",6,6,40,30,2000,20271006,21866366
"dgp2",6,6,41,30,2000,20271006,21866367
"dgp2",6,6,42,30,2000,20271006,21866368
"dgp2",6,6,43,30,2000,20271006,21866369
"dgp2",6,6,44,30,2000,20271006,21866370
"dgp2",6,6,45,30,2000,20271006,21866371
"dgp2",6,6,46,30,2000,20271006,21866372
"dgp2",6,6,47,30,2000,20271006,21866373
"dgp2",6,6,48,30,2000,20271006,21866374
"dgp2",6,6,49,30,2000,20271006,21866375
"dgp2",6,6,50,30,2000,20271006,21866376
"dgp2",6,6,51,30,2000,20271006,21866377
"dgp2",6,6,52,30,2000,20271006,21866378
"dgp2",6,6,53,30,2000,20271006,21866379
"dgp2",6,6,54,30,2000,20271006,21866380
"dgp2",6,6,55,30,2000,20271006,21866381
"dgp2",6,6,56,30,2000,20271006,21866382
"dgp2",6,6,57,30,2000,20271006,21866383
"dgp2",6,6,58,30,2000,20271006,21866384
"dgp2",6,6,59,30,2000,20271006,21866385
"dgp2",6,6,60,30,2000,20271006,21866386
"dgp2",6,6,61,30,2000,20271006,21866387
"dgp2",6,6,62,30,2000,20271006,21866388
"dgp2",6,6,63,30,2000,20271006,21866389
"dgp2",6,6,64,30,2000,20271006,21866390
"dgp2",6,6,65,30,2000,20271006,21866391
"dgp2",6,6,66,30,2000,20271006,21866392
"dgp2",6,6,67,30,2000,20271006,21866393
"dgp2",6,6,68,30,2000,20271006,21866394
"dgp2",6,6,69,30,2000,20271006,21866395
"dgp2",6,6,70,30,2000,20271006,21866396
"dgp2",6,6,71,30,2000,20271006,21866397
"dgp2",6,6,72,30,2000,20271006,21866398
"dgp2",6,6,73,30,2000,20271006,21866399
"dgp2",6,6,74,30,2000,20271006,21866400
"dgp2",6,6,75,30,2000,20271006,21866401
"dgp2",6,6,76,30,2000,20271006,21866402
"dgp2",6,6,77,30,2000,20271006,21866403
"dgp2",6,6,78,30,2000,20271006,21866404
"dgp2",6,6,79,30,2000,20271006,21866405
"dgp2",6,6,80,30,2000,20271006,21866406
"dgp2",6,6,81,30,2000,20271006,21866407
"dgp2",6,6,82,30,2000,20271006,21866408
"dgp2",6,6,83,30,2000,20271006,21866409
"dgp2",6,6,84,30,2000,20271006,21866410
"dgp2",6,6,85,30,2000,20271006,21866411
"dgp2",6,6,86,30,2000,20271006,21866412
"dgp2",6,6,87,30,2000,20271006,21866413
"dgp2",6,6,88,30,2000,20271006,21866414
"dgp2",6,6,89,30,2000,20271006,21866415
"dgp2",6,6,90,30,2000,20271006,21866416
"dgp2",6,6,91,30,2000,20271006,21866417
"dgp2",6,6,92,30,2000,20271006,21866418
"dgp2",6,6,93,30,2000,20271006,21866419
"dgp2",6,6,94,30,2000,20271006,21866420
"dgp2",6,6,95,30,2000,20271006,21866421
"dgp2",6,6,96,30,2000,20271006,21866422
"dgp2",6,6,97,30,2000,20271006,21866423
"dgp2",6,6,98,30,2000,20271006,21866424
"dgp2",6,6,99,30,2000,20271006,21866425
"dgp2",6,6,100,30,2000,20271006,21866426
"dgp3",1,1,1,5,100,20272001,22361327
"dgp3",1,1,2,5,100,20272001,22361328
"dgp3",1,1,3,5,100,20272001,22361329
"dgp3",1,1,4,5,100,20272001,22361330
"dgp3",1,1,5,5,100,20272001,22361331
"dgp3",1,1,6,5,100,20272001,22361332
"dgp3",1,1,7,5,100,20272001,22361333
"dgp3",1,1,8,5,100,20272001,22361334
"dgp3",1,1,9,5,100,20272001,22361335
"dgp3",1,1,10,5,100,20272001,22361336
"dgp3",1,1,11,5,100,20272001,22361337
"dgp3",1,1,12,5,100,20272001,22361338
"dgp3",1,1,13,5,100,20272001,22361339
"dgp3",1,1,14,5,100,20272001,22361340
"dgp3",1,1,15,5,100,20272001,22361341
"dgp3",1,1,16,5,100,20272001,22361342
"dgp3",1,1,17,5,100,20272001,22361343
"dgp3",1,1,18,5,100,20272001,22361344
"dgp3",1,1,19,5,100,20272001,22361345
"dgp3",1,1,20,5,100,20272001,22361346
"dgp3",1,1,21,5,100,20272001,22361347
"dgp3",1,1,22,5,100,20272001,22361348
"dgp3",1,1,23,5,100,20272001,22361349
"dgp3",1,1,24,5,100,20272001,22361350
"dgp3",1,1,25,5,100,20272001,22361351
"dgp3",1,1,26,5,100,20272001,22361352
"dgp3",1,1,27,5,100,20272001,22361353
"dgp3",1,1,28,5,100,20272001,22361354
"dgp3",1,1,29,5,100,20272001,22361355
"dgp3",1,1,30,5,100,20272001,22361356
"dgp3",1,1,31,5,100,20272001,22361357
"dgp3",1,1,32,5,100,20272001,22361358
"dgp3",1,1,33,5,100,20272001,22361359
"dgp3",1,1,34,5,100,20272001,22361360
"dgp3",1,1,35,5,100,20272001,22361361
"dgp3",1,1,36,5,100,20272001,22361362
"dgp3",1,1,37,5,100,20272001,22361363
"dgp3",1,1,38,5,100,20272001,22361364
"dgp3",1,1,39,5,100,20272001,22361365
"dgp3",1,1,40,5,100,20272001,22361366
"dgp3",1,1,41,5,100,20272001,22361367
"dgp3",1,1,42,5,100,20272001,22361368
"dgp3",1,1,43,5,100,20272001,22361369
"dgp3",1,1,44,5,100,20272001,22361370
"dgp3",1,1,45,5,100,20272001,22361371
"dgp3",1,1,46,5,100,20272001,22361372
"dgp3",1,1,47,5,100,20272001,22361373
"dgp3",1,1,48,5,100,20272001,22361374
"dgp3",1,1,49,5,100,20272001,22361375
"dgp3",1,1,50,5,100,20272001,22361376
"dgp3",1,1,51,5,100,20272001,22361377
"dgp3",1,1,52,5,100,20272001,22361378
"dgp3",1,1,53,5,100,20272001,22361379
"dgp3",1,1,54,5,100,20272001,22361380
"dgp3",1,1,55,5,100,20272001,22361381
"dgp3",1,1,56,5,100,20272001,22361382
"dgp3",1,1,57,5,100,20272001,22361383
"dgp3",1,1,58,5,100,20272001,22361384
"dgp3",1,1,59,5,100,20272001,22361385
"dgp3",1,1,60,5,100,20272001,22361386
"dgp3",1,1,61,5,100,20272001,22361387
"dgp3",1,1,62,5,100,20272001,22361388
"dgp3",1,1,63,5,100,20272001,22361389
"dgp3",1,1,64,5,100,20272001,22361390
"dgp3",1,1,65,5,100,20272001,22361391
"dgp3",1,1,66,5,100,20272001,22361392
"dgp3",1,1,67,5,100,20272001,22361393
"dgp3",1,1,68,5,100,20272001,22361394
"dgp3",1,1,69,5,100,20272001,22361395
"dgp3",1,1,70,5,100,20272001,22361396
"dgp3",1,1,71,5,100,20272001,22361397
"dgp3",1,1,72,5,100,20272001,22361398
"dgp3",1,1,73,5,100,20272001,22361399
"dgp3",1,1,74,5,100,20272001,22361400
"dgp3",1,1,75,5,100,20272001,22361401
"dgp3",1,1,76,5,100,20272001,22361402
"dgp3",1,1,77,5,100,20272001,22361403
"dgp3",1,1,78,5,100,20272001,22361404
"dgp3",1,1,79,5,100,20272001,22361405
"dgp3",1,1,80,5,100,20272001,22361406
"dgp3",1,1,81,5,100,20272001,22361407
"dgp3",1,1,82,5,100,20272001,22361408
"dgp3",1,1,83,5,100,20272001,22361409
"dgp3",1,1,84,5,100,20272001,22361410
"dgp3",1,1,85,5,100,20272001,22361411
"dgp3",1,1,86,5,100,20272001,22361412
"dgp3",1,1,87,5,100,20272001,22361413
"dgp3",1,1,88,5,100,20272001,22361414
"dgp3",1,1,89,5,100,20272001,22361415
"dgp3",1,1,90,5,100,20272001,22361416
"dgp3",1,1,91,5,100,20272001,22361417
"dgp3",1,1,92,5,100,20272001,22361418
"dgp3",1,1,93,5,100,20272001,22361419
"dgp3",1,1,94,5,100,20272001,22361420
"dgp3",1,1,95,5,100,20272001,22361421
"dgp3",1,1,96,5,100,20272001,22361422
"dgp3",1,1,97,5,100,20272001,22361423
"dgp3",1,1,98,5,100,20272001,22361424
"dgp3",1,1,99,5,100,20272001,22361425
"dgp3",1,1,100,5,100,20272001,22361426
"dgp3",1,2,1,5,200,20272001,22362327
"dgp3",1,2,2,5,200,20272001,22362328
"dgp3",1,2,3,5,200,20272001,22362329
"dgp3",1,2,4,5,200,20272001,22362330
"dgp3",1,2,5,5,200,20272001,22362331
"dgp3",1,2,6,5,200,20272001,22362332
"dgp3",1,2,7,5,200,20272001,22362333
"dgp3",1,2,8,5,200,20272001,22362334
"dgp3",1,2,9,5,200,20272001,22362335
"dgp3",1,2,10,5,200,20272001,22362336
"dgp3",1,2,11,5,200,20272001,22362337
"dgp3",1,2,12,5,200,20272001,22362338
"dgp3",1,2,13,5,200,20272001,22362339
"dgp3",1,2,14,5,200,20272001,22362340
"dgp3",1,2,15,5,200,20272001,22362341
"dgp3",1,2,16,5,200,20272001,22362342
"dgp3",1,2,17,5,200,20272001,22362343
"dgp3",1,2,18,5,200,20272001,22362344
"dgp3",1,2,19,5,200,20272001,22362345
"dgp3",1,2,20,5,200,20272001,22362346
"dgp3",1,2,21,5,200,20272001,22362347
"dgp3",1,2,22,5,200,20272001,22362348
"dgp3",1,2,23,5,200,20272001,22362349
"dgp3",1,2,24,5,200,20272001,22362350
"dgp3",1,2,25,5,200,20272001,22362351
"dgp3",1,2,26,5,200,20272001,22362352
"dgp3",1,2,27,5,200,20272001,22362353
"dgp3",1,2,28,5,200,20272001,22362354
"dgp3",1,2,29,5,200,20272001,22362355
"dgp3",1,2,30,5,200,20272001,22362356
"dgp3",1,2,31,5,200,20272001,22362357
"dgp3",1,2,32,5,200,20272001,22362358
"dgp3",1,2,33,5,200,20272001,22362359
"dgp3",1,2,34,5,200,20272001,22362360
"dgp3",1,2,35,5,200,20272001,22362361
"dgp3",1,2,36,5,200,20272001,22362362
"dgp3",1,2,37,5,200,20272001,22362363
"dgp3",1,2,38,5,200,20272001,22362364
"dgp3",1,2,39,5,200,20272001,22362365
"dgp3",1,2,40,5,200,20272001,22362366
"dgp3",1,2,41,5,200,20272001,22362367
"dgp3",1,2,42,5,200,20272001,22362368
"dgp3",1,2,43,5,200,20272001,22362369
"dgp3",1,2,44,5,200,20272001,22362370
"dgp3",1,2,45,5,200,20272001,22362371
"dgp3",1,2,46,5,200,20272001,22362372
"dgp3",1,2,47,5,200,20272001,22362373
"dgp3",1,2,48,5,200,20272001,22362374
"dgp3",1,2,49,5,200,20272001,22362375
"dgp3",1,2,50,5,200,20272001,22362376
"dgp3",1,2,51,5,200,20272001,22362377
"dgp3",1,2,52,5,200,20272001,22362378
"dgp3",1,2,53,5,200,20272001,22362379
"dgp3",1,2,54,5,200,20272001,22362380
"dgp3",1,2,55,5,200,20272001,22362381
"dgp3",1,2,56,5,200,20272001,22362382
"dgp3",1,2,57,5,200,20272001,22362383
"dgp3",1,2,58,5,200,20272001,22362384
"dgp3",1,2,59,5,200,20272001,22362385
"dgp3",1,2,60,5,200,20272001,22362386
"dgp3",1,2,61,5,200,20272001,22362387
"dgp3",1,2,62,5,200,20272001,22362388
"dgp3",1,2,63,5,200,20272001,22362389
"dgp3",1,2,64,5,200,20272001,22362390
"dgp3",1,2,65,5,200,20272001,22362391
"dgp3",1,2,66,5,200,20272001,22362392
"dgp3",1,2,67,5,200,20272001,22362393
"dgp3",1,2,68,5,200,20272001,22362394
"dgp3",1,2,69,5,200,20272001,22362395
"dgp3",1,2,70,5,200,20272001,22362396
"dgp3",1,2,71,5,200,20272001,22362397
"dgp3",1,2,72,5,200,20272001,22362398
"dgp3",1,2,73,5,200,20272001,22362399
"dgp3",1,2,74,5,200,20272001,22362400
"dgp3",1,2,75,5,200,20272001,22362401
"dgp3",1,2,76,5,200,20272001,22362402
"dgp3",1,2,77,5,200,20272001,22362403
"dgp3",1,2,78,5,200,20272001,22362404
"dgp3",1,2,79,5,200,20272001,22362405
"dgp3",1,2,80,5,200,20272001,22362406
"dgp3",1,2,81,5,200,20272001,22362407
"dgp3",1,2,82,5,200,20272001,22362408
"dgp3",1,2,83,5,200,20272001,22362409
"dgp3",1,2,84,5,200,20272001,22362410
"dgp3",1,2,85,5,200,20272001,22362411
"dgp3",1,2,86,5,200,20272001,22362412
"dgp3",1,2,87,5,200,20272001,22362413
"dgp3",1,2,88,5,200,20272001,22362414
"dgp3",1,2,89,5,200,20272001,22362415
"dgp3",1,2,90,5,200,20272001,22362416
"dgp3",1,2,91,5,200,20272001,22362417
"dgp3",1,2,92,5,200,20272001,22362418
"dgp3",1,2,93,5,200,20272001,22362419
"dgp3",1,2,94,5,200,20272001,22362420
"dgp3",1,2,95,5,200,20272001,22362421
"dgp3",1,2,96,5,200,20272001,22362422
"dgp3",1,2,97,5,200,20272001,22362423
"dgp3",1,2,98,5,200,20272001,22362424
"dgp3",1,2,99,5,200,20272001,22362425
"dgp3",1,2,100,5,200,20272001,22362426
"dgp3",1,3,1,5,300,20272001,22363327
"dgp3",1,3,2,5,300,20272001,22363328
"dgp3",1,3,3,5,300,20272001,22363329
"dgp3",1,3,4,5,300,20272001,22363330
"dgp3",1,3,5,5,300,20272001,22363331
"dgp3",1,3,6,5,300,20272001,22363332
"dgp3",1,3,7,5,300,20272001,22363333
"dgp3",1,3,8,5,300,20272001,22363334
"dgp3",1,3,9,5,300,20272001,22363335
"dgp3",1,3,10,5,300,20272001,22363336
"dgp3",1,3,11,5,300,20272001,22363337
"dgp3",1,3,12,5,300,20272001,22363338
"dgp3",1,3,13,5,300,20272001,22363339
"dgp3",1,3,14,5,300,20272001,22363340
"dgp3",1,3,15,5,300,20272001,22363341
"dgp3",1,3,16,5,300,20272001,22363342
"dgp3",1,3,17,5,300,20272001,22363343
"dgp3",1,3,18,5,300,20272001,22363344
"dgp3",1,3,19,5,300,20272001,22363345
"dgp3",1,3,20,5,300,20272001,22363346
"dgp3",1,3,21,5,300,20272001,22363347
"dgp3",1,3,22,5,300,20272001,22363348
"dgp3",1,3,23,5,300,20272001,22363349
"dgp3",1,3,24,5,300,20272001,22363350
"dgp3",1,3,25,5,300,20272001,22363351
"dgp3",1,3,26,5,300,20272001,22363352
"dgp3",1,3,27,5,300,20272001,22363353
"dgp3",1,3,28,5,300,20272001,22363354
"dgp3",1,3,29,5,300,20272001,22363355
"dgp3",1,3,30,5,300,20272001,22363356
"dgp3",1,3,31,5,300,20272001,22363357
"dgp3",1,3,32,5,300,20272001,22363358
"dgp3",1,3,33,5,300,20272001,22363359
"dgp3",1,3,34,5,300,20272001,22363360
"dgp3",1,3,35,5,300,20272001,22363361
"dgp3",1,3,36,5,300,20272001,22363362
"dgp3",1,3,37,5,300,20272001,22363363
"dgp3",1,3,38,5,300,20272001,22363364
"dgp3",1,3,39,5,300,20272001,22363365
"dgp3",1,3,40,5,300,20272001,22363366
"dgp3",1,3,41,5,300,20272001,22363367
"dgp3",1,3,42,5,300,20272001,22363368
"dgp3",1,3,43,5,300,20272001,22363369
"dgp3",1,3,44,5,300,20272001,22363370
"dgp3",1,3,45,5,300,20272001,22363371
"dgp3",1,3,46,5,300,20272001,22363372
"dgp3",1,3,47,5,300,20272001,22363373
"dgp3",1,3,48,5,300,20272001,22363374
"dgp3",1,3,49,5,300,20272001,22363375
"dgp3",1,3,50,5,300,20272001,22363376
"dgp3",1,3,51,5,300,20272001,22363377
"dgp3",1,3,52,5,300,20272001,22363378
"dgp3",1,3,53,5,300,20272001,22363379
"dgp3",1,3,54,5,300,20272001,22363380
"dgp3",1,3,55,5,300,20272001,22363381
"dgp3",1,3,56,5,300,20272001,22363382
"dgp3",1,3,57,5,300,20272001,22363383
"dgp3",1,3,58,5,300,20272001,22363384
"dgp3",1,3,59,5,300,20272001,22363385
"dgp3",1,3,60,5,300,20272001,22363386
"dgp3",1,3,61,5,300,20272001,22363387
"dgp3",1,3,62,5,300,20272001,22363388
"dgp3",1,3,63,5,300,20272001,22363389
"dgp3",1,3,64,5,300,20272001,22363390
"dgp3",1,3,65,5,300,20272001,22363391
"dgp3",1,3,66,5,300,20272001,22363392
"dgp3",1,3,67,5,300,20272001,22363393
"dgp3",1,3,68,5,300,20272001,22363394
"dgp3",1,3,69,5,300,20272001,22363395
"dgp3",1,3,70,5,300,20272001,22363396
"dgp3",1,3,71,5,300,20272001,22363397
"dgp3",1,3,72,5,300,20272001,22363398
"dgp3",1,3,73,5,300,20272001,22363399
"dgp3",1,3,74,5,300,20272001,22363400
"dgp3",1,3,75,5,300,20272001,22363401
"dgp3",1,3,76,5,300,20272001,22363402
"dgp3",1,3,77,5,300,20272001,22363403
"dgp3",1,3,78,5,300,20272001,22363404
"dgp3",1,3,79,5,300,20272001,22363405
"dgp3",1,3,80,5,300,20272001,22363406
"dgp3",1,3,81,5,300,20272001,22363407
"dgp3",1,3,82,5,300,20272001,22363408
"dgp3",1,3,83,5,300,20272001,22363409
"dgp3",1,3,84,5,300,20272001,22363410
"dgp3",1,3,85,5,300,20272001,22363411
"dgp3",1,3,86,5,300,20272001,22363412
"dgp3",1,3,87,5,300,20272001,22363413
"dgp3",1,3,88,5,300,20272001,22363414
"dgp3",1,3,89,5,300,20272001,22363415
"dgp3",1,3,90,5,300,20272001,22363416
"dgp3",1,3,91,5,300,20272001,22363417
"dgp3",1,3,92,5,300,20272001,22363418
"dgp3",1,3,93,5,300,20272001,22363419
"dgp3",1,3,94,5,300,20272001,22363420
"dgp3",1,3,95,5,300,20272001,22363421
"dgp3",1,3,96,5,300,20272001,22363422
"dgp3",1,3,97,5,300,20272001,22363423
"dgp3",1,3,98,5,300,20272001,22363424
"dgp3",1,3,99,5,300,20272001,22363425
"dgp3",1,3,100,5,300,20272001,22363426
"dgp3",1,4,1,5,500,20272001,22364327
"dgp3",1,4,2,5,500,20272001,22364328
"dgp3",1,4,3,5,500,20272001,22364329
"dgp3",1,4,4,5,500,20272001,22364330
"dgp3",1,4,5,5,500,20272001,22364331
"dgp3",1,4,6,5,500,20272001,22364332
"dgp3",1,4,7,5,500,20272001,22364333
"dgp3",1,4,8,5,500,20272001,22364334
"dgp3",1,4,9,5,500,20272001,22364335
"dgp3",1,4,10,5,500,20272001,22364336
"dgp3",1,4,11,5,500,20272001,22364337
"dgp3",1,4,12,5,500,20272001,22364338
"dgp3",1,4,13,5,500,20272001,22364339
"dgp3",1,4,14,5,500,20272001,22364340
"dgp3",1,4,15,5,500,20272001,22364341
"dgp3",1,4,16,5,500,20272001,22364342
"dgp3",1,4,17,5,500,20272001,22364343
"dgp3",1,4,18,5,500,20272001,22364344
"dgp3",1,4,19,5,500,20272001,22364345
"dgp3",1,4,20,5,500,20272001,22364346
"dgp3",1,4,21,5,500,20272001,22364347
"dgp3",1,4,22,5,500,20272001,22364348
"dgp3",1,4,23,5,500,20272001,22364349
"dgp3",1,4,24,5,500,20272001,22364350
"dgp3",1,4,25,5,500,20272001,22364351
"dgp3",1,4,26,5,500,20272001,22364352
"dgp3",1,4,27,5,500,20272001,22364353
"dgp3",1,4,28,5,500,20272001,22364354
"dgp3",1,4,29,5,500,20272001,22364355
"dgp3",1,4,30,5,500,20272001,22364356
"dgp3",1,4,31,5,500,20272001,22364357
"dgp3",1,4,32,5,500,20272001,22364358
"dgp3",1,4,33,5,500,20272001,22364359
"dgp3",1,4,34,5,500,20272001,22364360
"dgp3",1,4,35,5,500,20272001,22364361
"dgp3",1,4,36,5,500,20272001,22364362
"dgp3",1,4,37,5,500,20272001,22364363
"dgp3",1,4,38,5,500,20272001,22364364
"dgp3",1,4,39,5,500,20272001,22364365
"dgp3",1,4,40,5,500,20272001,22364366
"dgp3",1,4,41,5,500,20272001,22364367
"dgp3",1,4,42,5,500,20272001,22364368
"dgp3",1,4,43,5,500,20272001,22364369
"dgp3",1,4,44,5,500,20272001,22364370
"dgp3",1,4,45,5,500,20272001,22364371
"dgp3",1,4,46,5,500,20272001,22364372
"dgp3",1,4,47,5,500,20272001,22364373
"dgp3",1,4,48,5,500,20272001,22364374
"dgp3",1,4,49,5,500,20272001,22364375
"dgp3",1,4,50,5,500,20272001,22364376
"dgp3",1,4,51,5,500,20272001,22364377
"dgp3",1,4,52,5,500,20272001,22364378
"dgp3",1,4,53,5,500,20272001,22364379
"dgp3",1,4,54,5,500,20272001,22364380
"dgp3",1,4,55,5,500,20272001,22364381
"dgp3",1,4,56,5,500,20272001,22364382
"dgp3",1,4,57,5,500,20272001,22364383
"dgp3",1,4,58,5,500,20272001,22364384
"dgp3",1,4,59,5,500,20272001,22364385
"dgp3",1,4,60,5,500,20272001,22364386
"dgp3",1,4,61,5,500,20272001,22364387
"dgp3",1,4,62,5,500,20272001,22364388
"dgp3",1,4,63,5,500,20272001,22364389
"dgp3",1,4,64,5,500,20272001,22364390
"dgp3",1,4,65,5,500,20272001,22364391
"dgp3",1,4,66,5,500,20272001,22364392
"dgp3",1,4,67,5,500,20272001,22364393
"dgp3",1,4,68,5,500,20272001,22364394
"dgp3",1,4,69,5,500,20272001,22364395
"dgp3",1,4,70,5,500,20272001,22364396
"dgp3",1,4,71,5,500,20272001,22364397
"dgp3",1,4,72,5,500,20272001,22364398
"dgp3",1,4,73,5,500,20272001,22364399
"dgp3",1,4,74,5,500,20272001,22364400
"dgp3",1,4,75,5,500,20272001,22364401
"dgp3",1,4,76,5,500,20272001,22364402
"dgp3",1,4,77,5,500,20272001,22364403
"dgp3",1,4,78,5,500,20272001,22364404
"dgp3",1,4,79,5,500,20272001,22364405
"dgp3",1,4,80,5,500,20272001,22364406
"dgp3",1,4,81,5,500,20272001,22364407
"dgp3",1,4,82,5,500,20272001,22364408
"dgp3",1,4,83,5,500,20272001,22364409
"dgp3",1,4,84,5,500,20272001,22364410
"dgp3",1,4,85,5,500,20272001,22364411
"dgp3",1,4,86,5,500,20272001,22364412
"dgp3",1,4,87,5,500,20272001,22364413
"dgp3",1,4,88,5,500,20272001,22364414
"dgp3",1,4,89,5,500,20272001,22364415
"dgp3",1,4,90,5,500,20272001,22364416
"dgp3",1,4,91,5,500,20272001,22364417
"dgp3",1,4,92,5,500,20272001,22364418
"dgp3",1,4,93,5,500,20272001,22364419
"dgp3",1,4,94,5,500,20272001,22364420
"dgp3",1,4,95,5,500,20272001,22364421
"dgp3",1,4,96,5,500,20272001,22364422
"dgp3",1,4,97,5,500,20272001,22364423
"dgp3",1,4,98,5,500,20272001,22364424
"dgp3",1,4,99,5,500,20272001,22364425
"dgp3",1,4,100,5,500,20272001,22364426
"dgp3",1,5,1,5,1000,20272001,22365327
"dgp3",1,5,2,5,1000,20272001,22365328
"dgp3",1,5,3,5,1000,20272001,22365329
"dgp3",1,5,4,5,1000,20272001,22365330
"dgp3",1,5,5,5,1000,20272001,22365331
"dgp3",1,5,6,5,1000,20272001,22365332
"dgp3",1,5,7,5,1000,20272001,22365333
"dgp3",1,5,8,5,1000,20272001,22365334
"dgp3",1,5,9,5,1000,20272001,22365335
"dgp3",1,5,10,5,1000,20272001,22365336
"dgp3",1,5,11,5,1000,20272001,22365337
"dgp3",1,5,12,5,1000,20272001,22365338
"dgp3",1,5,13,5,1000,20272001,22365339
"dgp3",1,5,14,5,1000,20272001,22365340
"dgp3",1,5,15,5,1000,20272001,22365341
"dgp3",1,5,16,5,1000,20272001,22365342
"dgp3",1,5,17,5,1000,20272001,22365343
"dgp3",1,5,18,5,1000,20272001,22365344
"dgp3",1,5,19,5,1000,20272001,22365345
"dgp3",1,5,20,5,1000,20272001,22365346
"dgp3",1,5,21,5,1000,20272001,22365347
"dgp3",1,5,22,5,1000,20272001,22365348
"dgp3",1,5,23,5,1000,20272001,22365349
"dgp3",1,5,24,5,1000,20272001,22365350
"dgp3",1,5,25,5,1000,20272001,22365351
"dgp3",1,5,26,5,1000,20272001,22365352
"dgp3",1,5,27,5,1000,20272001,22365353
"dgp3",1,5,28,5,1000,20272001,22365354
"dgp3",1,5,29,5,1000,20272001,22365355
"dgp3",1,5,30,5,1000,20272001,22365356
"dgp3",1,5,31,5,1000,20272001,22365357
"dgp3",1,5,32,5,1000,20272001,22365358
"dgp3",1,5,33,5,1000,20272001,22365359
"dgp3",1,5,34,5,1000,20272001,22365360
"dgp3",1,5,35,5,1000,20272001,22365361
"dgp3",1,5,36,5,1000,20272001,22365362
"dgp3",1,5,37,5,1000,20272001,22365363
"dgp3",1,5,38,5,1000,20272001,22365364
"dgp3",1,5,39,5,1000,20272001,22365365
"dgp3",1,5,40,5,1000,20272001,22365366
"dgp3",1,5,41,5,1000,20272001,22365367
"dgp3",1,5,42,5,1000,20272001,22365368
"dgp3",1,5,43,5,1000,20272001,22365369
"dgp3",1,5,44,5,1000,20272001,22365370
"dgp3",1,5,45,5,1000,20272001,22365371
"dgp3",1,5,46,5,1000,20272001,22365372
"dgp3",1,5,47,5,1000,20272001,22365373
"dgp3",1,5,48,5,1000,20272001,22365374
"dgp3",1,5,49,5,1000,20272001,22365375
"dgp3",1,5,50,5,1000,20272001,22365376
"dgp3",1,5,51,5,1000,20272001,22365377
"dgp3",1,5,52,5,1000,20272001,22365378
"dgp3",1,5,53,5,1000,20272001,22365379
"dgp3",1,5,54,5,1000,20272001,22365380
"dgp3",1,5,55,5,1000,20272001,22365381
"dgp3",1,5,56,5,1000,20272001,22365382
"dgp3",1,5,57,5,1000,20272001,22365383
"dgp3",1,5,58,5,1000,20272001,22365384
"dgp3",1,5,59,5,1000,20272001,22365385
"dgp3",1,5,60,5,1000,20272001,22365386
"dgp3",1,5,61,5,1000,20272001,22365387
"dgp3",1,5,62,5,1000,20272001,22365388
"dgp3",1,5,63,5,1000,20272001,22365389
"dgp3",1,5,64,5,1000,20272001,22365390
"dgp3",1,5,65,5,1000,20272001,22365391
"dgp3",1,5,66,5,1000,20272001,22365392
"dgp3",1,5,67,5,1000,20272001,22365393
"dgp3",1,5,68,5,1000,20272001,22365394
"dgp3",1,5,69,5,1000,20272001,22365395
"dgp3",1,5,70,5,1000,20272001,22365396
"dgp3",1,5,71,5,1000,20272001,22365397
"dgp3",1,5,72,5,1000,20272001,22365398
"dgp3",1,5,73,5,1000,20272001,22365399
"dgp3",1,5,74,5,1000,20272001,22365400
"dgp3",1,5,75,5,1000,20272001,22365401
"dgp3",1,5,76,5,1000,20272001,22365402
"dgp3",1,5,77,5,1000,20272001,22365403
"dgp3",1,5,78,5,1000,20272001,22365404
"dgp3",1,5,79,5,1000,20272001,22365405
"dgp3",1,5,80,5,1000,20272001,22365406
"dgp3",1,5,81,5,1000,20272001,22365407
"dgp3",1,5,82,5,1000,20272001,22365408
"dgp3",1,5,83,5,1000,20272001,22365409
"dgp3",1,5,84,5,1000,20272001,22365410
"dgp3",1,5,85,5,1000,20272001,22365411
"dgp3",1,5,86,5,1000,20272001,22365412
"dgp3",1,5,87,5,1000,20272001,22365413
"dgp3",1,5,88,5,1000,20272001,22365414
"dgp3",1,5,89,5,1000,20272001,22365415
"dgp3",1,5,90,5,1000,20272001,22365416
"dgp3",1,5,91,5,1000,20272001,22365417
"dgp3",1,5,92,5,1000,20272001,22365418
"dgp3",1,5,93,5,1000,20272001,22365419
"dgp3",1,5,94,5,1000,20272001,22365420
"dgp3",1,5,95,5,1000,20272001,22365421
"dgp3",1,5,96,5,1000,20272001,22365422
"dgp3",1,5,97,5,1000,20272001,22365423
"dgp3",1,5,98,5,1000,20272001,22365424
"dgp3",1,5,99,5,1000,20272001,22365425
"dgp3",1,5,100,5,1000,20272001,22365426
"dgp3",1,6,1,5,2000,20272001,22366327
"dgp3",1,6,2,5,2000,20272001,22366328
"dgp3",1,6,3,5,2000,20272001,22366329
"dgp3",1,6,4,5,2000,20272001,22366330
"dgp3",1,6,5,5,2000,20272001,22366331
"dgp3",1,6,6,5,2000,20272001,22366332
"dgp3",1,6,7,5,2000,20272001,22366333
"dgp3",1,6,8,5,2000,20272001,22366334
"dgp3",1,6,9,5,2000,20272001,22366335
"dgp3",1,6,10,5,2000,20272001,22366336
"dgp3",1,6,11,5,2000,20272001,22366337
"dgp3",1,6,12,5,2000,20272001,22366338
"dgp3",1,6,13,5,2000,20272001,22366339
"dgp3",1,6,14,5,2000,20272001,22366340
"dgp3",1,6,15,5,2000,20272001,22366341
"dgp3",1,6,16,5,2000,20272001,22366342
"dgp3",1,6,17,5,2000,20272001,22366343
"dgp3",1,6,18,5,2000,20272001,22366344
"dgp3",1,6,19,5,2000,20272001,22366345
"dgp3",1,6,20,5,2000,20272001,22366346
"dgp3",1,6,21,5,2000,20272001,22366347
"dgp3",1,6,22,5,2000,20272001,22366348
"dgp3",1,6,23,5,2000,20272001,22366349
"dgp3",1,6,24,5,2000,20272001,22366350
"dgp3",1,6,25,5,2000,20272001,22366351
"dgp3",1,6,26,5,2000,20272001,22366352
"dgp3",1,6,27,5,2000,20272001,22366353
"dgp3",1,6,28,5,2000,20272001,22366354
"dgp3",1,6,29,5,2000,20272001,22366355
"dgp3",1,6,30,5,2000,20272001,22366356
"dgp3",1,6,31,5,2000,20272001,22366357
"dgp3",1,6,32,5,2000,20272001,22366358
"dgp3",1,6,33,5,2000,20272001,22366359
"dgp3",1,6,34,5,2000,20272001,22366360
"dgp3",1,6,35,5,2000,20272001,22366361
"dgp3",1,6,36,5,2000,20272001,22366362
"dgp3",1,6,37,5,2000,20272001,22366363
"dgp3",1,6,38,5,2000,20272001,22366364
"dgp3",1,6,39,5,2000,20272001,22366365
"dgp3",1,6,40,5,2000,20272001,22366366
"dgp3",1,6,41,5,2000,20272001,22366367
"dgp3",1,6,42,5,2000,20272001,22366368
"dgp3",1,6,43,5,2000,20272001,22366369
"dgp3",1,6,44,5,2000,20272001,22366370
"dgp3",1,6,45,5,2000,20272001,22366371
"dgp3",1,6,46,5,2000,20272001,22366372
"dgp3",1,6,47,5,2000,20272001,22366373
"dgp3",1,6,48,5,2000,20272001,22366374
"dgp3",1,6,49,5,2000,20272001,22366375
"dgp3",1,6,50,5,2000,20272001,22366376
"dgp3",1,6,51,5,2000,20272001,22366377
"dgp3",1,6,52,5,2000,20272001,22366378
"dgp3",1,6,53,5,2000,20272001,22366379
"dgp3",1,6,54,5,2000,20272001,22366380
"dgp3",1,6,55,5,2000,20272001,22366381
"dgp3",1,6,56,5,2000,20272001,22366382
"dgp3",1,6,57,5,2000,20272001,22366383
"dgp3",1,6,58,5,2000,20272001,22366384
"dgp3",1,6,59,5,2000,20272001,22366385
"dgp3",1,6,60,5,2000,20272001,22366386
"dgp3",1,6,61,5,2000,20272001,22366387
"dgp3",1,6,62,5,2000,20272001,22366388
"dgp3",1,6,63,5,2000,20272001,22366389
"dgp3",1,6,64,5,2000,20272001,22366390
"dgp3",1,6,65,5,2000,20272001,22366391
"dgp3",1,6,66,5,2000,20272001,22366392
"dgp3",1,6,67,5,2000,20272001,22366393
"dgp3",1,6,68,5,2000,20272001,22366394
"dgp3",1,6,69,5,2000,20272001,22366395
"dgp3",1,6,70,5,2000,20272001,22366396
"dgp3",1,6,71,5,2000,20272001,22366397
"dgp3",1,6,72,5,2000,20272001,22366398
"dgp3",1,6,73,5,2000,20272001,22366399
"dgp3",1,6,74,5,2000,20272001,22366400
"dgp3",1,6,75,5,2000,20272001,22366401
"dgp3",1,6,76,5,2000,20272001,22366402
"dgp3",1,6,77,5,2000,20272001,22366403
"dgp3",1,6,78,5,2000,20272001,22366404
"dgp3",1,6,79,5,2000,20272001,22366405
"dgp3",1,6,80,5,2000,20272001,22366406
"dgp3",1,6,81,5,2000,20272001,22366407
"dgp3",1,6,82,5,2000,20272001,22366408
"dgp3",1,6,83,5,2000,20272001,22366409
"dgp3",1,6,84,5,2000,20272001,22366410
"dgp3",1,6,85,5,2000,20272001,22366411
"dgp3",1,6,86,5,2000,20272001,22366412
"dgp3",1,6,87,5,2000,20272001,22366413
"dgp3",1,6,88,5,2000,20272001,22366414
"dgp3",1,6,89,5,2000,20272001,22366415
"dgp3",1,6,90,5,2000,20272001,22366416
"dgp3",1,6,91,5,2000,20272001,22366417
"dgp3",1,6,92,5,2000,20272001,22366418
"dgp3",1,6,93,5,2000,20272001,22366419
"dgp3",1,6,94,5,2000,20272001,22366420
"dgp3",1,6,95,5,2000,20272001,22366421
"dgp3",1,6,96,5,2000,20272001,22366422
"dgp3",1,6,97,5,2000,20272001,22366423
"dgp3",1,6,98,5,2000,20272001,22366424
"dgp3",1,6,99,5,2000,20272001,22366425
"dgp3",1,6,100,5,2000,20272001,22366426
"dgp3",2,1,1,10,100,20272002,22461327
"dgp3",2,1,2,10,100,20272002,22461328
"dgp3",2,1,3,10,100,20272002,22461329
"dgp3",2,1,4,10,100,20272002,22461330
"dgp3",2,1,5,10,100,20272002,22461331
"dgp3",2,1,6,10,100,20272002,22461332
"dgp3",2,1,7,10,100,20272002,22461333
"dgp3",2,1,8,10,100,20272002,22461334
"dgp3",2,1,9,10,100,20272002,22461335
"dgp3",2,1,10,10,100,20272002,22461336
"dgp3",2,1,11,10,100,20272002,22461337
"dgp3",2,1,12,10,100,20272002,22461338
"dgp3",2,1,13,10,100,20272002,22461339
"dgp3",2,1,14,10,100,20272002,22461340
"dgp3",2,1,15,10,100,20272002,22461341
"dgp3",2,1,16,10,100,20272002,22461342
"dgp3",2,1,17,10,100,20272002,22461343
"dgp3",2,1,18,10,100,20272002,22461344
"dgp3",2,1,19,10,100,20272002,22461345
"dgp3",2,1,20,10,100,20272002,22461346
"dgp3",2,1,21,10,100,20272002,22461347
"dgp3",2,1,22,10,100,20272002,22461348
"dgp3",2,1,23,10,100,20272002,22461349
"dgp3",2,1,24,10,100,20272002,22461350
"dgp3",2,1,25,10,100,20272002,22461351
"dgp3",2,1,26,10,100,20272002,22461352
"dgp3",2,1,27,10,100,20272002,22461353
"dgp3",2,1,28,10,100,20272002,22461354
"dgp3",2,1,29,10,100,20272002,22461355
"dgp3",2,1,30,10,100,20272002,22461356
"dgp3",2,1,31,10,100,20272002,22461357
"dgp3",2,1,32,10,100,20272002,22461358
"dgp3",2,1,33,10,100,20272002,22461359
"dgp3",2,1,34,10,100,20272002,22461360
"dgp3",2,1,35,10,100,20272002,22461361
"dgp3",2,1,36,10,100,20272002,22461362
"dgp3",2,1,37,10,100,20272002,22461363
"dgp3",2,1,38,10,100,20272002,22461364
"dgp3",2,1,39,10,100,20272002,22461365
"dgp3",2,1,40,10,100,20272002,22461366
"dgp3",2,1,41,10,100,20272002,22461367
"dgp3",2,1,42,10,100,20272002,22461368
"dgp3",2,1,43,10,100,20272002,22461369
"dgp3",2,1,44,10,100,20272002,22461370
"dgp3",2,1,45,10,100,20272002,22461371
"dgp3",2,1,46,10,100,20272002,22461372
"dgp3",2,1,47,10,100,20272002,22461373
"dgp3",2,1,48,10,100,20272002,22461374
"dgp3",2,1,49,10,100,20272002,22461375
"dgp3",2,1,50,10,100,20272002,22461376
"dgp3",2,1,51,10,100,20272002,22461377
"dgp3",2,1,52,10,100,20272002,22461378
"dgp3",2,1,53,10,100,20272002,22461379
"dgp3",2,1,54,10,100,20272002,22461380
"dgp3",2,1,55,10,100,20272002,22461381
"dgp3",2,1,56,10,100,20272002,22461382
"dgp3",2,1,57,10,100,20272002,22461383
"dgp3",2,1,58,10,100,20272002,22461384
"dgp3",2,1,59,10,100,20272002,22461385
"dgp3",2,1,60,10,100,20272002,22461386
"dgp3",2,1,61,10,100,20272002,22461387
"dgp3",2,1,62,10,100,20272002,22461388
"dgp3",2,1,63,10,100,20272002,22461389
"dgp3",2,1,64,10,100,20272002,22461390
"dgp3",2,1,65,10,100,20272002,22461391
"dgp3",2,1,66,10,100,20272002,22461392
"dgp3",2,1,67,10,100,20272002,22461393
"dgp3",2,1,68,10,100,20272002,22461394
"dgp3",2,1,69,10,100,20272002,22461395
"dgp3",2,1,70,10,100,20272002,22461396
"dgp3",2,1,71,10,100,20272002,22461397
"dgp3",2,1,72,10,100,20272002,22461398
"dgp3",2,1,73,10,100,20272002,22461399
"dgp3",2,1,74,10,100,20272002,22461400
"dgp3",2,1,75,10,100,20272002,22461401
"dgp3",2,1,76,10,100,20272002,22461402
"dgp3",2,1,77,10,100,20272002,22461403
"dgp3",2,1,78,10,100,20272002,22461404
"dgp3",2,1,79,10,100,20272002,22461405
"dgp3",2,1,80,10,100,20272002,22461406
"dgp3",2,1,81,10,100,20272002,22461407
"dgp3",2,1,82,10,100,20272002,22461408
"dgp3",2,1,83,10,100,20272002,22461409
"dgp3",2,1,84,10,100,20272002,22461410
"dgp3",2,1,85,10,100,20272002,22461411
"dgp3",2,1,86,10,100,20272002,22461412
"dgp3",2,1,87,10,100,20272002,22461413
"dgp3",2,1,88,10,100,20272002,22461414
"dgp3",2,1,89,10,100,20272002,22461415
"dgp3",2,1,90,10,100,20272002,22461416
"dgp3",2,1,91,10,100,20272002,22461417
"dgp3",2,1,92,10,100,20272002,22461418
"dgp3",2,1,93,10,100,20272002,22461419
"dgp3",2,1,94,10,100,20272002,22461420
"dgp3",2,1,95,10,100,20272002,22461421
"dgp3",2,1,96,10,100,20272002,22461422
"dgp3",2,1,97,10,100,20272002,22461423
"dgp3",2,1,98,10,100,20272002,22461424
"dgp3",2,1,99,10,100,20272002,22461425
"dgp3",2,1,100,10,100,20272002,22461426
"dgp3",2,2,1,10,200,20272002,22462327
"dgp3",2,2,2,10,200,20272002,22462328
"dgp3",2,2,3,10,200,20272002,22462329
"dgp3",2,2,4,10,200,20272002,22462330
"dgp3",2,2,5,10,200,20272002,22462331
"dgp3",2,2,6,10,200,20272002,22462332
"dgp3",2,2,7,10,200,20272002,22462333
"dgp3",2,2,8,10,200,20272002,22462334
"dgp3",2,2,9,10,200,20272002,22462335
"dgp3",2,2,10,10,200,20272002,22462336
"dgp3",2,2,11,10,200,20272002,22462337
"dgp3",2,2,12,10,200,20272002,22462338
"dgp3",2,2,13,10,200,20272002,22462339
"dgp3",2,2,14,10,200,20272002,22462340
"dgp3",2,2,15,10,200,20272002,22462341
"dgp3",2,2,16,10,200,20272002,22462342
"dgp3",2,2,17,10,200,20272002,22462343
"dgp3",2,2,18,10,200,20272002,22462344
"dgp3",2,2,19,10,200,20272002,22462345
"dgp3",2,2,20,10,200,20272002,22462346
"dgp3",2,2,21,10,200,20272002,22462347
"dgp3",2,2,22,10,200,20272002,22462348
"dgp3",2,2,23,10,200,20272002,22462349
"dgp3",2,2,24,10,200,20272002,22462350
"dgp3",2,2,25,10,200,20272002,22462351
"dgp3",2,2,26,10,200,20272002,22462352
"dgp3",2,2,27,10,200,20272002,22462353
"dgp3",2,2,28,10,200,20272002,22462354
"dgp3",2,2,29,10,200,20272002,22462355
"dgp3",2,2,30,10,200,20272002,22462356
"dgp3",2,2,31,10,200,20272002,22462357
"dgp3",2,2,32,10,200,20272002,22462358
"dgp3",2,2,33,10,200,20272002,22462359
"dgp3",2,2,34,10,200,20272002,22462360
"dgp3",2,2,35,10,200,20272002,22462361
"dgp3",2,2,36,10,200,20272002,22462362
"dgp3",2,2,37,10,200,20272002,22462363
"dgp3",2,2,38,10,200,20272002,22462364
"dgp3",2,2,39,10,200,20272002,22462365
"dgp3",2,2,40,10,200,20272002,22462366
"dgp3",2,2,41,10,200,20272002,22462367
"dgp3",2,2,42,10,200,20272002,22462368
"dgp3",2,2,43,10,200,20272002,22462369
"dgp3",2,2,44,10,200,20272002,22462370
"dgp3",2,2,45,10,200,20272002,22462371
"dgp3",2,2,46,10,200,20272002,22462372
"dgp3",2,2,47,10,200,20272002,22462373
"dgp3",2,2,48,10,200,20272002,22462374
"dgp3",2,2,49,10,200,20272002,22462375
"dgp3",2,2,50,10,200,20272002,22462376
"dgp3",2,2,51,10,200,20272002,22462377
"dgp3",2,2,52,10,200,20272002,22462378
"dgp3",2,2,53,10,200,20272002,22462379
"dgp3",2,2,54,10,200,20272002,22462380
"dgp3",2,2,55,10,200,20272002,22462381
"dgp3",2,2,56,10,200,20272002,22462382
"dgp3",2,2,57,10,200,20272002,22462383
"dgp3",2,2,58,10,200,20272002,22462384
"dgp3",2,2,59,10,200,20272002,22462385
"dgp3",2,2,60,10,200,20272002,22462386
"dgp3",2,2,61,10,200,20272002,22462387
"dgp3",2,2,62,10,200,20272002,22462388
"dgp3",2,2,63,10,200,20272002,22462389
"dgp3",2,2,64,10,200,20272002,22462390
"dgp3",2,2,65,10,200,20272002,22462391
"dgp3",2,2,66,10,200,20272002,22462392
"dgp3",2,2,67,10,200,20272002,22462393
"dgp3",2,2,68,10,200,20272002,22462394
"dgp3",2,2,69,10,200,20272002,22462395
"dgp3",2,2,70,10,200,20272002,22462396
"dgp3",2,2,71,10,200,20272002,22462397
"dgp3",2,2,72,10,200,20272002,22462398
"dgp3",2,2,73,10,200,20272002,22462399
"dgp3",2,2,74,10,200,20272002,22462400
"dgp3",2,2,75,10,200,20272002,22462401
"dgp3",2,2,76,10,200,20272002,22462402
"dgp3",2,2,77,10,200,20272002,22462403
"dgp3",2,2,78,10,200,20272002,22462404
"dgp3",2,2,79,10,200,20272002,22462405
"dgp3",2,2,80,10,200,20272002,22462406
"dgp3",2,2,81,10,200,20272002,22462407
"dgp3",2,2,82,10,200,20272002,22462408
"dgp3",2,2,83,10,200,20272002,22462409
"dgp3",2,2,84,10,200,20272002,22462410
"dgp3",2,2,85,10,200,20272002,22462411
"dgp3",2,2,86,10,200,20272002,22462412
"dgp3",2,2,87,10,200,20272002,22462413
"dgp3",2,2,88,10,200,20272002,22462414
"dgp3",2,2,89,10,200,20272002,22462415
"dgp3",2,2,90,10,200,20272002,22462416
"dgp3",2,2,91,10,200,20272002,22462417
"dgp3",2,2,92,10,200,20272002,22462418
"dgp3",2,2,93,10,200,20272002,22462419
"dgp3",2,2,94,10,200,20272002,22462420
"dgp3",2,2,95,10,200,20272002,22462421
"dgp3",2,2,96,10,200,20272002,22462422
"dgp3",2,2,97,10,200,20272002,22462423
"dgp3",2,2,98,10,200,20272002,22462424
"dgp3",2,2,99,10,200,20272002,22462425
"dgp3",2,2,100,10,200,20272002,22462426
"dgp3",2,3,1,10,300,20272002,22463327
"dgp3",2,3,2,10,300,20272002,22463328
"dgp3",2,3,3,10,300,20272002,22463329
"dgp3",2,3,4,10,300,20272002,22463330
"dgp3",2,3,5,10,300,20272002,22463331
"dgp3",2,3,6,10,300,20272002,22463332
"dgp3",2,3,7,10,300,20272002,22463333
"dgp3",2,3,8,10,300,20272002,22463334
"dgp3",2,3,9,10,300,20272002,22463335
"dgp3",2,3,10,10,300,20272002,22463336
"dgp3",2,3,11,10,300,20272002,22463337
"dgp3",2,3,12,10,300,20272002,22463338
"dgp3",2,3,13,10,300,20272002,22463339
"dgp3",2,3,14,10,300,20272002,22463340
"dgp3",2,3,15,10,300,20272002,22463341
"dgp3",2,3,16,10,300,20272002,22463342
"dgp3",2,3,17,10,300,20272002,22463343
"dgp3",2,3,18,10,300,20272002,22463344
"dgp3",2,3,19,10,300,20272002,22463345
"dgp3",2,3,20,10,300,20272002,22463346
"dgp3",2,3,21,10,300,20272002,22463347
"dgp3",2,3,22,10,300,20272002,22463348
"dgp3",2,3,23,10,300,20272002,22463349
"dgp3",2,3,24,10,300,20272002,22463350
"dgp3",2,3,25,10,300,20272002,22463351
"dgp3",2,3,26,10,300,20272002,22463352
"dgp3",2,3,27,10,300,20272002,22463353
"dgp3",2,3,28,10,300,20272002,22463354
"dgp3",2,3,29,10,300,20272002,22463355
"dgp3",2,3,30,10,300,20272002,22463356
"dgp3",2,3,31,10,300,20272002,22463357
"dgp3",2,3,32,10,300,20272002,22463358
"dgp3",2,3,33,10,300,20272002,22463359
"dgp3",2,3,34,10,300,20272002,22463360
"dgp3",2,3,35,10,300,20272002,22463361
"dgp3",2,3,36,10,300,20272002,22463362
"dgp3",2,3,37,10,300,20272002,22463363
"dgp3",2,3,38,10,300,20272002,22463364
"dgp3",2,3,39,10,300,20272002,22463365
"dgp3",2,3,40,10,300,20272002,22463366
"dgp3",2,3,41,10,300,20272002,22463367
"dgp3",2,3,42,10,300,20272002,22463368
"dgp3",2,3,43,10,300,20272002,22463369
"dgp3",2,3,44,10,300,20272002,22463370
"dgp3",2,3,45,10,300,20272002,22463371
"dgp3",2,3,46,10,300,20272002,22463372
"dgp3",2,3,47,10,300,20272002,22463373
"dgp3",2,3,48,10,300,20272002,22463374
"dgp3",2,3,49,10,300,20272002,22463375
"dgp3",2,3,50,10,300,20272002,22463376
"dgp3",2,3,51,10,300,20272002,22463377
"dgp3",2,3,52,10,300,20272002,22463378
"dgp3",2,3,53,10,300,20272002,22463379
"dgp3",2,3,54,10,300,20272002,22463380
"dgp3",2,3,55,10,300,20272002,22463381
"dgp3",2,3,56,10,300,20272002,22463382
"dgp3",2,3,57,10,300,20272002,22463383
"dgp3",2,3,58,10,300,20272002,22463384
"dgp3",2,3,59,10,300,20272002,22463385
"dgp3",2,3,60,10,300,20272002,22463386
"dgp3",2,3,61,10,300,20272002,22463387
"dgp3",2,3,62,10,300,20272002,22463388
"dgp3",2,3,63,10,300,20272002,22463389
"dgp3",2,3,64,10,300,20272002,22463390
"dgp3",2,3,65,10,300,20272002,22463391
"dgp3",2,3,66,10,300,20272002,22463392
"dgp3",2,3,67,10,300,20272002,22463393
"dgp3",2,3,68,10,300,20272002,22463394
"dgp3",2,3,69,10,300,20272002,22463395
"dgp3",2,3,70,10,300,20272002,22463396
"dgp3",2,3,71,10,300,20272002,22463397
"dgp3",2,3,72,10,300,20272002,22463398
"dgp3",2,3,73,10,300,20272002,22463399
"dgp3",2,3,74,10,300,20272002,22463400
"dgp3",2,3,75,10,300,20272002,22463401
"dgp3",2,3,76,10,300,20272002,22463402
"dgp3",2,3,77,10,300,20272002,22463403
"dgp3",2,3,78,10,300,20272002,22463404
"dgp3",2,3,79,10,300,20272002,22463405
"dgp3",2,3,80,10,300,20272002,22463406
"dgp3",2,3,81,10,300,20272002,22463407
"dgp3",2,3,82,10,300,20272002,22463408
"dgp3",2,3,83,10,300,20272002,22463409
"dgp3",2,3,84,10,300,20272002,22463410
"dgp3",2,3,85,10,300,20272002,22463411
"dgp3",2,3,86,10,300,20272002,22463412
"dgp3",2,3,87,10,300,20272002,22463413
"dgp3",2,3,88,10,300,20272002,22463414
"dgp3",2,3,89,10,300,20272002,22463415
"dgp3",2,3,90,10,300,20272002,22463416
"dgp3",2,3,91,10,300,20272002,22463417
"dgp3",2,3,92,10,300,20272002,22463418
"dgp3",2,3,93,10,300,20272002,22463419
"dgp3",2,3,94,10,300,20272002,22463420
"dgp3",2,3,95,10,300,20272002,22463421
"dgp3",2,3,96,10,300,20272002,22463422
"dgp3",2,3,97,10,300,20272002,22463423
"dgp3",2,3,98,10,300,20272002,22463424
"dgp3",2,3,99,10,300,20272002,22463425
"dgp3",2,3,100,10,300,20272002,22463426
"dgp3",2,4,1,10,500,20272002,22464327
"dgp3",2,4,2,10,500,20272002,22464328
"dgp3",2,4,3,10,500,20272002,22464329
"dgp3",2,4,4,10,500,20272002,22464330
"dgp3",2,4,5,10,500,20272002,22464331
"dgp3",2,4,6,10,500,20272002,22464332
"dgp3",2,4,7,10,500,20272002,22464333
"dgp3",2,4,8,10,500,20272002,22464334
"dgp3",2,4,9,10,500,20272002,22464335
"dgp3",2,4,10,10,500,20272002,22464336
"dgp3",2,4,11,10,500,20272002,22464337
"dgp3",2,4,12,10,500,20272002,22464338
"dgp3",2,4,13,10,500,20272002,22464339
"dgp3",2,4,14,10,500,20272002,22464340
"dgp3",2,4,15,10,500,20272002,22464341
"dgp3",2,4,16,10,500,20272002,22464342
"dgp3",2,4,17,10,500,20272002,22464343
"dgp3",2,4,18,10,500,20272002,22464344
"dgp3",2,4,19,10,500,20272002,22464345
"dgp3",2,4,20,10,500,20272002,22464346
"dgp3",2,4,21,10,500,20272002,22464347
"dgp3",2,4,22,10,500,20272002,22464348
"dgp3",2,4,23,10,500,20272002,22464349
"dgp3",2,4,24,10,500,20272002,22464350
"dgp3",2,4,25,10,500,20272002,22464351
"dgp3",2,4,26,10,500,20272002,22464352
"dgp3",2,4,27,10,500,20272002,22464353
"dgp3",2,4,28,10,500,20272002,22464354
"dgp3",2,4,29,10,500,20272002,22464355
"dgp3",2,4,30,10,500,20272002,22464356
"dgp3",2,4,31,10,500,20272002,22464357
"dgp3",2,4,32,10,500,20272002,22464358
"dgp3",2,4,33,10,500,20272002,22464359
"dgp3",2,4,34,10,500,20272002,22464360
"dgp3",2,4,35,10,500,20272002,22464361
"dgp3",2,4,36,10,500,20272002,22464362
"dgp3",2,4,37,10,500,20272002,22464363
"dgp3",2,4,38,10,500,20272002,22464364
"dgp3",2,4,39,10,500,20272002,22464365
"dgp3",2,4,40,10,500,20272002,22464366
"dgp3",2,4,41,10,500,20272002,22464367
"dgp3",2,4,42,10,500,20272002,22464368
"dgp3",2,4,43,10,500,20272002,22464369
"dgp3",2,4,44,10,500,20272002,22464370
"dgp3",2,4,45,10,500,20272002,22464371
"dgp3",2,4,46,10,500,20272002,22464372
"dgp3",2,4,47,10,500,20272002,22464373
"dgp3",2,4,48,10,500,20272002,22464374
"dgp3",2,4,49,10,500,20272002,22464375
"dgp3",2,4,50,10,500,20272002,22464376
"dgp3",2,4,51,10,500,20272002,22464377
"dgp3",2,4,52,10,500,20272002,22464378
"dgp3",2,4,53,10,500,20272002,22464379
"dgp3",2,4,54,10,500,20272002,22464380
"dgp3",2,4,55,10,500,20272002,22464381
"dgp3",2,4,56,10,500,20272002,22464382
"dgp3",2,4,57,10,500,20272002,22464383
"dgp3",2,4,58,10,500,20272002,22464384
"dgp3",2,4,59,10,500,20272002,22464385
"dgp3",2,4,60,10,500,20272002,22464386
"dgp3",2,4,61,10,500,20272002,22464387
"dgp3",2,4,62,10,500,20272002,22464388
"dgp3",2,4,63,10,500,20272002,22464389
"dgp3",2,4,64,10,500,20272002,22464390
"dgp3",2,4,65,10,500,20272002,22464391
"dgp3",2,4,66,10,500,20272002,22464392
"dgp3",2,4,67,10,500,20272002,22464393
"dgp3",2,4,68,10,500,20272002,22464394
"dgp3",2,4,69,10,500,20272002,22464395
"dgp3",2,4,70,10,500,20272002,22464396
"dgp3",2,4,71,10,500,20272002,22464397
"dgp3",2,4,72,10,500,20272002,22464398
"dgp3",2,4,73,10,500,20272002,22464399
"dgp3",2,4,74,10,500,20272002,22464400
"dgp3",2,4,75,10,500,20272002,22464401
"dgp3",2,4,76,10,500,20272002,22464402
"dgp3",2,4,77,10,500,20272002,22464403
"dgp3",2,4,78,10,500,20272002,22464404
"dgp3",2,4,79,10,500,20272002,22464405
"dgp3",2,4,80,10,500,20272002,22464406
"dgp3",2,4,81,10,500,20272002,22464407
"dgp3",2,4,82,10,500,20272002,22464408
"dgp3",2,4,83,10,500,20272002,22464409
"dgp3",2,4,84,10,500,20272002,22464410
"dgp3",2,4,85,10,500,20272002,22464411
"dgp3",2,4,86,10,500,20272002,22464412
"dgp3",2,4,87,10,500,20272002,22464413
"dgp3",2,4,88,10,500,20272002,22464414
"dgp3",2,4,89,10,500,20272002,22464415
"dgp3",2,4,90,10,500,20272002,22464416
"dgp3",2,4,91,10,500,20272002,22464417
"dgp3",2,4,92,10,500,20272002,22464418
"dgp3",2,4,93,10,500,20272002,22464419
"dgp3",2,4,94,10,500,20272002,22464420
"dgp3",2,4,95,10,500,20272002,22464421
"dgp3",2,4,96,10,500,20272002,22464422
"dgp3",2,4,97,10,500,20272002,22464423
"dgp3",2,4,98,10,500,20272002,22464424
"dgp3",2,4,99,10,500,20272002,22464425
"dgp3",2,4,100,10,500,20272002,22464426
"dgp3",2,5,1,10,1000,20272002,22465327
"dgp3",2,5,2,10,1000,20272002,22465328
"dgp3",2,5,3,10,1000,20272002,22465329
"dgp3",2,5,4,10,1000,20272002,22465330
"dgp3",2,5,5,10,1000,20272002,22465331
"dgp3",2,5,6,10,1000,20272002,22465332
"dgp3",2,5,7,10,1000,20272002,22465333
"dgp3",2,5,8,10,1000,20272002,22465334
"dgp3",2,5,9,10,1000,20272002,22465335
"dgp3",2,5,10,10,1000,20272002,22465336
"dgp3",2,5,11,10,1000,20272002,22465337
"dgp3",2,5,12,10,1000,20272002,22465338
"dgp3",2,5,13,10,1000,20272002,22465339
"dgp3",2,5,14,10,1000,20272002,22465340
"dgp3",2,5,15,10,1000,20272002,22465341
"dgp3",2,5,16,10,1000,20272002,22465342
"dgp3",2,5,17,10,1000,20272002,22465343
"dgp3",2,5,18,10,1000,20272002,22465344
"dgp3",2,5,19,10,1000,20272002,22465345
"dgp3",2,5,20,10,1000,20272002,22465346
"dgp3",2,5,21,10,1000,20272002,22465347
"dgp3",2,5,22,10,1000,20272002,22465348
"dgp3",2,5,23,10,1000,20272002,22465349
"dgp3",2,5,24,10,1000,20272002,22465350
"dgp3",2,5,25,10,1000,20272002,22465351
"dgp3",2,5,26,10,1000,20272002,22465352
"dgp3",2,5,27,10,1000,20272002,22465353
"dgp3",2,5,28,10,1000,20272002,22465354
"dgp3",2,5,29,10,1000,20272002,22465355
"dgp3",2,5,30,10,1000,20272002,22465356
"dgp3",2,5,31,10,1000,20272002,22465357
"dgp3",2,5,32,10,1000,20272002,22465358
"dgp3",2,5,33,10,1000,20272002,22465359
"dgp3",2,5,34,10,1000,20272002,22465360
"dgp3",2,5,35,10,1000,20272002,22465361
"dgp3",2,5,36,10,1000,20272002,22465362
"dgp3",2,5,37,10,1000,20272002,22465363
"dgp3",2,5,38,10,1000,20272002,22465364
"dgp3",2,5,39,10,1000,20272002,22465365
"dgp3",2,5,40,10,1000,20272002,22465366
"dgp3",2,5,41,10,1000,20272002,22465367
"dgp3",2,5,42,10,1000,20272002,22465368
"dgp3",2,5,43,10,1000,20272002,22465369
"dgp3",2,5,44,10,1000,20272002,22465370
"dgp3",2,5,45,10,1000,20272002,22465371
"dgp3",2,5,46,10,1000,20272002,22465372
"dgp3",2,5,47,10,1000,20272002,22465373
"dgp3",2,5,48,10,1000,20272002,22465374
"dgp3",2,5,49,10,1000,20272002,22465375
"dgp3",2,5,50,10,1000,20272002,22465376
"dgp3",2,5,51,10,1000,20272002,22465377
"dgp3",2,5,52,10,1000,20272002,22465378
"dgp3",2,5,53,10,1000,20272002,22465379
"dgp3",2,5,54,10,1000,20272002,22465380
"dgp3",2,5,55,10,1000,20272002,22465381
"dgp3",2,5,56,10,1000,20272002,22465382
"dgp3",2,5,57,10,1000,20272002,22465383
"dgp3",2,5,58,10,1000,20272002,22465384
"dgp3",2,5,59,10,1000,20272002,22465385
"dgp3",2,5,60,10,1000,20272002,22465386
"dgp3",2,5,61,10,1000,20272002,22465387
"dgp3",2,5,62,10,1000,20272002,22465388
"dgp3",2,5,63,10,1000,20272002,22465389
"dgp3",2,5,64,10,1000,20272002,22465390
"dgp3",2,5,65,10,1000,20272002,22465391
"dgp3",2,5,66,10,1000,20272002,22465392
"dgp3",2,5,67,10,1000,20272002,22465393
"dgp3",2,5,68,10,1000,20272002,22465394
"dgp3",2,5,69,10,1000,20272002,22465395
"dgp3",2,5,70,10,1000,20272002,22465396
"dgp3",2,5,71,10,1000,20272002,22465397
"dgp3",2,5,72,10,1000,20272002,22465398
"dgp3",2,5,73,10,1000,20272002,22465399
"dgp3",2,5,74,10,1000,20272002,22465400
"dgp3",2,5,75,10,1000,20272002,22465401
"dgp3",2,5,76,10,1000,20272002,22465402
"dgp3",2,5,77,10,1000,20272002,22465403
"dgp3",2,5,78,10,1000,20272002,22465404
"dgp3",2,5,79,10,1000,20272002,22465405
"dgp3",2,5,80,10,1000,20272002,22465406
"dgp3",2,5,81,10,1000,20272002,22465407
"dgp3",2,5,82,10,1000,20272002,22465408
"dgp3",2,5,83,10,1000,20272002,22465409
"dgp3",2,5,84,10,1000,20272002,22465410
"dgp3",2,5,85,10,1000,20272002,22465411
"dgp3",2,5,86,10,1000,20272002,22465412
"dgp3",2,5,87,10,1000,20272002,22465413
"dgp3",2,5,88,10,1000,20272002,22465414
"dgp3",2,5,89,10,1000,20272002,22465415
"dgp3",2,5,90,10,1000,20272002,22465416
"dgp3",2,5,91,10,1000,20272002,22465417
"dgp3",2,5,92,10,1000,20272002,22465418
"dgp3",2,5,93,10,1000,20272002,22465419
"dgp3",2,5,94,10,1000,20272002,22465420
"dgp3",2,5,95,10,1000,20272002,22465421
"dgp3",2,5,96,10,1000,20272002,22465422
"dgp3",2,5,97,10,1000,20272002,22465423
"dgp3",2,5,98,10,1000,20272002,22465424
"dgp3",2,5,99,10,1000,20272002,22465425
"dgp3",2,5,100,10,1000,20272002,22465426
"dgp3",2,6,1,10,2000,20272002,22466327
"dgp3",2,6,2,10,2000,20272002,22466328
"dgp3",2,6,3,10,2000,20272002,22466329
"dgp3",2,6,4,10,2000,20272002,22466330
"dgp3",2,6,5,10,2000,20272002,22466331
"dgp3",2,6,6,10,2000,20272002,22466332
"dgp3",2,6,7,10,2000,20272002,22466333
"dgp3",2,6,8,10,2000,20272002,22466334
"dgp3",2,6,9,10,2000,20272002,22466335
"dgp3",2,6,10,10,2000,20272002,22466336
"dgp3",2,6,11,10,2000,20272002,22466337
"dgp3",2,6,12,10,2000,20272002,22466338
"dgp3",2,6,13,10,2000,20272002,22466339
"dgp3",2,6,14,10,2000,20272002,22466340
"dgp3",2,6,15,10,2000,20272002,22466341
"dgp3",2,6,16,10,2000,20272002,22466342
"dgp3",2,6,17,10,2000,20272002,22466343
"dgp3",2,6,18,10,2000,20272002,22466344
"dgp3",2,6,19,10,2000,20272002,22466345
"dgp3",2,6,20,10,2000,20272002,22466346
"dgp3",2,6,21,10,2000,20272002,22466347
"dgp3",2,6,22,10,2000,20272002,22466348
"dgp3",2,6,23,10,2000,20272002,22466349
"dgp3",2,6,24,10,2000,20272002,22466350
"dgp3",2,6,25,10,2000,20272002,22466351
"dgp3",2,6,26,10,2000,20272002,22466352
"dgp3",2,6,27,10,2000,20272002,22466353
"dgp3",2,6,28,10,2000,20272002,22466354
"dgp3",2,6,29,10,2000,20272002,22466355
"dgp3",2,6,30,10,2000,20272002,22466356
"dgp3",2,6,31,10,2000,20272002,22466357
"dgp3",2,6,32,10,2000,20272002,22466358
"dgp3",2,6,33,10,2000,20272002,22466359
"dgp3",2,6,34,10,2000,20272002,22466360
"dgp3",2,6,35,10,2000,20272002,22466361
"dgp3",2,6,36,10,2000,20272002,22466362
"dgp3",2,6,37,10,2000,20272002,22466363
"dgp3",2,6,38,10,2000,20272002,22466364
"dgp3",2,6,39,10,2000,20272002,22466365
"dgp3",2,6,40,10,2000,20272002,22466366
"dgp3",2,6,41,10,2000,20272002,22466367
"dgp3",2,6,42,10,2000,20272002,22466368
"dgp3",2,6,43,10,2000,20272002,22466369
"dgp3",2,6,44,10,2000,20272002,22466370
"dgp3",2,6,45,10,2000,20272002,22466371
"dgp3",2,6,46,10,2000,20272002,22466372
"dgp3",2,6,47,10,2000,20272002,22466373
"dgp3",2,6,48,10,2000,20272002,22466374
"dgp3",2,6,49,10,2000,20272002,22466375
"dgp3",2,6,50,10,2000,20272002,22466376
"dgp3",2,6,51,10,2000,20272002,22466377
"dgp3",2,6,52,10,2000,20272002,22466378
"dgp3",2,6,53,10,2000,20272002,22466379
"dgp3",2,6,54,10,2000,20272002,22466380
"dgp3",2,6,55,10,2000,20272002,22466381
"dgp3",2,6,56,10,2000,20272002,22466382
"dgp3",2,6,57,10,2000,20272002,22466383
"dgp3",2,6,58,10,2000,20272002,22466384
"dgp3",2,6,59,10,2000,20272002,22466385
"dgp3",2,6,60,10,2000,20272002,22466386
"dgp3",2,6,61,10,2000,20272002,22466387
"dgp3",2,6,62,10,2000,20272002,22466388
"dgp3",2,6,63,10,2000,20272002,22466389
"dgp3",2,6,64,10,2000,20272002,22466390
"dgp3",2,6,65,10,2000,20272002,22466391
"dgp3",2,6,66,10,2000,20272002,22466392
"dgp3",2,6,67,10,2000,20272002,22466393
"dgp3",2,6,68,10,2000,20272002,22466394
"dgp3",2,6,69,10,2000,20272002,22466395
"dgp3",2,6,70,10,2000,20272002,22466396
"dgp3",2,6,71,10,2000,20272002,22466397
"dgp3",2,6,72,10,2000,20272002,22466398
"dgp3",2,6,73,10,2000,20272002,22466399
"dgp3",2,6,74,10,2000,20272002,22466400
"dgp3",2,6,75,10,2000,20272002,22466401
"dgp3",2,6,76,10,2000,20272002,22466402
"dgp3",2,6,77,10,2000,20272002,22466403
"dgp3",2,6,78,10,2000,20272002,22466404
"dgp3",2,6,79,10,2000,20272002,22466405
"dgp3",2,6,80,10,2000,20272002,22466406
"dgp3",2,6,81,10,2000,20272002,22466407
"dgp3",2,6,82,10,2000,20272002,22466408
"dgp3",2,6,83,10,2000,20272002,22466409
"dgp3",2,6,84,10,2000,20272002,22466410
"dgp3",2,6,85,10,2000,20272002,22466411
"dgp3",2,6,86,10,2000,20272002,22466412
"dgp3",2,6,87,10,2000,20272002,22466413
"dgp3",2,6,88,10,2000,20272002,22466414
"dgp3",2,6,89,10,2000,20272002,22466415
"dgp3",2,6,90,10,2000,20272002,22466416
"dgp3",2,6,91,10,2000,20272002,22466417
"dgp3",2,6,92,10,2000,20272002,22466418
"dgp3",2,6,93,10,2000,20272002,22466419
"dgp3",2,6,94,10,2000,20272002,22466420
"dgp3",2,6,95,10,2000,20272002,22466421
"dgp3",2,6,96,10,2000,20272002,22466422
"dgp3",2,6,97,10,2000,20272002,22466423
"dgp3",2,6,98,10,2000,20272002,22466424
"dgp3",2,6,99,10,2000,20272002,22466425
"dgp3",2,6,100,10,2000,20272002,22466426
"dgp3",3,1,1,15,100,20272003,22561327
"dgp3",3,1,2,15,100,20272003,22561328
"dgp3",3,1,3,15,100,20272003,22561329
"dgp3",3,1,4,15,100,20272003,22561330
"dgp3",3,1,5,15,100,20272003,22561331
"dgp3",3,1,6,15,100,20272003,22561332
"dgp3",3,1,7,15,100,20272003,22561333
"dgp3",3,1,8,15,100,20272003,22561334
"dgp3",3,1,9,15,100,20272003,22561335
"dgp3",3,1,10,15,100,20272003,22561336
"dgp3",3,1,11,15,100,20272003,22561337
"dgp3",3,1,12,15,100,20272003,22561338
"dgp3",3,1,13,15,100,20272003,22561339
"dgp3",3,1,14,15,100,20272003,22561340
"dgp3",3,1,15,15,100,20272003,22561341
"dgp3",3,1,16,15,100,20272003,22561342
"dgp3",3,1,17,15,100,20272003,22561343
"dgp3",3,1,18,15,100,20272003,22561344
"dgp3",3,1,19,15,100,20272003,22561345
"dgp3",3,1,20,15,100,20272003,22561346
"dgp3",3,1,21,15,100,20272003,22561347
"dgp3",3,1,22,15,100,20272003,22561348
"dgp3",3,1,23,15,100,20272003,22561349
"dgp3",3,1,24,15,100,20272003,22561350
"dgp3",3,1,25,15,100,20272003,22561351
"dgp3",3,1,26,15,100,20272003,22561352
"dgp3",3,1,27,15,100,20272003,22561353
"dgp3",3,1,28,15,100,20272003,22561354
"dgp3",3,1,29,15,100,20272003,22561355
"dgp3",3,1,30,15,100,20272003,22561356
"dgp3",3,1,31,15,100,20272003,22561357
"dgp3",3,1,32,15,100,20272003,22561358
"dgp3",3,1,33,15,100,20272003,22561359
"dgp3",3,1,34,15,100,20272003,22561360
"dgp3",3,1,35,15,100,20272003,22561361
"dgp3",3,1,36,15,100,20272003,22561362
"dgp3",3,1,37,15,100,20272003,22561363
"dgp3",3,1,38,15,100,20272003,22561364
"dgp3",3,1,39,15,100,20272003,22561365
"dgp3",3,1,40,15,100,20272003,22561366
"dgp3",3,1,41,15,100,20272003,22561367
"dgp3",3,1,42,15,100,20272003,22561368
"dgp3",3,1,43,15,100,20272003,22561369
"dgp3",3,1,44,15,100,20272003,22561370
"dgp3",3,1,45,15,100,20272003,22561371
"dgp3",3,1,46,15,100,20272003,22561372
"dgp3",3,1,47,15,100,20272003,22561373
"dgp3",3,1,48,15,100,20272003,22561374
"dgp3",3,1,49,15,100,20272003,22561375
"dgp3",3,1,50,15,100,20272003,22561376
"dgp3",3,1,51,15,100,20272003,22561377
"dgp3",3,1,52,15,100,20272003,22561378
"dgp3",3,1,53,15,100,20272003,22561379
"dgp3",3,1,54,15,100,20272003,22561380
"dgp3",3,1,55,15,100,20272003,22561381
"dgp3",3,1,56,15,100,20272003,22561382
"dgp3",3,1,57,15,100,20272003,22561383
"dgp3",3,1,58,15,100,20272003,22561384
"dgp3",3,1,59,15,100,20272003,22561385
"dgp3",3,1,60,15,100,20272003,22561386
"dgp3",3,1,61,15,100,20272003,22561387
"dgp3",3,1,62,15,100,20272003,22561388
"dgp3",3,1,63,15,100,20272003,22561389
"dgp3",3,1,64,15,100,20272003,22561390
"dgp3",3,1,65,15,100,20272003,22561391
"dgp3",3,1,66,15,100,20272003,22561392
"dgp3",3,1,67,15,100,20272003,22561393
"dgp3",3,1,68,15,100,20272003,22561394
"dgp3",3,1,69,15,100,20272003,22561395
"dgp3",3,1,70,15,100,20272003,22561396
"dgp3",3,1,71,15,100,20272003,22561397
"dgp3",3,1,72,15,100,20272003,22561398
"dgp3",3,1,73,15,100,20272003,22561399
"dgp3",3,1,74,15,100,20272003,22561400
"dgp3",3,1,75,15,100,20272003,22561401
"dgp3",3,1,76,15,100,20272003,22561402
"dgp3",3,1,77,15,100,20272003,22561403
"dgp3",3,1,78,15,100,20272003,22561404
"dgp3",3,1,79,15,100,20272003,22561405
"dgp3",3,1,80,15,100,20272003,22561406
"dgp3",3,1,81,15,100,20272003,22561407
"dgp3",3,1,82,15,100,20272003,22561408
"dgp3",3,1,83,15,100,20272003,22561409
"dgp3",3,1,84,15,100,20272003,22561410
"dgp3",3,1,85,15,100,20272003,22561411
"dgp3",3,1,86,15,100,20272003,22561412
"dgp3",3,1,87,15,100,20272003,22561413
"dgp3",3,1,88,15,100,20272003,22561414
"dgp3",3,1,89,15,100,20272003,22561415
"dgp3",3,1,90,15,100,20272003,22561416
"dgp3",3,1,91,15,100,20272003,22561417
"dgp3",3,1,92,15,100,20272003,22561418
"dgp3",3,1,93,15,100,20272003,22561419
"dgp3",3,1,94,15,100,20272003,22561420
"dgp3",3,1,95,15,100,20272003,22561421
"dgp3",3,1,96,15,100,20272003,22561422
"dgp3",3,1,97,15,100,20272003,22561423
"dgp3",3,1,98,15,100,20272003,22561424
"dgp3",3,1,99,15,100,20272003,22561425
"dgp3",3,1,100,15,100,20272003,22561426
"dgp3",3,2,1,15,200,20272003,22562327
"dgp3",3,2,2,15,200,20272003,22562328
"dgp3",3,2,3,15,200,20272003,22562329
"dgp3",3,2,4,15,200,20272003,22562330
"dgp3",3,2,5,15,200,20272003,22562331
"dgp3",3,2,6,15,200,20272003,22562332
"dgp3",3,2,7,15,200,20272003,22562333
"dgp3",3,2,8,15,200,20272003,22562334
"dgp3",3,2,9,15,200,20272003,22562335
"dgp3",3,2,10,15,200,20272003,22562336
"dgp3",3,2,11,15,200,20272003,22562337
"dgp3",3,2,12,15,200,20272003,22562338
"dgp3",3,2,13,15,200,20272003,22562339
"dgp3",3,2,14,15,200,20272003,22562340
"dgp3",3,2,15,15,200,20272003,22562341
"dgp3",3,2,16,15,200,20272003,22562342
"dgp3",3,2,17,15,200,20272003,22562343
"dgp3",3,2,18,15,200,20272003,22562344
"dgp3",3,2,19,15,200,20272003,22562345
"dgp3",3,2,20,15,200,20272003,22562346
"dgp3",3,2,21,15,200,20272003,22562347
"dgp3",3,2,22,15,200,20272003,22562348
"dgp3",3,2,23,15,200,20272003,22562349
"dgp3",3,2,24,15,200,20272003,22562350
"dgp3",3,2,25,15,200,20272003,22562351
"dgp3",3,2,26,15,200,20272003,22562352
"dgp3",3,2,27,15,200,20272003,22562353
"dgp3",3,2,28,15,200,20272003,22562354
"dgp3",3,2,29,15,200,20272003,22562355
"dgp3",3,2,30,15,200,20272003,22562356
"dgp3",3,2,31,15,200,20272003,22562357
"dgp3",3,2,32,15,200,20272003,22562358
"dgp3",3,2,33,15,200,20272003,22562359
"dgp3",3,2,34,15,200,20272003,22562360
"dgp3",3,2,35,15,200,20272003,22562361
"dgp3",3,2,36,15,200,20272003,22562362
"dgp3",3,2,37,15,200,20272003,22562363
"dgp3",3,2,38,15,200,20272003,22562364
"dgp3",3,2,39,15,200,20272003,22562365
"dgp3",3,2,40,15,200,20272003,22562366
"dgp3",3,2,41,15,200,20272003,22562367
"dgp3",3,2,42,15,200,20272003,22562368
"dgp3",3,2,43,15,200,20272003,22562369
"dgp3",3,2,44,15,200,20272003,22562370
"dgp3",3,2,45,15,200,20272003,22562371
"dgp3",3,2,46,15,200,20272003,22562372
"dgp3",3,2,47,15,200,20272003,22562373
"dgp3",3,2,48,15,200,20272003,22562374
"dgp3",3,2,49,15,200,20272003,22562375
"dgp3",3,2,50,15,200,20272003,22562376
"dgp3",3,2,51,15,200,20272003,22562377
"dgp3",3,2,52,15,200,20272003,22562378
"dgp3",3,2,53,15,200,20272003,22562379
"dgp3",3,2,54,15,200,20272003,22562380
"dgp3",3,2,55,15,200,20272003,22562381
"dgp3",3,2,56,15,200,20272003,22562382
"dgp3",3,2,57,15,200,20272003,22562383
"dgp3",3,2,58,15,200,20272003,22562384
"dgp3",3,2,59,15,200,20272003,22562385
"dgp3",3,2,60,15,200,20272003,22562386
"dgp3",3,2,61,15,200,20272003,22562387
"dgp3",3,2,62,15,200,20272003,22562388
"dgp3",3,2,63,15,200,20272003,22562389
"dgp3",3,2,64,15,200,20272003,22562390
"dgp3",3,2,65,15,200,20272003,22562391
"dgp3",3,2,66,15,200,20272003,22562392
"dgp3",3,2,67,15,200,20272003,22562393
"dgp3",3,2,68,15,200,20272003,22562394
"dgp3",3,2,69,15,200,20272003,22562395
"dgp3",3,2,70,15,200,20272003,22562396
"dgp3",3,2,71,15,200,20272003,22562397
"dgp3",3,2,72,15,200,20272003,22562398
"dgp3",3,2,73,15,200,20272003,22562399
"dgp3",3,2,74,15,200,20272003,22562400
"dgp3",3,2,75,15,200,20272003,22562401
"dgp3",3,2,76,15,200,20272003,22562402
"dgp3",3,2,77,15,200,20272003,22562403
"dgp3",3,2,78,15,200,20272003,22562404
"dgp3",3,2,79,15,200,20272003,22562405
"dgp3",3,2,80,15,200,20272003,22562406
"dgp3",3,2,81,15,200,20272003,22562407
"dgp3",3,2,82,15,200,20272003,22562408
"dgp3",3,2,83,15,200,20272003,22562409
"dgp3",3,2,84,15,200,20272003,22562410
"dgp3",3,2,85,15,200,20272003,22562411
"dgp3",3,2,86,15,200,20272003,22562412
"dgp3",3,2,87,15,200,20272003,22562413
"dgp3",3,2,88,15,200,20272003,22562414
"dgp3",3,2,89,15,200,20272003,22562415
"dgp3",3,2,90,15,200,20272003,22562416
"dgp3",3,2,91,15,200,20272003,22562417
"dgp3",3,2,92,15,200,20272003,22562418
"dgp3",3,2,93,15,200,20272003,22562419
"dgp3",3,2,94,15,200,20272003,22562420
"dgp3",3,2,95,15,200,20272003,22562421
"dgp3",3,2,96,15,200,20272003,22562422
"dgp3",3,2,97,15,200,20272003,22562423
"dgp3",3,2,98,15,200,20272003,22562424
"dgp3",3,2,99,15,200,20272003,22562425
"dgp3",3,2,100,15,200,20272003,22562426
"dgp3",3,3,1,15,300,20272003,22563327
"dgp3",3,3,2,15,300,20272003,22563328
"dgp3",3,3,3,15,300,20272003,22563329
"dgp3",3,3,4,15,300,20272003,22563330
"dgp3",3,3,5,15,300,20272003,22563331
"dgp3",3,3,6,15,300,20272003,22563332
"dgp3",3,3,7,15,300,20272003,22563333
"dgp3",3,3,8,15,300,20272003,22563334
"dgp3",3,3,9,15,300,20272003,22563335
"dgp3",3,3,10,15,300,20272003,22563336
"dgp3",3,3,11,15,300,20272003,22563337
"dgp3",3,3,12,15,300,20272003,22563338
"dgp3",3,3,13,15,300,20272003,22563339
"dgp3",3,3,14,15,300,20272003,22563340
"dgp3",3,3,15,15,300,20272003,22563341
"dgp3",3,3,16,15,300,20272003,22563342
"dgp3",3,3,17,15,300,20272003,22563343
"dgp3",3,3,18,15,300,20272003,22563344
"dgp3",3,3,19,15,300,20272003,22563345
"dgp3",3,3,20,15,300,20272003,22563346
"dgp3",3,3,21,15,300,20272003,22563347
"dgp3",3,3,22,15,300,20272003,22563348
"dgp3",3,3,23,15,300,20272003,22563349
"dgp3",3,3,24,15,300,20272003,22563350
"dgp3",3,3,25,15,300,20272003,22563351
"dgp3",3,3,26,15,300,20272003,22563352
"dgp3",3,3,27,15,300,20272003,22563353
"dgp3",3,3,28,15,300,20272003,22563354
"dgp3",3,3,29,15,300,20272003,22563355
"dgp3",3,3,30,15,300,20272003,22563356
"dgp3",3,3,31,15,300,20272003,22563357
"dgp3",3,3,32,15,300,20272003,22563358
"dgp3",3,3,33,15,300,20272003,22563359
"dgp3",3,3,34,15,300,20272003,22563360
"dgp3",3,3,35,15,300,20272003,22563361
"dgp3",3,3,36,15,300,20272003,22563362
"dgp3",3,3,37,15,300,20272003,22563363
"dgp3",3,3,38,15,300,20272003,22563364
"dgp3",3,3,39,15,300,20272003,22563365
"dgp3",3,3,40,15,300,20272003,22563366
"dgp3",3,3,41,15,300,20272003,22563367
"dgp3",3,3,42,15,300,20272003,22563368
"dgp3",3,3,43,15,300,20272003,22563369
"dgp3",3,3,44,15,300,20272003,22563370
"dgp3",3,3,45,15,300,20272003,22563371
"dgp3",3,3,46,15,300,20272003,22563372
"dgp3",3,3,47,15,300,20272003,22563373
"dgp3",3,3,48,15,300,20272003,22563374
"dgp3",3,3,49,15,300,20272003,22563375
"dgp3",3,3,50,15,300,20272003,22563376
"dgp3",3,3,51,15,300,20272003,22563377
"dgp3",3,3,52,15,300,20272003,22563378
"dgp3",3,3,53,15,300,20272003,22563379
"dgp3",3,3,54,15,300,20272003,22563380
"dgp3",3,3,55,15,300,20272003,22563381
"dgp3",3,3,56,15,300,20272003,22563382
"dgp3",3,3,57,15,300,20272003,22563383
"dgp3",3,3,58,15,300,20272003,22563384
"dgp3",3,3,59,15,300,20272003,22563385
"dgp3",3,3,60,15,300,20272003,22563386
"dgp3",3,3,61,15,300,20272003,22563387
"dgp3",3,3,62,15,300,20272003,22563388
"dgp3",3,3,63,15,300,20272003,22563389
"dgp3",3,3,64,15,300,20272003,22563390
"dgp3",3,3,65,15,300,20272003,22563391
"dgp3",3,3,66,15,300,20272003,22563392
"dgp3",3,3,67,15,300,20272003,22563393
"dgp3",3,3,68,15,300,20272003,22563394
"dgp3",3,3,69,15,300,20272003,22563395
"dgp3",3,3,70,15,300,20272003,22563396
"dgp3",3,3,71,15,300,20272003,22563397
"dgp3",3,3,72,15,300,20272003,22563398
"dgp3",3,3,73,15,300,20272003,22563399
"dgp3",3,3,74,15,300,20272003,22563400
"dgp3",3,3,75,15,300,20272003,22563401
"dgp3",3,3,76,15,300,20272003,22563402
"dgp3",3,3,77,15,300,20272003,22563403
"dgp3",3,3,78,15,300,20272003,22563404
"dgp3",3,3,79,15,300,20272003,22563405
"dgp3",3,3,80,15,300,20272003,22563406
"dgp3",3,3,81,15,300,20272003,22563407
"dgp3",3,3,82,15,300,20272003,22563408
"dgp3",3,3,83,15,300,20272003,22563409
"dgp3",3,3,84,15,300,20272003,22563410
"dgp3",3,3,85,15,300,20272003,22563411
"dgp3",3,3,86,15,300,20272003,22563412
"dgp3",3,3,87,15,300,20272003,22563413
"dgp3",3,3,88,15,300,20272003,22563414
"dgp3",3,3,89,15,300,20272003,22563415
"dgp3",3,3,90,15,300,20272003,22563416
"dgp3",3,3,91,15,300,20272003,22563417
"dgp3",3,3,92,15,300,20272003,22563418
"dgp3",3,3,93,15,300,20272003,22563419
"dgp3",3,3,94,15,300,20272003,22563420
"dgp3",3,3,95,15,300,20272003,22563421
"dgp3",3,3,96,15,300,20272003,22563422
"dgp3",3,3,97,15,300,20272003,22563423
"dgp3",3,3,98,15,300,20272003,22563424
"dgp3",3,3,99,15,300,20272003,22563425
"dgp3",3,3,100,15,300,20272003,22563426
"dgp3",3,4,1,15,500,20272003,22564327
"dgp3",3,4,2,15,500,20272003,22564328
"dgp3",3,4,3,15,500,20272003,22564329
"dgp3",3,4,4,15,500,20272003,22564330
"dgp3",3,4,5,15,500,20272003,22564331
"dgp3",3,4,6,15,500,20272003,22564332
"dgp3",3,4,7,15,500,20272003,22564333
"dgp3",3,4,8,15,500,20272003,22564334
"dgp3",3,4,9,15,500,20272003,22564335
"dgp3",3,4,10,15,500,20272003,22564336
"dgp3",3,4,11,15,500,20272003,22564337
"dgp3",3,4,12,15,500,20272003,22564338
"dgp3",3,4,13,15,500,20272003,22564339
"dgp3",3,4,14,15,500,20272003,22564340
"dgp3",3,4,15,15,500,20272003,22564341
"dgp3",3,4,16,15,500,20272003,22564342
"dgp3",3,4,17,15,500,20272003,22564343
"dgp3",3,4,18,15,500,20272003,22564344
"dgp3",3,4,19,15,500,20272003,22564345
"dgp3",3,4,20,15,500,20272003,22564346
"dgp3",3,4,21,15,500,20272003,22564347
"dgp3",3,4,22,15,500,20272003,22564348
"dgp3",3,4,23,15,500,20272003,22564349
"dgp3",3,4,24,15,500,20272003,22564350
"dgp3",3,4,25,15,500,20272003,22564351
"dgp3",3,4,26,15,500,20272003,22564352
"dgp3",3,4,27,15,500,20272003,22564353
"dgp3",3,4,28,15,500,20272003,22564354
"dgp3",3,4,29,15,500,20272003,22564355
"dgp3",3,4,30,15,500,20272003,22564356
"dgp3",3,4,31,15,500,20272003,22564357
"dgp3",3,4,32,15,500,20272003,22564358
"dgp3",3,4,33,15,500,20272003,22564359
"dgp3",3,4,34,15,500,20272003,22564360
"dgp3",3,4,35,15,500,20272003,22564361
"dgp3",3,4,36,15,500,20272003,22564362
"dgp3",3,4,37,15,500,20272003,22564363
"dgp3",3,4,38,15,500,20272003,22564364
"dgp3",3,4,39,15,500,20272003,22564365
"dgp3",3,4,40,15,500,20272003,22564366
"dgp3",3,4,41,15,500,20272003,22564367
"dgp3",3,4,42,15,500,20272003,22564368
"dgp3",3,4,43,15,500,20272003,22564369
"dgp3",3,4,44,15,500,20272003,22564370
"dgp3",3,4,45,15,500,20272003,22564371
"dgp3",3,4,46,15,500,20272003,22564372
"dgp3",3,4,47,15,500,20272003,22564373
"dgp3",3,4,48,15,500,20272003,22564374
"dgp3",3,4,49,15,500,20272003,22564375
"dgp3",3,4,50,15,500,20272003,22564376
"dgp3",3,4,51,15,500,20272003,22564377
"dgp3",3,4,52,15,500,20272003,22564378
"dgp3",3,4,53,15,500,20272003,22564379
"dgp3",3,4,54,15,500,20272003,22564380
"dgp3",3,4,55,15,500,20272003,22564381
"dgp3",3,4,56,15,500,20272003,22564382
"dgp3",3,4,57,15,500,20272003,22564383
"dgp3",3,4,58,15,500,20272003,22564384
"dgp3",3,4,59,15,500,20272003,22564385
"dgp3",3,4,60,15,500,20272003,22564386
"dgp3",3,4,61,15,500,20272003,22564387
"dgp3",3,4,62,15,500,20272003,22564388
"dgp3",3,4,63,15,500,20272003,22564389
"dgp3",3,4,64,15,500,20272003,22564390
"dgp3",3,4,65,15,500,20272003,22564391
"dgp3",3,4,66,15,500,20272003,22564392
"dgp3",3,4,67,15,500,20272003,22564393
"dgp3",3,4,68,15,500,20272003,22564394
"dgp3",3,4,69,15,500,20272003,22564395
"dgp3",3,4,70,15,500,20272003,22564396
"dgp3",3,4,71,15,500,20272003,22564397
"dgp3",3,4,72,15,500,20272003,22564398
"dgp3",3,4,73,15,500,20272003,22564399
"dgp3",3,4,74,15,500,20272003,22564400
"dgp3",3,4,75,15,500,20272003,22564401
"dgp3",3,4,76,15,500,20272003,22564402
"dgp3",3,4,77,15,500,20272003,22564403
"dgp3",3,4,78,15,500,20272003,22564404
"dgp3",3,4,79,15,500,20272003,22564405
"dgp3",3,4,80,15,500,20272003,22564406
"dgp3",3,4,81,15,500,20272003,22564407
"dgp3",3,4,82,15,500,20272003,22564408
"dgp3",3,4,83,15,500,20272003,22564409
"dgp3",3,4,84,15,500,20272003,22564410
"dgp3",3,4,85,15,500,20272003,22564411
"dgp3",3,4,86,15,500,20272003,22564412
"dgp3",3,4,87,15,500,20272003,22564413
"dgp3",3,4,88,15,500,20272003,22564414
"dgp3",3,4,89,15,500,20272003,22564415
"dgp3",3,4,90,15,500,20272003,22564416
"dgp3",3,4,91,15,500,20272003,22564417
"dgp3",3,4,92,15,500,20272003,22564418
"dgp3",3,4,93,15,500,20272003,22564419
"dgp3",3,4,94,15,500,20272003,22564420
"dgp3",3,4,95,15,500,20272003,22564421
"dgp3",3,4,96,15,500,20272003,22564422
"dgp3",3,4,97,15,500,20272003,22564423
"dgp3",3,4,98,15,500,20272003,22564424
"dgp3",3,4,99,15,500,20272003,22564425
"dgp3",3,4,100,15,500,20272003,22564426
"dgp3",3,5,1,15,1000,20272003,22565327
"dgp3",3,5,2,15,1000,20272003,22565328
"dgp3",3,5,3,15,1000,20272003,22565329
"dgp3",3,5,4,15,1000,20272003,22565330
"dgp3",3,5,5,15,1000,20272003,22565331
"dgp3",3,5,6,15,1000,20272003,22565332
"dgp3",3,5,7,15,1000,20272003,22565333
"dgp3",3,5,8,15,1000,20272003,22565334
"dgp3",3,5,9,15,1000,20272003,22565335
"dgp3",3,5,10,15,1000,20272003,22565336
"dgp3",3,5,11,15,1000,20272003,22565337
"dgp3",3,5,12,15,1000,20272003,22565338
"dgp3",3,5,13,15,1000,20272003,22565339
"dgp3",3,5,14,15,1000,20272003,22565340
"dgp3",3,5,15,15,1000,20272003,22565341
"dgp3",3,5,16,15,1000,20272003,22565342
"dgp3",3,5,17,15,1000,20272003,22565343
"dgp3",3,5,18,15,1000,20272003,22565344
"dgp3",3,5,19,15,1000,20272003,22565345
"dgp3",3,5,20,15,1000,20272003,22565346
"dgp3",3,5,21,15,1000,20272003,22565347
"dgp3",3,5,22,15,1000,20272003,22565348
"dgp3",3,5,23,15,1000,20272003,22565349
"dgp3",3,5,24,15,1000,20272003,22565350
"dgp3",3,5,25,15,1000,20272003,22565351
"dgp3",3,5,26,15,1000,20272003,22565352
"dgp3",3,5,27,15,1000,20272003,22565353
"dgp3",3,5,28,15,1000,20272003,22565354
"dgp3",3,5,29,15,1000,20272003,22565355
"dgp3",3,5,30,15,1000,20272003,22565356
"dgp3",3,5,31,15,1000,20272003,22565357
"dgp3",3,5,32,15,1000,20272003,22565358
"dgp3",3,5,33,15,1000,20272003,22565359
"dgp3",3,5,34,15,1000,20272003,22565360
"dgp3",3,5,35,15,1000,20272003,22565361
"dgp3",3,5,36,15,1000,20272003,22565362
"dgp3",3,5,37,15,1000,20272003,22565363
"dgp3",3,5,38,15,1000,20272003,22565364
"dgp3",3,5,39,15,1000,20272003,22565365
"dgp3",3,5,40,15,1000,20272003,22565366
"dgp3",3,5,41,15,1000,20272003,22565367
"dgp3",3,5,42,15,1000,20272003,22565368
"dgp3",3,5,43,15,1000,20272003,22565369
"dgp3",3,5,44,15,1000,20272003,22565370
"dgp3",3,5,45,15,1000,20272003,22565371
"dgp3",3,5,46,15,1000,20272003,22565372
"dgp3",3,5,47,15,1000,20272003,22565373
"dgp3",3,5,48,15,1000,20272003,22565374
"dgp3",3,5,49,15,1000,20272003,22565375
"dgp3",3,5,50,15,1000,20272003,22565376
"dgp3",3,5,51,15,1000,20272003,22565377
"dgp3",3,5,52,15,1000,20272003,22565378
"dgp3",3,5,53,15,1000,20272003,22565379
"dgp3",3,5,54,15,1000,20272003,22565380
"dgp3",3,5,55,15,1000,20272003,22565381
"dgp3",3,5,56,15,1000,20272003,22565382
"dgp3",3,5,57,15,1000,20272003,22565383
"dgp3",3,5,58,15,1000,20272003,22565384
"dgp3",3,5,59,15,1000,20272003,22565385
"dgp3",3,5,60,15,1000,20272003,22565386
"dgp3",3,5,61,15,1000,20272003,22565387
"dgp3",3,5,62,15,1000,20272003,22565388
"dgp3",3,5,63,15,1000,20272003,22565389
"dgp3",3,5,64,15,1000,20272003,22565390
"dgp3",3,5,65,15,1000,20272003,22565391
"dgp3",3,5,66,15,1000,20272003,22565392
"dgp3",3,5,67,15,1000,20272003,22565393
"dgp3",3,5,68,15,1000,20272003,22565394
"dgp3",3,5,69,15,1000,20272003,22565395
"dgp3",3,5,70,15,1000,20272003,22565396
"dgp3",3,5,71,15,1000,20272003,22565397
"dgp3",3,5,72,15,1000,20272003,22565398
"dgp3",3,5,73,15,1000,20272003,22565399
"dgp3",3,5,74,15,1000,20272003,22565400
"dgp3",3,5,75,15,1000,20272003,22565401
"dgp3",3,5,76,15,1000,20272003,22565402
"dgp3",3,5,77,15,1000,20272003,22565403
"dgp3",3,5,78,15,1000,20272003,22565404
"dgp3",3,5,79,15,1000,20272003,22565405
"dgp3",3,5,80,15,1000,20272003,22565406
"dgp3",3,5,81,15,1000,20272003,22565407
"dgp3",3,5,82,15,1000,20272003,22565408
"dgp3",3,5,83,15,1000,20272003,22565409
"dgp3",3,5,84,15,1000,20272003,22565410
"dgp3",3,5,85,15,1000,20272003,22565411
"dgp3",3,5,86,15,1000,20272003,22565412
"dgp3",3,5,87,15,1000,20272003,22565413
"dgp3",3,5,88,15,1000,20272003,22565414
"dgp3",3,5,89,15,1000,20272003,22565415
"dgp3",3,5,90,15,1000,20272003,22565416
"dgp3",3,5,91,15,1000,20272003,22565417
"dgp3",3,5,92,15,1000,20272003,22565418
"dgp3",3,5,93,15,1000,20272003,22565419
"dgp3",3,5,94,15,1000,20272003,22565420
"dgp3",3,5,95,15,1000,20272003,22565421
"dgp3",3,5,96,15,1000,20272003,22565422
"dgp3",3,5,97,15,1000,20272003,22565423
"dgp3",3,5,98,15,1000,20272003,22565424
"dgp3",3,5,99,15,1000,20272003,22565425
"dgp3",3,5,100,15,1000,20272003,22565426
"dgp3",3,6,1,15,2000,20272003,22566327
"dgp3",3,6,2,15,2000,20272003,22566328
"dgp3",3,6,3,15,2000,20272003,22566329
"dgp3",3,6,4,15,2000,20272003,22566330
"dgp3",3,6,5,15,2000,20272003,22566331
"dgp3",3,6,6,15,2000,20272003,22566332
"dgp3",3,6,7,15,2000,20272003,22566333
"dgp3",3,6,8,15,2000,20272003,22566334
"dgp3",3,6,9,15,2000,20272003,22566335
"dgp3",3,6,10,15,2000,20272003,22566336
"dgp3",3,6,11,15,2000,20272003,22566337
"dgp3",3,6,12,15,2000,20272003,22566338
"dgp3",3,6,13,15,2000,20272003,22566339
"dgp3",3,6,14,15,2000,20272003,22566340
"dgp3",3,6,15,15,2000,20272003,22566341
"dgp3",3,6,16,15,2000,20272003,22566342
"dgp3",3,6,17,15,2000,20272003,22566343
"dgp3",3,6,18,15,2000,20272003,22566344
"dgp3",3,6,19,15,2000,20272003,22566345
"dgp3",3,6,20,15,2000,20272003,22566346
"dgp3",3,6,21,15,2000,20272003,22566347
"dgp3",3,6,22,15,2000,20272003,22566348
"dgp3",3,6,23,15,2000,20272003,22566349
"dgp3",3,6,24,15,2000,20272003,22566350
"dgp3",3,6,25,15,2000,20272003,22566351
"dgp3",3,6,26,15,2000,20272003,22566352
"dgp3",3,6,27,15,2000,20272003,22566353
"dgp3",3,6,28,15,2000,20272003,22566354
"dgp3",3,6,29,15,2000,20272003,22566355
"dgp3",3,6,30,15,2000,20272003,22566356
"dgp3",3,6,31,15,2000,20272003,22566357
"dgp3",3,6,32,15,2000,20272003,22566358
"dgp3",3,6,33,15,2000,20272003,22566359
"dgp3",3,6,34,15,2000,20272003,22566360
"dgp3",3,6,35,15,2000,20272003,22566361
"dgp3",3,6,36,15,2000,20272003,22566362
"dgp3",3,6,37,15,2000,20272003,22566363
"dgp3",3,6,38,15,2000,20272003,22566364
"dgp3",3,6,39,15,2000,20272003,22566365
"dgp3",3,6,40,15,2000,20272003,22566366
"dgp3",3,6,41,15,2000,20272003,22566367
"dgp3",3,6,42,15,2000,20272003,22566368
"dgp3",3,6,43,15,2000,20272003,22566369
"dgp3",3,6,44,15,2000,20272003,22566370
"dgp3",3,6,45,15,2000,20272003,22566371
"dgp3",3,6,46,15,2000,20272003,22566372
"dgp3",3,6,47,15,2000,20272003,22566373
"dgp3",3,6,48,15,2000,20272003,22566374
"dgp3",3,6,49,15,2000,20272003,22566375
"dgp3",3,6,50,15,2000,20272003,22566376
"dgp3",3,6,51,15,2000,20272003,22566377
"dgp3",3,6,52,15,2000,20272003,22566378
"dgp3",3,6,53,15,2000,20272003,22566379
"dgp3",3,6,54,15,2000,20272003,22566380
"dgp3",3,6,55,15,2000,20272003,22566381
"dgp3",3,6,56,15,2000,20272003,22566382
"dgp3",3,6,57,15,2000,20272003,22566383
"dgp3",3,6,58,15,2000,20272003,22566384
"dgp3",3,6,59,15,2000,20272003,22566385
"dgp3",3,6,60,15,2000,20272003,22566386
"dgp3",3,6,61,15,2000,20272003,22566387
"dgp3",3,6,62,15,2000,20272003,22566388
"dgp3",3,6,63,15,2000,20272003,22566389
"dgp3",3,6,64,15,2000,20272003,22566390
"dgp3",3,6,65,15,2000,20272003,22566391
"dgp3",3,6,66,15,2000,20272003,22566392
"dgp3",3,6,67,15,2000,20272003,22566393
"dgp3",3,6,68,15,2000,20272003,22566394
"dgp3",3,6,69,15,2000,20272003,22566395
"dgp3",3,6,70,15,2000,20272003,22566396
"dgp3",3,6,71,15,2000,20272003,22566397
"dgp3",3,6,72,15,2000,20272003,22566398
"dgp3",3,6,73,15,2000,20272003,22566399
"dgp3",3,6,74,15,2000,20272003,22566400
"dgp3",3,6,75,15,2000,20272003,22566401
"dgp3",3,6,76,15,2000,20272003,22566402
"dgp3",3,6,77,15,2000,20272003,22566403
"dgp3",3,6,78,15,2000,20272003,22566404
"dgp3",3,6,79,15,2000,20272003,22566405
"dgp3",3,6,80,15,2000,20272003,22566406
"dgp3",3,6,81,15,2000,20272003,22566407
"dgp3",3,6,82,15,2000,20272003,22566408
"dgp3",3,6,83,15,2000,20272003,22566409
"dgp3",3,6,84,15,2000,20272003,22566410
"dgp3",3,6,85,15,2000,20272003,22566411
"dgp3",3,6,86,15,2000,20272003,22566412
"dgp3",3,6,87,15,2000,20272003,22566413
"dgp3",3,6,88,15,2000,20272003,22566414
"dgp3",3,6,89,15,2000,20272003,22566415
"dgp3",3,6,90,15,2000,20272003,22566416
"dgp3",3,6,91,15,2000,20272003,22566417
"dgp3",3,6,92,15,2000,20272003,22566418
"dgp3",3,6,93,15,2000,20272003,22566419
"dgp3",3,6,94,15,2000,20272003,22566420
"dgp3",3,6,95,15,2000,20272003,22566421
"dgp3",3,6,96,15,2000,20272003,22566422
"dgp3",3,6,97,15,2000,20272003,22566423
"dgp3",3,6,98,15,2000,20272003,22566424
"dgp3",3,6,99,15,2000,20272003,22566425
"dgp3",3,6,100,15,2000,20272003,22566426
"dgp3",4,1,1,20,100,20272004,22661327
"dgp3",4,1,2,20,100,20272004,22661328
"dgp3",4,1,3,20,100,20272004,22661329
"dgp3",4,1,4,20,100,20272004,22661330
"dgp3",4,1,5,20,100,20272004,22661331
"dgp3",4,1,6,20,100,20272004,22661332
"dgp3",4,1,7,20,100,20272004,22661333
"dgp3",4,1,8,20,100,20272004,22661334
"dgp3",4,1,9,20,100,20272004,22661335
"dgp3",4,1,10,20,100,20272004,22661336
"dgp3",4,1,11,20,100,20272004,22661337
"dgp3",4,1,12,20,100,20272004,22661338
"dgp3",4,1,13,20,100,20272004,22661339
"dgp3",4,1,14,20,100,20272004,22661340
"dgp3",4,1,15,20,100,20272004,22661341
"dgp3",4,1,16,20,100,20272004,22661342
"dgp3",4,1,17,20,100,20272004,22661343
"dgp3",4,1,18,20,100,20272004,22661344
"dgp3",4,1,19,20,100,20272004,22661345
"dgp3",4,1,20,20,100,20272004,22661346
"dgp3",4,1,21,20,100,20272004,22661347
"dgp3",4,1,22,20,100,20272004,22661348
"dgp3",4,1,23,20,100,20272004,22661349
"dgp3",4,1,24,20,100,20272004,22661350
"dgp3",4,1,25,20,100,20272004,22661351
"dgp3",4,1,26,20,100,20272004,22661352
"dgp3",4,1,27,20,100,20272004,22661353
"dgp3",4,1,28,20,100,20272004,22661354
"dgp3",4,1,29,20,100,20272004,22661355
"dgp3",4,1,30,20,100,20272004,22661356
"dgp3",4,1,31,20,100,20272004,22661357
"dgp3",4,1,32,20,100,20272004,22661358
"dgp3",4,1,33,20,100,20272004,22661359
"dgp3",4,1,34,20,100,20272004,22661360
"dgp3",4,1,35,20,100,20272004,22661361
"dgp3",4,1,36,20,100,20272004,22661362
"dgp3",4,1,37,20,100,20272004,22661363
"dgp3",4,1,38,20,100,20272004,22661364
"dgp3",4,1,39,20,100,20272004,22661365
"dgp3",4,1,40,20,100,20272004,22661366
"dgp3",4,1,41,20,100,20272004,22661367
"dgp3",4,1,42,20,100,20272004,22661368
"dgp3",4,1,43,20,100,20272004,22661369
"dgp3",4,1,44,20,100,20272004,22661370
"dgp3",4,1,45,20,100,20272004,22661371
"dgp3",4,1,46,20,100,20272004,22661372
"dgp3",4,1,47,20,100,20272004,22661373
"dgp3",4,1,48,20,100,20272004,22661374
"dgp3",4,1,49,20,100,20272004,22661375
"dgp3",4,1,50,20,100,20272004,22661376
"dgp3",4,1,51,20,100,20272004,22661377
"dgp3",4,1,52,20,100,20272004,22661378
"dgp3",4,1,53,20,100,20272004,22661379
"dgp3",4,1,54,20,100,20272004,22661380
"dgp3",4,1,55,20,100,20272004,22661381
"dgp3",4,1,56,20,100,20272004,22661382
"dgp3",4,1,57,20,100,20272004,22661383
"dgp3",4,1,58,20,100,20272004,22661384
"dgp3",4,1,59,20,100,20272004,22661385
"dgp3",4,1,60,20,100,20272004,22661386
"dgp3",4,1,61,20,100,20272004,22661387
"dgp3",4,1,62,20,100,20272004,22661388
"dgp3",4,1,63,20,100,20272004,22661389
"dgp3",4,1,64,20,100,20272004,22661390
"dgp3",4,1,65,20,100,20272004,22661391
"dgp3",4,1,66,20,100,20272004,22661392
"dgp3",4,1,67,20,100,20272004,22661393
"dgp3",4,1,68,20,100,20272004,22661394
"dgp3",4,1,69,20,100,20272004,22661395
"dgp3",4,1,70,20,100,20272004,22661396
"dgp3",4,1,71,20,100,20272004,22661397
"dgp3",4,1,72,20,100,20272004,22661398
"dgp3",4,1,73,20,100,20272004,22661399
"dgp3",4,1,74,20,100,20272004,22661400
"dgp3",4,1,75,20,100,20272004,22661401
"dgp3",4,1,76,20,100,20272004,22661402
"dgp3",4,1,77,20,100,20272004,22661403
"dgp3",4,1,78,20,100,20272004,22661404
"dgp3",4,1,79,20,100,20272004,22661405
"dgp3",4,1,80,20,100,20272004,22661406
"dgp3",4,1,81,20,100,20272004,22661407
"dgp3",4,1,82,20,100,20272004,22661408
"dgp3",4,1,83,20,100,20272004,22661409
"dgp3",4,1,84,20,100,20272004,22661410
"dgp3",4,1,85,20,100,20272004,22661411
"dgp3",4,1,86,20,100,20272004,22661412
"dgp3",4,1,87,20,100,20272004,22661413
"dgp3",4,1,88,20,100,20272004,22661414
"dgp3",4,1,89,20,100,20272004,22661415
"dgp3",4,1,90,20,100,20272004,22661416
"dgp3",4,1,91,20,100,20272004,22661417
"dgp3",4,1,92,20,100,20272004,22661418
"dgp3",4,1,93,20,100,20272004,22661419
"dgp3",4,1,94,20,100,20272004,22661420
"dgp3",4,1,95,20,100,20272004,22661421
"dgp3",4,1,96,20,100,20272004,22661422
"dgp3",4,1,97,20,100,20272004,22661423
"dgp3",4,1,98,20,100,20272004,22661424
"dgp3",4,1,99,20,100,20272004,22661425
"dgp3",4,1,100,20,100,20272004,22661426
"dgp3",4,2,1,20,200,20272004,22662327
"dgp3",4,2,2,20,200,20272004,22662328
"dgp3",4,2,3,20,200,20272004,22662329
"dgp3",4,2,4,20,200,20272004,22662330
"dgp3",4,2,5,20,200,20272004,22662331
"dgp3",4,2,6,20,200,20272004,22662332
"dgp3",4,2,7,20,200,20272004,22662333
"dgp3",4,2,8,20,200,20272004,22662334
"dgp3",4,2,9,20,200,20272004,22662335
"dgp3",4,2,10,20,200,20272004,22662336
"dgp3",4,2,11,20,200,20272004,22662337
"dgp3",4,2,12,20,200,20272004,22662338
"dgp3",4,2,13,20,200,20272004,22662339
"dgp3",4,2,14,20,200,20272004,22662340
"dgp3",4,2,15,20,200,20272004,22662341
"dgp3",4,2,16,20,200,20272004,22662342
"dgp3",4,2,17,20,200,20272004,22662343
"dgp3",4,2,18,20,200,20272004,22662344
"dgp3",4,2,19,20,200,20272004,22662345
"dgp3",4,2,20,20,200,20272004,22662346
"dgp3",4,2,21,20,200,20272004,22662347
"dgp3",4,2,22,20,200,20272004,22662348
"dgp3",4,2,23,20,200,20272004,22662349
"dgp3",4,2,24,20,200,20272004,22662350
"dgp3",4,2,25,20,200,20272004,22662351
"dgp3",4,2,26,20,200,20272004,22662352
"dgp3",4,2,27,20,200,20272004,22662353
"dgp3",4,2,28,20,200,20272004,22662354
"dgp3",4,2,29,20,200,20272004,22662355
"dgp3",4,2,30,20,200,20272004,22662356
"dgp3",4,2,31,20,200,20272004,22662357
"dgp3",4,2,32,20,200,20272004,22662358
"dgp3",4,2,33,20,200,20272004,22662359
"dgp3",4,2,34,20,200,20272004,22662360
"dgp3",4,2,35,20,200,20272004,22662361
"dgp3",4,2,36,20,200,20272004,22662362
"dgp3",4,2,37,20,200,20272004,22662363
"dgp3",4,2,38,20,200,20272004,22662364
"dgp3",4,2,39,20,200,20272004,22662365
"dgp3",4,2,40,20,200,20272004,22662366
"dgp3",4,2,41,20,200,20272004,22662367
"dgp3",4,2,42,20,200,20272004,22662368
"dgp3",4,2,43,20,200,20272004,22662369
"dgp3",4,2,44,20,200,20272004,22662370
"dgp3",4,2,45,20,200,20272004,22662371
"dgp3",4,2,46,20,200,20272004,22662372
"dgp3",4,2,47,20,200,20272004,22662373
"dgp3",4,2,48,20,200,20272004,22662374
"dgp3",4,2,49,20,200,20272004,22662375
"dgp3",4,2,50,20,200,20272004,22662376
"dgp3",4,2,51,20,200,20272004,22662377
"dgp3",4,2,52,20,200,20272004,22662378
"dgp3",4,2,53,20,200,20272004,22662379
"dgp3",4,2,54,20,200,20272004,22662380
"dgp3",4,2,55,20,200,20272004,22662381
"dgp3",4,2,56,20,200,20272004,22662382
"dgp3",4,2,57,20,200,20272004,22662383
"dgp3",4,2,58,20,200,20272004,22662384
"dgp3",4,2,59,20,200,20272004,22662385
"dgp3",4,2,60,20,200,20272004,22662386
"dgp3",4,2,61,20,200,20272004,22662387
"dgp3",4,2,62,20,200,20272004,22662388
"dgp3",4,2,63,20,200,20272004,22662389
"dgp3",4,2,64,20,200,20272004,22662390
"dgp3",4,2,65,20,200,20272004,22662391
"dgp3",4,2,66,20,200,20272004,22662392
"dgp3",4,2,67,20,200,20272004,22662393
"dgp3",4,2,68,20,200,20272004,22662394
"dgp3",4,2,69,20,200,20272004,22662395
"dgp3",4,2,70,20,200,20272004,22662396
"dgp3",4,2,71,20,200,20272004,22662397
"dgp3",4,2,72,20,200,20272004,22662398
"dgp3",4,2,73,20,200,20272004,22662399
"dgp3",4,2,74,20,200,20272004,22662400
"dgp3",4,2,75,20,200,20272004,22662401
"dgp3",4,2,76,20,200,20272004,22662402
"dgp3",4,2,77,20,200,20272004,22662403
"dgp3",4,2,78,20,200,20272004,22662404
"dgp3",4,2,79,20,200,20272004,22662405
"dgp3",4,2,80,20,200,20272004,22662406
"dgp3",4,2,81,20,200,20272004,22662407
"dgp3",4,2,82,20,200,20272004,22662408
"dgp3",4,2,83,20,200,20272004,22662409
"dgp3",4,2,84,20,200,20272004,22662410
"dgp3",4,2,85,20,200,20272004,22662411
"dgp3",4,2,86,20,200,20272004,22662412
"dgp3",4,2,87,20,200,20272004,22662413
"dgp3",4,2,88,20,200,20272004,22662414
"dgp3",4,2,89,20,200,20272004,22662415
"dgp3",4,2,90,20,200,20272004,22662416
"dgp3",4,2,91,20,200,20272004,22662417
"dgp3",4,2,92,20,200,20272004,22662418
"dgp3",4,2,93,20,200,20272004,22662419
"dgp3",4,2,94,20,200,20272004,22662420
"dgp3",4,2,95,20,200,20272004,22662421
"dgp3",4,2,96,20,200,20272004,22662422
"dgp3",4,2,97,20,200,20272004,22662423
"dgp3",4,2,98,20,200,20272004,22662424
"dgp3",4,2,99,20,200,20272004,22662425
"dgp3",4,2,100,20,200,20272004,22662426
"dgp3",4,3,1,20,300,20272004,22663327
"dgp3",4,3,2,20,300,20272004,22663328
"dgp3",4,3,3,20,300,20272004,22663329
"dgp3",4,3,4,20,300,20272004,22663330
"dgp3",4,3,5,20,300,20272004,22663331
"dgp3",4,3,6,20,300,20272004,22663332
"dgp3",4,3,7,20,300,20272004,22663333
"dgp3",4,3,8,20,300,20272004,22663334
"dgp3",4,3,9,20,300,20272004,22663335
"dgp3",4,3,10,20,300,20272004,22663336
"dgp3",4,3,11,20,300,20272004,22663337
"dgp3",4,3,12,20,300,20272004,22663338
"dgp3",4,3,13,20,300,20272004,22663339
"dgp3",4,3,14,20,300,20272004,22663340
"dgp3",4,3,15,20,300,20272004,22663341
"dgp3",4,3,16,20,300,20272004,22663342
"dgp3",4,3,17,20,300,20272004,22663343
"dgp3",4,3,18,20,300,20272004,22663344
"dgp3",4,3,19,20,300,20272004,22663345
"dgp3",4,3,20,20,300,20272004,22663346
"dgp3",4,3,21,20,300,20272004,22663347
"dgp3",4,3,22,20,300,20272004,22663348
"dgp3",4,3,23,20,300,20272004,22663349
"dgp3",4,3,24,20,300,20272004,22663350
"dgp3",4,3,25,20,300,20272004,22663351
"dgp3",4,3,26,20,300,20272004,22663352
"dgp3",4,3,27,20,300,20272004,22663353
"dgp3",4,3,28,20,300,20272004,22663354
"dgp3",4,3,29,20,300,20272004,22663355
"dgp3",4,3,30,20,300,20272004,22663356
"dgp3",4,3,31,20,300,20272004,22663357
"dgp3",4,3,32,20,300,20272004,22663358
"dgp3",4,3,33,20,300,20272004,22663359
"dgp3",4,3,34,20,300,20272004,22663360
"dgp3",4,3,35,20,300,20272004,22663361
"dgp3",4,3,36,20,300,20272004,22663362
"dgp3",4,3,37,20,300,20272004,22663363
"dgp3",4,3,38,20,300,20272004,22663364
"dgp3",4,3,39,20,300,20272004,22663365
"dgp3",4,3,40,20,300,20272004,22663366
"dgp3",4,3,41,20,300,20272004,22663367
"dgp3",4,3,42,20,300,20272004,22663368
"dgp3",4,3,43,20,300,20272004,22663369
"dgp3",4,3,44,20,300,20272004,22663370
"dgp3",4,3,45,20,300,20272004,22663371
"dgp3",4,3,46,20,300,20272004,22663372
"dgp3",4,3,47,20,300,20272004,22663373
"dgp3",4,3,48,20,300,20272004,22663374
"dgp3",4,3,49,20,300,20272004,22663375
"dgp3",4,3,50,20,300,20272004,22663376
"dgp3",4,3,51,20,300,20272004,22663377
"dgp3",4,3,52,20,300,20272004,22663378
"dgp3",4,3,53,20,300,20272004,22663379
"dgp3",4,3,54,20,300,20272004,22663380
"dgp3",4,3,55,20,300,20272004,22663381
"dgp3",4,3,56,20,300,20272004,22663382
"dgp3",4,3,57,20,300,20272004,22663383
"dgp3",4,3,58,20,300,20272004,22663384
"dgp3",4,3,59,20,300,20272004,22663385
"dgp3",4,3,60,20,300,20272004,22663386
"dgp3",4,3,61,20,300,20272004,22663387
"dgp3",4,3,62,20,300,20272004,22663388
"dgp3",4,3,63,20,300,20272004,22663389
"dgp3",4,3,64,20,300,20272004,22663390
"dgp3",4,3,65,20,300,20272004,22663391
"dgp3",4,3,66,20,300,20272004,22663392
"dgp3",4,3,67,20,300,20272004,22663393
"dgp3",4,3,68,20,300,20272004,22663394
"dgp3",4,3,69,20,300,20272004,22663395
"dgp3",4,3,70,20,300,20272004,22663396
"dgp3",4,3,71,20,300,20272004,22663397
"dgp3",4,3,72,20,300,20272004,22663398
"dgp3",4,3,73,20,300,20272004,22663399
"dgp3",4,3,74,20,300,20272004,22663400
"dgp3",4,3,75,20,300,20272004,22663401
"dgp3",4,3,76,20,300,20272004,22663402
"dgp3",4,3,77,20,300,20272004,22663403
"dgp3",4,3,78,20,300,20272004,22663404
"dgp3",4,3,79,20,300,20272004,22663405
"dgp3",4,3,80,20,300,20272004,22663406
"dgp3",4,3,81,20,300,20272004,22663407
"dgp3",4,3,82,20,300,20272004,22663408
"dgp3",4,3,83,20,300,20272004,22663409
"dgp3",4,3,84,20,300,20272004,22663410
"dgp3",4,3,85,20,300,20272004,22663411
"dgp3",4,3,86,20,300,20272004,22663412
"dgp3",4,3,87,20,300,20272004,22663413
"dgp3",4,3,88,20,300,20272004,22663414
"dgp3",4,3,89,20,300,20272004,22663415
"dgp3",4,3,90,20,300,20272004,22663416
"dgp3",4,3,91,20,300,20272004,22663417
"dgp3",4,3,92,20,300,20272004,22663418
"dgp3",4,3,93,20,300,20272004,22663419
"dgp3",4,3,94,20,300,20272004,22663420
"dgp3",4,3,95,20,300,20272004,22663421
"dgp3",4,3,96,20,300,20272004,22663422
"dgp3",4,3,97,20,300,20272004,22663423
"dgp3",4,3,98,20,300,20272004,22663424
"dgp3",4,3,99,20,300,20272004,22663425
"dgp3",4,3,100,20,300,20272004,22663426
"dgp3",4,4,1,20,500,20272004,22664327
"dgp3",4,4,2,20,500,20272004,22664328
"dgp3",4,4,3,20,500,20272004,22664329
"dgp3",4,4,4,20,500,20272004,22664330
"dgp3",4,4,5,20,500,20272004,22664331
"dgp3",4,4,6,20,500,20272004,22664332
"dgp3",4,4,7,20,500,20272004,22664333
"dgp3",4,4,8,20,500,20272004,22664334
"dgp3",4,4,9,20,500,20272004,22664335
"dgp3",4,4,10,20,500,20272004,22664336
"dgp3",4,4,11,20,500,20272004,22664337
"dgp3",4,4,12,20,500,20272004,22664338
"dgp3",4,4,13,20,500,20272004,22664339
"dgp3",4,4,14,20,500,20272004,22664340
"dgp3",4,4,15,20,500,20272004,22664341
"dgp3",4,4,16,20,500,20272004,22664342
"dgp3",4,4,17,20,500,20272004,22664343
"dgp3",4,4,18,20,500,20272004,22664344
"dgp3",4,4,19,20,500,20272004,22664345
"dgp3",4,4,20,20,500,20272004,22664346
"dgp3",4,4,21,20,500,20272004,22664347
"dgp3",4,4,22,20,500,20272004,22664348
"dgp3",4,4,23,20,500,20272004,22664349
"dgp3",4,4,24,20,500,20272004,22664350
"dgp3",4,4,25,20,500,20272004,22664351
"dgp3",4,4,26,20,500,20272004,22664352
"dgp3",4,4,27,20,500,20272004,22664353
"dgp3",4,4,28,20,500,20272004,22664354
"dgp3",4,4,29,20,500,20272004,22664355
"dgp3",4,4,30,20,500,20272004,22664356
"dgp3",4,4,31,20,500,20272004,22664357
"dgp3",4,4,32,20,500,20272004,22664358
"dgp3",4,4,33,20,500,20272004,22664359
"dgp3",4,4,34,20,500,20272004,22664360
"dgp3",4,4,35,20,500,20272004,22664361
"dgp3",4,4,36,20,500,20272004,22664362
"dgp3",4,4,37,20,500,20272004,22664363
"dgp3",4,4,38,20,500,20272004,22664364
"dgp3",4,4,39,20,500,20272004,22664365
"dgp3",4,4,40,20,500,20272004,22664366
"dgp3",4,4,41,20,500,20272004,22664367
"dgp3",4,4,42,20,500,20272004,22664368
"dgp3",4,4,43,20,500,20272004,22664369
"dgp3",4,4,44,20,500,20272004,22664370
"dgp3",4,4,45,20,500,20272004,22664371
"dgp3",4,4,46,20,500,20272004,22664372
"dgp3",4,4,47,20,500,20272004,22664373
"dgp3",4,4,48,20,500,20272004,22664374
"dgp3",4,4,49,20,500,20272004,22664375
"dgp3",4,4,50,20,500,20272004,22664376
"dgp3",4,4,51,20,500,20272004,22664377
"dgp3",4,4,52,20,500,20272004,22664378
"dgp3",4,4,53,20,500,20272004,22664379
"dgp3",4,4,54,20,500,20272004,22664380
"dgp3",4,4,55,20,500,20272004,22664381
"dgp3",4,4,56,20,500,20272004,22664382
"dgp3",4,4,57,20,500,20272004,22664383
"dgp3",4,4,58,20,500,20272004,22664384
"dgp3",4,4,59,20,500,20272004,22664385
"dgp3",4,4,60,20,500,20272004,22664386
"dgp3",4,4,61,20,500,20272004,22664387
"dgp3",4,4,62,20,500,20272004,22664388
"dgp3",4,4,63,20,500,20272004,22664389
"dgp3",4,4,64,20,500,20272004,22664390
"dgp3",4,4,65,20,500,20272004,22664391
"dgp3",4,4,66,20,500,20272004,22664392
"dgp3",4,4,67,20,500,20272004,22664393
"dgp3",4,4,68,20,500,20272004,22664394
"dgp3",4,4,69,20,500,20272004,22664395
"dgp3",4,4,70,20,500,20272004,22664396
"dgp3",4,4,71,20,500,20272004,22664397
"dgp3",4,4,72,20,500,20272004,22664398
"dgp3",4,4,73,20,500,20272004,22664399
"dgp3",4,4,74,20,500,20272004,22664400
"dgp3",4,4,75,20,500,20272004,22664401
"dgp3",4,4,76,20,500,20272004,22664402
"dgp3",4,4,77,20,500,20272004,22664403
"dgp3",4,4,78,20,500,20272004,22664404
"dgp3",4,4,79,20,500,20272004,22664405
"dgp3",4,4,80,20,500,20272004,22664406
"dgp3",4,4,81,20,500,20272004,22664407
"dgp3",4,4,82,20,500,20272004,22664408
"dgp3",4,4,83,20,500,20272004,22664409
"dgp3",4,4,84,20,500,20272004,22664410
"dgp3",4,4,85,20,500,20272004,22664411
"dgp3",4,4,86,20,500,20272004,22664412
"dgp3",4,4,87,20,500,20272004,22664413
"dgp3",4,4,88,20,500,20272004,22664414
"dgp3",4,4,89,20,500,20272004,22664415
"dgp3",4,4,90,20,500,20272004,22664416
"dgp3",4,4,91,20,500,20272004,22664417
"dgp3",4,4,92,20,500,20272004,22664418
"dgp3",4,4,93,20,500,20272004,22664419
"dgp3",4,4,94,20,500,20272004,22664420
"dgp3",4,4,95,20,500,20272004,22664421
"dgp3",4,4,96,20,500,20272004,22664422
"dgp3",4,4,97,20,500,20272004,22664423
"dgp3",4,4,98,20,500,20272004,22664424
"dgp3",4,4,99,20,500,20272004,22664425
"dgp3",4,4,100,20,500,20272004,22664426
"dgp3",4,5,1,20,1000,20272004,22665327
"dgp3",4,5,2,20,1000,20272004,22665328
"dgp3",4,5,3,20,1000,20272004,22665329
"dgp3",4,5,4,20,1000,20272004,22665330
"dgp3",4,5,5,20,1000,20272004,22665331
"dgp3",4,5,6,20,1000,20272004,22665332
"dgp3",4,5,7,20,1000,20272004,22665333
"dgp3",4,5,8,20,1000,20272004,22665334
"dgp3",4,5,9,20,1000,20272004,22665335
"dgp3",4,5,10,20,1000,20272004,22665336
"dgp3",4,5,11,20,1000,20272004,22665337
"dgp3",4,5,12,20,1000,20272004,22665338
"dgp3",4,5,13,20,1000,20272004,22665339
"dgp3",4,5,14,20,1000,20272004,22665340
"dgp3",4,5,15,20,1000,20272004,22665341
"dgp3",4,5,16,20,1000,20272004,22665342
"dgp3",4,5,17,20,1000,20272004,22665343
"dgp3",4,5,18,20,1000,20272004,22665344
"dgp3",4,5,19,20,1000,20272004,22665345
"dgp3",4,5,20,20,1000,20272004,22665346
"dgp3",4,5,21,20,1000,20272004,22665347
"dgp3",4,5,22,20,1000,20272004,22665348
"dgp3",4,5,23,20,1000,20272004,22665349
"dgp3",4,5,24,20,1000,20272004,22665350
"dgp3",4,5,25,20,1000,20272004,22665351
"dgp3",4,5,26,20,1000,20272004,22665352
"dgp3",4,5,27,20,1000,20272004,22665353
"dgp3",4,5,28,20,1000,20272004,22665354
"dgp3",4,5,29,20,1000,20272004,22665355
"dgp3",4,5,30,20,1000,20272004,22665356
"dgp3",4,5,31,20,1000,20272004,22665357
"dgp3",4,5,32,20,1000,20272004,22665358
"dgp3",4,5,33,20,1000,20272004,22665359
"dgp3",4,5,34,20,1000,20272004,22665360
"dgp3",4,5,35,20,1000,20272004,22665361
"dgp3",4,5,36,20,1000,20272004,22665362
"dgp3",4,5,37,20,1000,20272004,22665363
"dgp3",4,5,38,20,1000,20272004,22665364
"dgp3",4,5,39,20,1000,20272004,22665365
"dgp3",4,5,40,20,1000,20272004,22665366
"dgp3",4,5,41,20,1000,20272004,22665367
"dgp3",4,5,42,20,1000,20272004,22665368
"dgp3",4,5,43,20,1000,20272004,22665369
"dgp3",4,5,44,20,1000,20272004,22665370
"dgp3",4,5,45,20,1000,20272004,22665371
"dgp3",4,5,46,20,1000,20272004,22665372
"dgp3",4,5,47,20,1000,20272004,22665373
"dgp3",4,5,48,20,1000,20272004,22665374
"dgp3",4,5,49,20,1000,20272004,22665375
"dgp3",4,5,50,20,1000,20272004,22665376
"dgp3",4,5,51,20,1000,20272004,22665377
"dgp3",4,5,52,20,1000,20272004,22665378
"dgp3",4,5,53,20,1000,20272004,22665379
"dgp3",4,5,54,20,1000,20272004,22665380
"dgp3",4,5,55,20,1000,20272004,22665381
"dgp3",4,5,56,20,1000,20272004,22665382
"dgp3",4,5,57,20,1000,20272004,22665383
"dgp3",4,5,58,20,1000,20272004,22665384
"dgp3",4,5,59,20,1000,20272004,22665385
"dgp3",4,5,60,20,1000,20272004,22665386
"dgp3",4,5,61,20,1000,20272004,22665387
"dgp3",4,5,62,20,1000,20272004,22665388
"dgp3",4,5,63,20,1000,20272004,22665389
"dgp3",4,5,64,20,1000,20272004,22665390
"dgp3",4,5,65,20,1000,20272004,22665391
"dgp3",4,5,66,20,1000,20272004,22665392
"dgp3",4,5,67,20,1000,20272004,22665393
"dgp3",4,5,68,20,1000,20272004,22665394
"dgp3",4,5,69,20,1000,20272004,22665395
"dgp3",4,5,70,20,1000,20272004,22665396
"dgp3",4,5,71,20,1000,20272004,22665397
"dgp3",4,5,72,20,1000,20272004,22665398
"dgp3",4,5,73,20,1000,20272004,22665399
"dgp3",4,5,74,20,1000,20272004,22665400
"dgp3",4,5,75,20,1000,20272004,22665401
"dgp3",4,5,76,20,1000,20272004,22665402
"dgp3",4,5,77,20,1000,20272004,22665403
"dgp3",4,5,78,20,1000,20272004,22665404
"dgp3",4,5,79,20,1000,20272004,22665405
"dgp3",4,5,80,20,1000,20272004,22665406
"dgp3",4,5,81,20,1000,20272004,22665407
"dgp3",4,5,82,20,1000,20272004,22665408
"dgp3",4,5,83,20,1000,20272004,22665409
"dgp3",4,5,84,20,1000,20272004,22665410
"dgp3",4,5,85,20,1000,20272004,22665411
"dgp3",4,5,86,20,1000,20272004,22665412
"dgp3",4,5,87,20,1000,20272004,22665413
"dgp3",4,5,88,20,1000,20272004,22665414
"dgp3",4,5,89,20,1000,20272004,22665415
"dgp3",4,5,90,20,1000,20272004,22665416
"dgp3",4,5,91,20,1000,20272004,22665417
"dgp3",4,5,92,20,1000,20272004,22665418
"dgp3",4,5,93,20,1000,20272004,22665419
"dgp3",4,5,94,20,1000,20272004,22665420
"dgp3",4,5,95,20,1000,20272004,22665421
"dgp3",4,5,96,20,1000,20272004,22665422
"dgp3",4,5,97,20,1000,20272004,22665423
"dgp3",4,5,98,20,1000,20272004,22665424
"dgp3",4,5,99,20,1000,20272004,22665425
"dgp3",4,5,100,20,1000,20272004,22665426
"dgp3",4,6,1,20,2000,20272004,22666327
"dgp3",4,6,2,20,2000,20272004,22666328
"dgp3",4,6,3,20,2000,20272004,22666329
"dgp3",4,6,4,20,2000,20272004,22666330
"dgp3",4,6,5,20,2000,20272004,22666331
"dgp3",4,6,6,20,2000,20272004,22666332
"dgp3",4,6,7,20,2000,20272004,22666333
"dgp3",4,6,8,20,2000,20272004,22666334
"dgp3",4,6,9,20,2000,20272004,22666335
"dgp3",4,6,10,20,2000,20272004,22666336
"dgp3",4,6,11,20,2000,20272004,22666337
"dgp3",4,6,12,20,2000,20272004,22666338
"dgp3",4,6,13,20,2000,20272004,22666339
"dgp3",4,6,14,20,2000,20272004,22666340
"dgp3",4,6,15,20,2000,20272004,22666341
"dgp3",4,6,16,20,2000,20272004,22666342
"dgp3",4,6,17,20,2000,20272004,22666343
"dgp3",4,6,18,20,2000,20272004,22666344
"dgp3",4,6,19,20,2000,20272004,22666345
"dgp3",4,6,20,20,2000,20272004,22666346
"dgp3",4,6,21,20,2000,20272004,22666347
"dgp3",4,6,22,20,2000,20272004,22666348
"dgp3",4,6,23,20,2000,20272004,22666349
"dgp3",4,6,24,20,2000,20272004,22666350
"dgp3",4,6,25,20,2000,20272004,22666351
"dgp3",4,6,26,20,2000,20272004,22666352
"dgp3",4,6,27,20,2000,20272004,22666353
"dgp3",4,6,28,20,2000,20272004,22666354
"dgp3",4,6,29,20,2000,20272004,22666355
"dgp3",4,6,30,20,2000,20272004,22666356
"dgp3",4,6,31,20,2000,20272004,22666357
"dgp3",4,6,32,20,2000,20272004,22666358
"dgp3",4,6,33,20,2000,20272004,22666359
"dgp3",4,6,34,20,2000,20272004,22666360
"dgp3",4,6,35,20,2000,20272004,22666361
"dgp3",4,6,36,20,2000,20272004,22666362
"dgp3",4,6,37,20,2000,20272004,22666363
"dgp3",4,6,38,20,2000,20272004,22666364
"dgp3",4,6,39,20,2000,20272004,22666365
"dgp3",4,6,40,20,2000,20272004,22666366
"dgp3",4,6,41,20,2000,20272004,22666367
"dgp3",4,6,42,20,2000,20272004,22666368
"dgp3",4,6,43,20,2000,20272004,22666369
"dgp3",4,6,44,20,2000,20272004,22666370
"dgp3",4,6,45,20,2000,20272004,22666371
"dgp3",4,6,46,20,2000,20272004,22666372
"dgp3",4,6,47,20,2000,20272004,22666373
"dgp3",4,6,48,20,2000,20272004,22666374
"dgp3",4,6,49,20,2000,20272004,22666375
"dgp3",4,6,50,20,2000,20272004,22666376
"dgp3",4,6,51,20,2000,20272004,22666377
"dgp3",4,6,52,20,2000,20272004,22666378
"dgp3",4,6,53,20,2000,20272004,22666379
"dgp3",4,6,54,20,2000,20272004,22666380
"dgp3",4,6,55,20,2000,20272004,22666381
"dgp3",4,6,56,20,2000,20272004,22666382
"dgp3",4,6,57,20,2000,20272004,22666383
"dgp3",4,6,58,20,2000,20272004,22666384
"dgp3",4,6,59,20,2000,20272004,22666385
"dgp3",4,6,60,20,2000,20272004,22666386
"dgp3",4,6,61,20,2000,20272004,22666387
"dgp3",4,6,62,20,2000,20272004,22666388
"dgp3",4,6,63,20,2000,20272004,22666389
"dgp3",4,6,64,20,2000,20272004,22666390
"dgp3",4,6,65,20,2000,20272004,22666391
"dgp3",4,6,66,20,2000,20272004,22666392
"dgp3",4,6,67,20,2000,20272004,22666393
"dgp3",4,6,68,20,2000,20272004,22666394
"dgp3",4,6,69,20,2000,20272004,22666395
"dgp3",4,6,70,20,2000,20272004,22666396
"dgp3",4,6,71,20,2000,20272004,22666397
"dgp3",4,6,72,20,2000,20272004,22666398
"dgp3",4,6,73,20,2000,20272004,22666399
"dgp3",4,6,74,20,2000,20272004,22666400
"dgp3",4,6,75,20,2000,20272004,22666401
"dgp3",4,6,76,20,2000,20272004,22666402
"dgp3",4,6,77,20,2000,20272004,22666403
"dgp3",4,6,78,20,2000,20272004,22666404
"dgp3",4,6,79,20,2000,20272004,22666405
"dgp3",4,6,80,20,2000,20272004,22666406
"dgp3",4,6,81,20,2000,20272004,22666407
"dgp3",4,6,82,20,2000,20272004,22666408
"dgp3",4,6,83,20,2000,20272004,22666409
"dgp3",4,6,84,20,2000,20272004,22666410
"dgp3",4,6,85,20,2000,20272004,22666411
"dgp3",4,6,86,20,2000,20272004,22666412
"dgp3",4,6,87,20,2000,20272004,22666413
"dgp3",4,6,88,20,2000,20272004,22666414
"dgp3",4,6,89,20,2000,20272004,22666415
"dgp3",4,6,90,20,2000,20272004,22666416
"dgp3",4,6,91,20,2000,20272004,22666417
"dgp3",4,6,92,20,2000,20272004,22666418
"dgp3",4,6,93,20,2000,20272004,22666419
"dgp3",4,6,94,20,2000,20272004,22666420
"dgp3",4,6,95,20,2000,20272004,22666421
"dgp3",4,6,96,20,2000,20272004,22666422
"dgp3",4,6,97,20,2000,20272004,22666423
"dgp3",4,6,98,20,2000,20272004,22666424
"dgp3",4,6,99,20,2000,20272004,22666425
"dgp3",4,6,100,20,2000,20272004,22666426
"dgp3",5,1,1,25,100,20272005,22761327
"dgp3",5,1,2,25,100,20272005,22761328
"dgp3",5,1,3,25,100,20272005,22761329
"dgp3",5,1,4,25,100,20272005,22761330
"dgp3",5,1,5,25,100,20272005,22761331
"dgp3",5,1,6,25,100,20272005,22761332
"dgp3",5,1,7,25,100,20272005,22761333
"dgp3",5,1,8,25,100,20272005,22761334
"dgp3",5,1,9,25,100,20272005,22761335
"dgp3",5,1,10,25,100,20272005,22761336
"dgp3",5,1,11,25,100,20272005,22761337
"dgp3",5,1,12,25,100,20272005,22761338
"dgp3",5,1,13,25,100,20272005,22761339
"dgp3",5,1,14,25,100,20272005,22761340
"dgp3",5,1,15,25,100,20272005,22761341
"dgp3",5,1,16,25,100,20272005,22761342
"dgp3",5,1,17,25,100,20272005,22761343
"dgp3",5,1,18,25,100,20272005,22761344
"dgp3",5,1,19,25,100,20272005,22761345
"dgp3",5,1,20,25,100,20272005,22761346
"dgp3",5,1,21,25,100,20272005,22761347
"dgp3",5,1,22,25,100,20272005,22761348
"dgp3",5,1,23,25,100,20272005,22761349
"dgp3",5,1,24,25,100,20272005,22761350
"dgp3",5,1,25,25,100,20272005,22761351
"dgp3",5,1,26,25,100,20272005,22761352
"dgp3",5,1,27,25,100,20272005,22761353
"dgp3",5,1,28,25,100,20272005,22761354
"dgp3",5,1,29,25,100,20272005,22761355
"dgp3",5,1,30,25,100,20272005,22761356
"dgp3",5,1,31,25,100,20272005,22761357
"dgp3",5,1,32,25,100,20272005,22761358
"dgp3",5,1,33,25,100,20272005,22761359
"dgp3",5,1,34,25,100,20272005,22761360
"dgp3",5,1,35,25,100,20272005,22761361
"dgp3",5,1,36,25,100,20272005,22761362
"dgp3",5,1,37,25,100,20272005,22761363
"dgp3",5,1,38,25,100,20272005,22761364
"dgp3",5,1,39,25,100,20272005,22761365
"dgp3",5,1,40,25,100,20272005,22761366
"dgp3",5,1,41,25,100,20272005,22761367
"dgp3",5,1,42,25,100,20272005,22761368
"dgp3",5,1,43,25,100,20272005,22761369
"dgp3",5,1,44,25,100,20272005,22761370
"dgp3",5,1,45,25,100,20272005,22761371
"dgp3",5,1,46,25,100,20272005,22761372
"dgp3",5,1,47,25,100,20272005,22761373
"dgp3",5,1,48,25,100,20272005,22761374
"dgp3",5,1,49,25,100,20272005,22761375
"dgp3",5,1,50,25,100,20272005,22761376
"dgp3",5,1,51,25,100,20272005,22761377
"dgp3",5,1,52,25,100,20272005,22761378
"dgp3",5,1,53,25,100,20272005,22761379
"dgp3",5,1,54,25,100,20272005,22761380
"dgp3",5,1,55,25,100,20272005,22761381
"dgp3",5,1,56,25,100,20272005,22761382
"dgp3",5,1,57,25,100,20272005,22761383
"dgp3",5,1,58,25,100,20272005,22761384
"dgp3",5,1,59,25,100,20272005,22761385
"dgp3",5,1,60,25,100,20272005,22761386
"dgp3",5,1,61,25,100,20272005,22761387
"dgp3",5,1,62,25,100,20272005,22761388
"dgp3",5,1,63,25,100,20272005,22761389
"dgp3",5,1,64,25,100,20272005,22761390
"dgp3",5,1,65,25,100,20272005,22761391
"dgp3",5,1,66,25,100,20272005,22761392
"dgp3",5,1,67,25,100,20272005,22761393
"dgp3",5,1,68,25,100,20272005,22761394
"dgp3",5,1,69,25,100,20272005,22761395
"dgp3",5,1,70,25,100,20272005,22761396
"dgp3",5,1,71,25,100,20272005,22761397
"dgp3",5,1,72,25,100,20272005,22761398
"dgp3",5,1,73,25,100,20272005,22761399
"dgp3",5,1,74,25,100,20272005,22761400
"dgp3",5,1,75,25,100,20272005,22761401
"dgp3",5,1,76,25,100,20272005,22761402
"dgp3",5,1,77,25,100,20272005,22761403
"dgp3",5,1,78,25,100,20272005,22761404
"dgp3",5,1,79,25,100,20272005,22761405
"dgp3",5,1,80,25,100,20272005,22761406
"dgp3",5,1,81,25,100,20272005,22761407
"dgp3",5,1,82,25,100,20272005,22761408
"dgp3",5,1,83,25,100,20272005,22761409
"dgp3",5,1,84,25,100,20272005,22761410
"dgp3",5,1,85,25,100,20272005,22761411
"dgp3",5,1,86,25,100,20272005,22761412
"dgp3",5,1,87,25,100,20272005,22761413
"dgp3",5,1,88,25,100,20272005,22761414
"dgp3",5,1,89,25,100,20272005,22761415
"dgp3",5,1,90,25,100,20272005,22761416
"dgp3",5,1,91,25,100,20272005,22761417
"dgp3",5,1,92,25,100,20272005,22761418
"dgp3",5,1,93,25,100,20272005,22761419
"dgp3",5,1,94,25,100,20272005,22761420
"dgp3",5,1,95,25,100,20272005,22761421
"dgp3",5,1,96,25,100,20272005,22761422
"dgp3",5,1,97,25,100,20272005,22761423
"dgp3",5,1,98,25,100,20272005,22761424
"dgp3",5,1,99,25,100,20272005,22761425
"dgp3",5,1,100,25,100,20272005,22761426
"dgp3",5,2,1,25,200,20272005,22762327
"dgp3",5,2,2,25,200,20272005,22762328
"dgp3",5,2,3,25,200,20272005,22762329
"dgp3",5,2,4,25,200,20272005,22762330
"dgp3",5,2,5,25,200,20272005,22762331
"dgp3",5,2,6,25,200,20272005,22762332
"dgp3",5,2,7,25,200,20272005,22762333
"dgp3",5,2,8,25,200,20272005,22762334
"dgp3",5,2,9,25,200,20272005,22762335
"dgp3",5,2,10,25,200,20272005,22762336
"dgp3",5,2,11,25,200,20272005,22762337
"dgp3",5,2,12,25,200,20272005,22762338
"dgp3",5,2,13,25,200,20272005,22762339
"dgp3",5,2,14,25,200,20272005,22762340
"dgp3",5,2,15,25,200,20272005,22762341
"dgp3",5,2,16,25,200,20272005,22762342
"dgp3",5,2,17,25,200,20272005,22762343
"dgp3",5,2,18,25,200,20272005,22762344
"dgp3",5,2,19,25,200,20272005,22762345
"dgp3",5,2,20,25,200,20272005,22762346
"dgp3",5,2,21,25,200,20272005,22762347
"dgp3",5,2,22,25,200,20272005,22762348
"dgp3",5,2,23,25,200,20272005,22762349
"dgp3",5,2,24,25,200,20272005,22762350
"dgp3",5,2,25,25,200,20272005,22762351
"dgp3",5,2,26,25,200,20272005,22762352
"dgp3",5,2,27,25,200,20272005,22762353
"dgp3",5,2,28,25,200,20272005,22762354
"dgp3",5,2,29,25,200,20272005,22762355
"dgp3",5,2,30,25,200,20272005,22762356
"dgp3",5,2,31,25,200,20272005,22762357
"dgp3",5,2,32,25,200,20272005,22762358
"dgp3",5,2,33,25,200,20272005,22762359
"dgp3",5,2,34,25,200,20272005,22762360
"dgp3",5,2,35,25,200,20272005,22762361
"dgp3",5,2,36,25,200,20272005,22762362
"dgp3",5,2,37,25,200,20272005,22762363
"dgp3",5,2,38,25,200,20272005,22762364
"dgp3",5,2,39,25,200,20272005,22762365
"dgp3",5,2,40,25,200,20272005,22762366
"dgp3",5,2,41,25,200,20272005,22762367
"dgp3",5,2,42,25,200,20272005,22762368
"dgp3",5,2,43,25,200,20272005,22762369
"dgp3",5,2,44,25,200,20272005,22762370
"dgp3",5,2,45,25,200,20272005,22762371
"dgp3",5,2,46,25,200,20272005,22762372
"dgp3",5,2,47,25,200,20272005,22762373
"dgp3",5,2,48,25,200,20272005,22762374
"dgp3",5,2,49,25,200,20272005,22762375
"dgp3",5,2,50,25,200,20272005,22762376
"dgp3",5,2,51,25,200,20272005,22762377
"dgp3",5,2,52,25,200,20272005,22762378
"dgp3",5,2,53,25,200,20272005,22762379
"dgp3",5,2,54,25,200,20272005,22762380
"dgp3",5,2,55,25,200,20272005,22762381
"dgp3",5,2,56,25,200,20272005,22762382
"dgp3",5,2,57,25,200,20272005,22762383
"dgp3",5,2,58,25,200,20272005,22762384
"dgp3",5,2,59,25,200,20272005,22762385
"dgp3",5,2,60,25,200,20272005,22762386
"dgp3",5,2,61,25,200,20272005,22762387
"dgp3",5,2,62,25,200,20272005,22762388
"dgp3",5,2,63,25,200,20272005,22762389
"dgp3",5,2,64,25,200,20272005,22762390
"dgp3",5,2,65,25,200,20272005,22762391
"dgp3",5,2,66,25,200,20272005,22762392
"dgp3",5,2,67,25,200,20272005,22762393
"dgp3",5,2,68,25,200,20272005,22762394
"dgp3",5,2,69,25,200,20272005,22762395
"dgp3",5,2,70,25,200,20272005,22762396
"dgp3",5,2,71,25,200,20272005,22762397
"dgp3",5,2,72,25,200,20272005,22762398
"dgp3",5,2,73,25,200,20272005,22762399
"dgp3",5,2,74,25,200,20272005,22762400
"dgp3",5,2,75,25,200,20272005,22762401
"dgp3",5,2,76,25,200,20272005,22762402
"dgp3",5,2,77,25,200,20272005,22762403
"dgp3",5,2,78,25,200,20272005,22762404
"dgp3",5,2,79,25,200,20272005,22762405
"dgp3",5,2,80,25,200,20272005,22762406
"dgp3",5,2,81,25,200,20272005,22762407
"dgp3",5,2,82,25,200,20272005,22762408
"dgp3",5,2,83,25,200,20272005,22762409
"dgp3",5,2,84,25,200,20272005,22762410
"dgp3",5,2,85,25,200,20272005,22762411
"dgp3",5,2,86,25,200,20272005,22762412
"dgp3",5,2,87,25,200,20272005,22762413
"dgp3",5,2,88,25,200,20272005,22762414
"dgp3",5,2,89,25,200,20272005,22762415
"dgp3",5,2,90,25,200,20272005,22762416
"dgp3",5,2,91,25,200,20272005,22762417
"dgp3",5,2,92,25,200,20272005,22762418
"dgp3",5,2,93,25,200,20272005,22762419
"dgp3",5,2,94,25,200,20272005,22762420
"dgp3",5,2,95,25,200,20272005,22762421
"dgp3",5,2,96,25,200,20272005,22762422
"dgp3",5,2,97,25,200,20272005,22762423
"dgp3",5,2,98,25,200,20272005,22762424
"dgp3",5,2,99,25,200,20272005,22762425
"dgp3",5,2,100,25,200,20272005,22762426
"dgp3",5,3,1,25,300,20272005,22763327
"dgp3",5,3,2,25,300,20272005,22763328
"dgp3",5,3,3,25,300,20272005,22763329
"dgp3",5,3,4,25,300,20272005,22763330
"dgp3",5,3,5,25,300,20272005,22763331
"dgp3",5,3,6,25,300,20272005,22763332
"dgp3",5,3,7,25,300,20272005,22763333
"dgp3",5,3,8,25,300,20272005,22763334
"dgp3",5,3,9,25,300,20272005,22763335
"dgp3",5,3,10,25,300,20272005,22763336
"dgp3",5,3,11,25,300,20272005,22763337
"dgp3",5,3,12,25,300,20272005,22763338
"dgp3",5,3,13,25,300,20272005,22763339
"dgp3",5,3,14,25,300,20272005,22763340
"dgp3",5,3,15,25,300,20272005,22763341
"dgp3",5,3,16,25,300,20272005,22763342
"dgp3",5,3,17,25,300,20272005,22763343
"dgp3",5,3,18,25,300,20272005,22763344
"dgp3",5,3,19,25,300,20272005,22763345
"dgp3",5,3,20,25,300,20272005,22763346
"dgp3",5,3,21,25,300,20272005,22763347
"dgp3",5,3,22,25,300,20272005,22763348
"dgp3",5,3,23,25,300,20272005,22763349
"dgp3",5,3,24,25,300,20272005,22763350
"dgp3",5,3,25,25,300,20272005,22763351
"dgp3",5,3,26,25,300,20272005,22763352
"dgp3",5,3,27,25,300,20272005,22763353
"dgp3",5,3,28,25,300,20272005,22763354
"dgp3",5,3,29,25,300,20272005,22763355
"dgp3",5,3,30,25,300,20272005,22763356
"dgp3",5,3,31,25,300,20272005,22763357
"dgp3",5,3,32,25,300,20272005,22763358
"dgp3",5,3,33,25,300,20272005,22763359
"dgp3",5,3,34,25,300,20272005,22763360
"dgp3",5,3,35,25,300,20272005,22763361
"dgp3",5,3,36,25,300,20272005,22763362
"dgp3",5,3,37,25,300,20272005,22763363
"dgp3",5,3,38,25,300,20272005,22763364
"dgp3",5,3,39,25,300,20272005,22763365
"dgp3",5,3,40,25,300,20272005,22763366
"dgp3",5,3,41,25,300,20272005,22763367
"dgp3",5,3,42,25,300,20272005,22763368
"dgp3",5,3,43,25,300,20272005,22763369
"dgp3",5,3,44,25,300,20272005,22763370
"dgp3",5,3,45,25,300,20272005,22763371
"dgp3",5,3,46,25,300,20272005,22763372
"dgp3",5,3,47,25,300,20272005,22763373
"dgp3",5,3,48,25,300,20272005,22763374
"dgp3",5,3,49,25,300,20272005,22763375
"dgp3",5,3,50,25,300,20272005,22763376
"dgp3",5,3,51,25,300,20272005,22763377
"dgp3",5,3,52,25,300,20272005,22763378
"dgp3",5,3,53,25,300,20272005,22763379
"dgp3",5,3,54,25,300,20272005,22763380
"dgp3",5,3,55,25,300,20272005,22763381
"dgp3",5,3,56,25,300,20272005,22763382
"dgp3",5,3,57,25,300,20272005,22763383
"dgp3",5,3,58,25,300,20272005,22763384
"dgp3",5,3,59,25,300,20272005,22763385
"dgp3",5,3,60,25,300,20272005,22763386
"dgp3",5,3,61,25,300,20272005,22763387
"dgp3",5,3,62,25,300,20272005,22763388
"dgp3",5,3,63,25,300,20272005,22763389
"dgp3",5,3,64,25,300,20272005,22763390
"dgp3",5,3,65,25,300,20272005,22763391
"dgp3",5,3,66,25,300,20272005,22763392
"dgp3",5,3,67,25,300,20272005,22763393
"dgp3",5,3,68,25,300,20272005,22763394
"dgp3",5,3,69,25,300,20272005,22763395
"dgp3",5,3,70,25,300,20272005,22763396
"dgp3",5,3,71,25,300,20272005,22763397
"dgp3",5,3,72,25,300,20272005,22763398
"dgp3",5,3,73,25,300,20272005,22763399
"dgp3",5,3,74,25,300,20272005,22763400
"dgp3",5,3,75,25,300,20272005,22763401
"dgp3",5,3,76,25,300,20272005,22763402
"dgp3",5,3,77,25,300,20272005,22763403
"dgp3",5,3,78,25,300,20272005,22763404
"dgp3",5,3,79,25,300,20272005,22763405
"dgp3",5,3,80,25,300,20272005,22763406
"dgp3",5,3,81,25,300,20272005,22763407
"dgp3",5,3,82,25,300,20272005,22763408
"dgp3",5,3,83,25,300,20272005,22763409
"dgp3",5,3,84,25,300,20272005,22763410
"dgp3",5,3,85,25,300,20272005,22763411
"dgp3",5,3,86,25,300,20272005,22763412
"dgp3",5,3,87,25,300,20272005,22763413
"dgp3",5,3,88,25,300,20272005,22763414
"dgp3",5,3,89,25,300,20272005,22763415
"dgp3",5,3,90,25,300,20272005,22763416
"dgp3",5,3,91,25,300,20272005,22763417
"dgp3",5,3,92,25,300,20272005,22763418
"dgp3",5,3,93,25,300,20272005,22763419
"dgp3",5,3,94,25,300,20272005,22763420
"dgp3",5,3,95,25,300,20272005,22763421
"dgp3",5,3,96,25,300,20272005,22763422
"dgp3",5,3,97,25,300,20272005,22763423
"dgp3",5,3,98,25,300,20272005,22763424
"dgp3",5,3,99,25,300,20272005,22763425
"dgp3",5,3,100,25,300,20272005,22763426
"dgp3",5,4,1,25,500,20272005,22764327
"dgp3",5,4,2,25,500,20272005,22764328
"dgp3",5,4,3,25,500,20272005,22764329
"dgp3",5,4,4,25,500,20272005,22764330
"dgp3",5,4,5,25,500,20272005,22764331
"dgp3",5,4,6,25,500,20272005,22764332
"dgp3",5,4,7,25,500,20272005,22764333
"dgp3",5,4,8,25,500,20272005,22764334
"dgp3",5,4,9,25,500,20272005,22764335
"dgp3",5,4,10,25,500,20272005,22764336
"dgp3",5,4,11,25,500,20272005,22764337
"dgp3",5,4,12,25,500,20272005,22764338
"dgp3",5,4,13,25,500,20272005,22764339
"dgp3",5,4,14,25,500,20272005,22764340
"dgp3",5,4,15,25,500,20272005,22764341
"dgp3",5,4,16,25,500,20272005,22764342
"dgp3",5,4,17,25,500,20272005,22764343
"dgp3",5,4,18,25,500,20272005,22764344
"dgp3",5,4,19,25,500,20272005,22764345
"dgp3",5,4,20,25,500,20272005,22764346
"dgp3",5,4,21,25,500,20272005,22764347
"dgp3",5,4,22,25,500,20272005,22764348
"dgp3",5,4,23,25,500,20272005,22764349
"dgp3",5,4,24,25,500,20272005,22764350
"dgp3",5,4,25,25,500,20272005,22764351
"dgp3",5,4,26,25,500,20272005,22764352
"dgp3",5,4,27,25,500,20272005,22764353
"dgp3",5,4,28,25,500,20272005,22764354
"dgp3",5,4,29,25,500,20272005,22764355
"dgp3",5,4,30,25,500,20272005,22764356
"dgp3",5,4,31,25,500,20272005,22764357
"dgp3",5,4,32,25,500,20272005,22764358
"dgp3",5,4,33,25,500,20272005,22764359
"dgp3",5,4,34,25,500,20272005,22764360
"dgp3",5,4,35,25,500,20272005,22764361
"dgp3",5,4,36,25,500,20272005,22764362
"dgp3",5,4,37,25,500,20272005,22764363
"dgp3",5,4,38,25,500,20272005,22764364
"dgp3",5,4,39,25,500,20272005,22764365
"dgp3",5,4,40,25,500,20272005,22764366
"dgp3",5,4,41,25,500,20272005,22764367
"dgp3",5,4,42,25,500,20272005,22764368
"dgp3",5,4,43,25,500,20272005,22764369
"dgp3",5,4,44,25,500,20272005,22764370
"dgp3",5,4,45,25,500,20272005,22764371
"dgp3",5,4,46,25,500,20272005,22764372
"dgp3",5,4,47,25,500,20272005,22764373
"dgp3",5,4,48,25,500,20272005,22764374
"dgp3",5,4,49,25,500,20272005,22764375
"dgp3",5,4,50,25,500,20272005,22764376
"dgp3",5,4,51,25,500,20272005,22764377
"dgp3",5,4,52,25,500,20272005,22764378
"dgp3",5,4,53,25,500,20272005,22764379
"dgp3",5,4,54,25,500,20272005,22764380
"dgp3",5,4,55,25,500,20272005,22764381
"dgp3",5,4,56,25,500,20272005,22764382
"dgp3",5,4,57,25,500,20272005,22764383
"dgp3",5,4,58,25,500,20272005,22764384
"dgp3",5,4,59,25,500,20272005,22764385
"dgp3",5,4,60,25,500,20272005,22764386
"dgp3",5,4,61,25,500,20272005,22764387
"dgp3",5,4,62,25,500,20272005,22764388
"dgp3",5,4,63,25,500,20272005,22764389
"dgp3",5,4,64,25,500,20272005,22764390
"dgp3",5,4,65,25,500,20272005,22764391
"dgp3",5,4,66,25,500,20272005,22764392
"dgp3",5,4,67,25,500,20272005,22764393
"dgp3",5,4,68,25,500,20272005,22764394
"dgp3",5,4,69,25,500,20272005,22764395
"dgp3",5,4,70,25,500,20272005,22764396
"dgp3",5,4,71,25,500,20272005,22764397
"dgp3",5,4,72,25,500,20272005,22764398
"dgp3",5,4,73,25,500,20272005,22764399
"dgp3",5,4,74,25,500,20272005,22764400
"dgp3",5,4,75,25,500,20272005,22764401
"dgp3",5,4,76,25,500,20272005,22764402
"dgp3",5,4,77,25,500,20272005,22764403
"dgp3",5,4,78,25,500,20272005,22764404
"dgp3",5,4,79,25,500,20272005,22764405
"dgp3",5,4,80,25,500,20272005,22764406
"dgp3",5,4,81,25,500,20272005,22764407
"dgp3",5,4,82,25,500,20272005,22764408
"dgp3",5,4,83,25,500,20272005,22764409
"dgp3",5,4,84,25,500,20272005,22764410
"dgp3",5,4,85,25,500,20272005,22764411
"dgp3",5,4,86,25,500,20272005,22764412
"dgp3",5,4,87,25,500,20272005,22764413
"dgp3",5,4,88,25,500,20272005,22764414
"dgp3",5,4,89,25,500,20272005,22764415
"dgp3",5,4,90,25,500,20272005,22764416
"dgp3",5,4,91,25,500,20272005,22764417
"dgp3",5,4,92,25,500,20272005,22764418
"dgp3",5,4,93,25,500,20272005,22764419
"dgp3",5,4,94,25,500,20272005,22764420
"dgp3",5,4,95,25,500,20272005,22764421
"dgp3",5,4,96,25,500,20272005,22764422
"dgp3",5,4,97,25,500,20272005,22764423
"dgp3",5,4,98,25,500,20272005,22764424
"dgp3",5,4,99,25,500,20272005,22764425
"dgp3",5,4,100,25,500,20272005,22764426
"dgp3",5,5,1,25,1000,20272005,22765327
"dgp3",5,5,2,25,1000,20272005,22765328
"dgp3",5,5,3,25,1000,20272005,22765329
"dgp3",5,5,4,25,1000,20272005,22765330
"dgp3",5,5,5,25,1000,20272005,22765331
"dgp3",5,5,6,25,1000,20272005,22765332
"dgp3",5,5,7,25,1000,20272005,22765333
"dgp3",5,5,8,25,1000,20272005,22765334
"dgp3",5,5,9,25,1000,20272005,22765335
"dgp3",5,5,10,25,1000,20272005,22765336
"dgp3",5,5,11,25,1000,20272005,22765337
"dgp3",5,5,12,25,1000,20272005,22765338
"dgp3",5,5,13,25,1000,20272005,22765339
"dgp3",5,5,14,25,1000,20272005,22765340
"dgp3",5,5,15,25,1000,20272005,22765341
"dgp3",5,5,16,25,1000,20272005,22765342
"dgp3",5,5,17,25,1000,20272005,22765343
"dgp3",5,5,18,25,1000,20272005,22765344
"dgp3",5,5,19,25,1000,20272005,22765345
"dgp3",5,5,20,25,1000,20272005,22765346
"dgp3",5,5,21,25,1000,20272005,22765347
"dgp3",5,5,22,25,1000,20272005,22765348
"dgp3",5,5,23,25,1000,20272005,22765349
"dgp3",5,5,24,25,1000,20272005,22765350
"dgp3",5,5,25,25,1000,20272005,22765351
"dgp3",5,5,26,25,1000,20272005,22765352
"dgp3",5,5,27,25,1000,20272005,22765353
"dgp3",5,5,28,25,1000,20272005,22765354
"dgp3",5,5,29,25,1000,20272005,22765355
"dgp3",5,5,30,25,1000,20272005,22765356
"dgp3",5,5,31,25,1000,20272005,22765357
"dgp3",5,5,32,25,1000,20272005,22765358
"dgp3",5,5,33,25,1000,20272005,22765359
"dgp3",5,5,34,25,1000,20272005,22765360
"dgp3",5,5,35,25,1000,20272005,22765361
"dgp3",5,5,36,25,1000,20272005,22765362
"dgp3",5,5,37,25,1000,20272005,22765363
"dgp3",5,5,38,25,1000,20272005,22765364
"dgp3",5,5,39,25,1000,20272005,22765365
"dgp3",5,5,40,25,1000,20272005,22765366
"dgp3",5,5,41,25,1000,20272005,22765367
"dgp3",5,5,42,25,1000,20272005,22765368
"dgp3",5,5,43,25,1000,20272005,22765369
"dgp3",5,5,44,25,1000,20272005,22765370
"dgp3",5,5,45,25,1000,20272005,22765371
"dgp3",5,5,46,25,1000,20272005,22765372
"dgp3",5,5,47,25,1000,20272005,22765373
"dgp3",5,5,48,25,1000,20272005,22765374
"dgp3",5,5,49,25,1000,20272005,22765375
"dgp3",5,5,50,25,1000,20272005,22765376
"dgp3",5,5,51,25,1000,20272005,22765377
"dgp3",5,5,52,25,1000,20272005,22765378
"dgp3",5,5,53,25,1000,20272005,22765379
"dgp3",5,5,54,25,1000,20272005,22765380
"dgp3",5,5,55,25,1000,20272005,22765381
"dgp3",5,5,56,25,1000,20272005,22765382
"dgp3",5,5,57,25,1000,20272005,22765383
"dgp3",5,5,58,25,1000,20272005,22765384
"dgp3",5,5,59,25,1000,20272005,22765385
"dgp3",5,5,60,25,1000,20272005,22765386
"dgp3",5,5,61,25,1000,20272005,22765387
"dgp3",5,5,62,25,1000,20272005,22765388
"dgp3",5,5,63,25,1000,20272005,22765389
"dgp3",5,5,64,25,1000,20272005,22765390
"dgp3",5,5,65,25,1000,20272005,22765391
"dgp3",5,5,66,25,1000,20272005,22765392
"dgp3",5,5,67,25,1000,20272005,22765393
"dgp3",5,5,68,25,1000,20272005,22765394
"dgp3",5,5,69,25,1000,20272005,22765395
"dgp3",5,5,70,25,1000,20272005,22765396
"dgp3",5,5,71,25,1000,20272005,22765397
"dgp3",5,5,72,25,1000,20272005,22765398
"dgp3",5,5,73,25,1000,20272005,22765399
"dgp3",5,5,74,25,1000,20272005,22765400
"dgp3",5,5,75,25,1000,20272005,22765401
"dgp3",5,5,76,25,1000,20272005,22765402
"dgp3",5,5,77,25,1000,20272005,22765403
"dgp3",5,5,78,25,1000,20272005,22765404
"dgp3",5,5,79,25,1000,20272005,22765405
"dgp3",5,5,80,25,1000,20272005,22765406
"dgp3",5,5,81,25,1000,20272005,22765407
"dgp3",5,5,82,25,1000,20272005,22765408
"dgp3",5,5,83,25,1000,20272005,22765409
"dgp3",5,5,84,25,1000,20272005,22765410
"dgp3",5,5,85,25,1000,20272005,22765411
"dgp3",5,5,86,25,1000,20272005,22765412
"dgp3",5,5,87,25,1000,20272005,22765413
"dgp3",5,5,88,25,1000,20272005,22765414
"dgp3",5,5,89,25,1000,20272005,22765415
"dgp3",5,5,90,25,1000,20272005,22765416
"dgp3",5,5,91,25,1000,20272005,22765417
"dgp3",5,5,92,25,1000,20272005,22765418
"dgp3",5,5,93,25,1000,20272005,22765419
"dgp3",5,5,94,25,1000,20272005,22765420
"dgp3",5,5,95,25,1000,20272005,22765421
"dgp3",5,5,96,25,1000,20272005,22765422
"dgp3",5,5,97,25,1000,20272005,22765423
"dgp3",5,5,98,25,1000,20272005,22765424
"dgp3",5,5,99,25,1000,20272005,22765425
"dgp3",5,5,100,25,1000,20272005,22765426
"dgp3",5,6,1,25,2000,20272005,22766327
"dgp3",5,6,2,25,2000,20272005,22766328
"dgp3",5,6,3,25,2000,20272005,22766329
"dgp3",5,6,4,25,2000,20272005,22766330
"dgp3",5,6,5,25,2000,20272005,22766331
"dgp3",5,6,6,25,2000,20272005,22766332
"dgp3",5,6,7,25,2000,20272005,22766333
"dgp3",5,6,8,25,2000,20272005,22766334
"dgp3",5,6,9,25,2000,20272005,22766335
"dgp3",5,6,10,25,2000,20272005,22766336
"dgp3",5,6,11,25,2000,20272005,22766337
"dgp3",5,6,12,25,2000,20272005,22766338
"dgp3",5,6,13,25,2000,20272005,22766339
"dgp3",5,6,14,25,2000,20272005,22766340
"dgp3",5,6,15,25,2000,20272005,22766341
"dgp3",5,6,16,25,2000,20272005,22766342
"dgp3",5,6,17,25,2000,20272005,22766343
"dgp3",5,6,18,25,2000,20272005,22766344
"dgp3",5,6,19,25,2000,20272005,22766345
"dgp3",5,6,20,25,2000,20272005,22766346
"dgp3",5,6,21,25,2000,20272005,22766347
"dgp3",5,6,22,25,2000,20272005,22766348
"dgp3",5,6,23,25,2000,20272005,22766349
"dgp3",5,6,24,25,2000,20272005,22766350
"dgp3",5,6,25,25,2000,20272005,22766351
"dgp3",5,6,26,25,2000,20272005,22766352
"dgp3",5,6,27,25,2000,20272005,22766353
"dgp3",5,6,28,25,2000,20272005,22766354
"dgp3",5,6,29,25,2000,20272005,22766355
"dgp3",5,6,30,25,2000,20272005,22766356
"dgp3",5,6,31,25,2000,20272005,22766357
"dgp3",5,6,32,25,2000,20272005,22766358
"dgp3",5,6,33,25,2000,20272005,22766359
"dgp3",5,6,34,25,2000,20272005,22766360
"dgp3",5,6,35,25,2000,20272005,22766361
"dgp3",5,6,36,25,2000,20272005,22766362
"dgp3",5,6,37,25,2000,20272005,22766363
"dgp3",5,6,38,25,2000,20272005,22766364
"dgp3",5,6,39,25,2000,20272005,22766365
"dgp3",5,6,40,25,2000,20272005,22766366
"dgp3",5,6,41,25,2000,20272005,22766367
"dgp3",5,6,42,25,2000,20272005,22766368
"dgp3",5,6,43,25,2000,20272005,22766369
"dgp3",5,6,44,25,2000,20272005,22766370
"dgp3",5,6,45,25,2000,20272005,22766371
"dgp3",5,6,46,25,2000,20272005,22766372
"dgp3",5,6,47,25,2000,20272005,22766373
"dgp3",5,6,48,25,2000,20272005,22766374
"dgp3",5,6,49,25,2000,20272005,22766375
"dgp3",5,6,50,25,2000,20272005,22766376
"dgp3",5,6,51,25,2000,20272005,22766377
"dgp3",5,6,52,25,2000,20272005,22766378
"dgp3",5,6,53,25,2000,20272005,22766379
"dgp3",5,6,54,25,2000,20272005,22766380
"dgp3",5,6,55,25,2000,20272005,22766381
"dgp3",5,6,56,25,2000,20272005,22766382
"dgp3",5,6,57,25,2000,20272005,22766383
"dgp3",5,6,58,25,2000,20272005,22766384
"dgp3",5,6,59,25,2000,20272005,22766385
"dgp3",5,6,60,25,2000,20272005,22766386
"dgp3",5,6,61,25,2000,20272005,22766387
"dgp3",5,6,62,25,2000,20272005,22766388
"dgp3",5,6,63,25,2000,20272005,22766389
"dgp3",5,6,64,25,2000,20272005,22766390
"dgp3",5,6,65,25,2000,20272005,22766391
"dgp3",5,6,66,25,2000,20272005,22766392
"dgp3",5,6,67,25,2000,20272005,22766393
"dgp3",5,6,68,25,2000,20272005,22766394
"dgp3",5,6,69,25,2000,20272005,22766395
"dgp3",5,6,70,25,2000,20272005,22766396
"dgp3",5,6,71,25,2000,20272005,22766397
"dgp3",5,6,72,25,2000,20272005,22766398
"dgp3",5,6,73,25,2000,20272005,22766399
"dgp3",5,6,74,25,2000,20272005,22766400
"dgp3",5,6,75,25,2000,20272005,22766401
"dgp3",5,6,76,25,2000,20272005,22766402
"dgp3",5,6,77,25,2000,20272005,22766403
"dgp3",5,6,78,25,2000,20272005,22766404
"dgp3",5,6,79,25,2000,20272005,22766405
"dgp3",5,6,80,25,2000,20272005,22766406
"dgp3",5,6,81,25,2000,20272005,22766407
"dgp3",5,6,82,25,2000,20272005,22766408
"dgp3",5,6,83,25,2000,20272005,22766409
"dgp3",5,6,84,25,2000,20272005,22766410
"dgp3",5,6,85,25,2000,20272005,22766411
"dgp3",5,6,86,25,2000,20272005,22766412
"dgp3",5,6,87,25,2000,20272005,22766413
"dgp3",5,6,88,25,2000,20272005,22766414
"dgp3",5,6,89,25,2000,20272005,22766415
"dgp3",5,6,90,25,2000,20272005,22766416
"dgp3",5,6,91,25,2000,20272005,22766417
"dgp3",5,6,92,25,2000,20272005,22766418
"dgp3",5,6,93,25,2000,20272005,22766419
"dgp3",5,6,94,25,2000,20272005,22766420
"dgp3",5,6,95,25,2000,20272005,22766421
"dgp3",5,6,96,25,2000,20272005,22766422
"dgp3",5,6,97,25,2000,20272005,22766423
"dgp3",5,6,98,25,2000,20272005,22766424
"dgp3",5,6,99,25,2000,20272005,22766425
"dgp3",5,6,100,25,2000,20272005,22766426
"dgp3",6,1,1,30,100,20272006,22861327
"dgp3",6,1,2,30,100,20272006,22861328
"dgp3",6,1,3,30,100,20272006,22861329
"dgp3",6,1,4,30,100,20272006,22861330
"dgp3",6,1,5,30,100,20272006,22861331
"dgp3",6,1,6,30,100,20272006,22861332
"dgp3",6,1,7,30,100,20272006,22861333
"dgp3",6,1,8,30,100,20272006,22861334
"dgp3",6,1,9,30,100,20272006,22861335
"dgp3",6,1,10,30,100,20272006,22861336
"dgp3",6,1,11,30,100,20272006,22861337
"dgp3",6,1,12,30,100,20272006,22861338
"dgp3",6,1,13,30,100,20272006,22861339
"dgp3",6,1,14,30,100,20272006,22861340
"dgp3",6,1,15,30,100,20272006,22861341
"dgp3",6,1,16,30,100,20272006,22861342
"dgp3",6,1,17,30,100,20272006,22861343
"dgp3",6,1,18,30,100,20272006,22861344
"dgp3",6,1,19,30,100,20272006,22861345
"dgp3",6,1,20,30,100,20272006,22861346
"dgp3",6,1,21,30,100,20272006,22861347
"dgp3",6,1,22,30,100,20272006,22861348
"dgp3",6,1,23,30,100,20272006,22861349
"dgp3",6,1,24,30,100,20272006,22861350
"dgp3",6,1,25,30,100,20272006,22861351
"dgp3",6,1,26,30,100,20272006,22861352
"dgp3",6,1,27,30,100,20272006,22861353
"dgp3",6,1,28,30,100,20272006,22861354
"dgp3",6,1,29,30,100,20272006,22861355
"dgp3",6,1,30,30,100,20272006,22861356
"dgp3",6,1,31,30,100,20272006,22861357
"dgp3",6,1,32,30,100,20272006,22861358
"dgp3",6,1,33,30,100,20272006,22861359
"dgp3",6,1,34,30,100,20272006,22861360
"dgp3",6,1,35,30,100,20272006,22861361
"dgp3",6,1,36,30,100,20272006,22861362
"dgp3",6,1,37,30,100,20272006,22861363
"dgp3",6,1,38,30,100,20272006,22861364
"dgp3",6,1,39,30,100,20272006,22861365
"dgp3",6,1,40,30,100,20272006,22861366
"dgp3",6,1,41,30,100,20272006,22861367
"dgp3",6,1,42,30,100,20272006,22861368
"dgp3",6,1,43,30,100,20272006,22861369
"dgp3",6,1,44,30,100,20272006,22861370
"dgp3",6,1,45,30,100,20272006,22861371
"dgp3",6,1,46,30,100,20272006,22861372
"dgp3",6,1,47,30,100,20272006,22861373
"dgp3",6,1,48,30,100,20272006,22861374
"dgp3",6,1,49,30,100,20272006,22861375
"dgp3",6,1,50,30,100,20272006,22861376
"dgp3",6,1,51,30,100,20272006,22861377
"dgp3",6,1,52,30,100,20272006,22861378
"dgp3",6,1,53,30,100,20272006,22861379
"dgp3",6,1,54,30,100,20272006,22861380
"dgp3",6,1,55,30,100,20272006,22861381
"dgp3",6,1,56,30,100,20272006,22861382
"dgp3",6,1,57,30,100,20272006,22861383
"dgp3",6,1,58,30,100,20272006,22861384
"dgp3",6,1,59,30,100,20272006,22861385
"dgp3",6,1,60,30,100,20272006,22861386
"dgp3",6,1,61,30,100,20272006,22861387
"dgp3",6,1,62,30,100,20272006,22861388
"dgp3",6,1,63,30,100,20272006,22861389
"dgp3",6,1,64,30,100,20272006,22861390
"dgp3",6,1,65,30,100,20272006,22861391
"dgp3",6,1,66,30,100,20272006,22861392
"dgp3",6,1,67,30,100,20272006,22861393
"dgp3",6,1,68,30,100,20272006,22861394
"dgp3",6,1,69,30,100,20272006,22861395
"dgp3",6,1,70,30,100,20272006,22861396
"dgp3",6,1,71,30,100,20272006,22861397
"dgp3",6,1,72,30,100,20272006,22861398
"dgp3",6,1,73,30,100,20272006,22861399
"dgp3",6,1,74,30,100,20272006,22861400
"dgp3",6,1,75,30,100,20272006,22861401
"dgp3",6,1,76,30,100,20272006,22861402
"dgp3",6,1,77,30,100,20272006,22861403
"dgp3",6,1,78,30,100,20272006,22861404
"dgp3",6,1,79,30,100,20272006,22861405
"dgp3",6,1,80,30,100,20272006,22861406
"dgp3",6,1,81,30,100,20272006,22861407
"dgp3",6,1,82,30,100,20272006,22861408
"dgp3",6,1,83,30,100,20272006,22861409
"dgp3",6,1,84,30,100,20272006,22861410
"dgp3",6,1,85,30,100,20272006,22861411
"dgp3",6,1,86,30,100,20272006,22861412
"dgp3",6,1,87,30,100,20272006,22861413
"dgp3",6,1,88,30,100,20272006,22861414
"dgp3",6,1,89,30,100,20272006,22861415
"dgp3",6,1,90,30,100,20272006,22861416
"dgp3",6,1,91,30,100,20272006,22861417
"dgp3",6,1,92,30,100,20272006,22861418
"dgp3",6,1,93,30,100,20272006,22861419
"dgp3",6,1,94,30,100,20272006,22861420
"dgp3",6,1,95,30,100,20272006,22861421
"dgp3",6,1,96,30,100,20272006,22861422
"dgp3",6,1,97,30,100,20272006,22861423
"dgp3",6,1,98,30,100,20272006,22861424
"dgp3",6,1,99,30,100,20272006,22861425
"dgp3",6,1,100,30,100,20272006,22861426
"dgp3",6,2,1,30,200,20272006,22862327
"dgp3",6,2,2,30,200,20272006,22862328
"dgp3",6,2,3,30,200,20272006,22862329
"dgp3",6,2,4,30,200,20272006,22862330
"dgp3",6,2,5,30,200,20272006,22862331
"dgp3",6,2,6,30,200,20272006,22862332
"dgp3",6,2,7,30,200,20272006,22862333
"dgp3",6,2,8,30,200,20272006,22862334
"dgp3",6,2,9,30,200,20272006,22862335
"dgp3",6,2,10,30,200,20272006,22862336
"dgp3",6,2,11,30,200,20272006,22862337
"dgp3",6,2,12,30,200,20272006,22862338
"dgp3",6,2,13,30,200,20272006,22862339
"dgp3",6,2,14,30,200,20272006,22862340
"dgp3",6,2,15,30,200,20272006,22862341
"dgp3",6,2,16,30,200,20272006,22862342
"dgp3",6,2,17,30,200,20272006,22862343
"dgp3",6,2,18,30,200,20272006,22862344
"dgp3",6,2,19,30,200,20272006,22862345
"dgp3",6,2,20,30,200,20272006,22862346
"dgp3",6,2,21,30,200,20272006,22862347
"dgp3",6,2,22,30,200,20272006,22862348
"dgp3",6,2,23,30,200,20272006,22862349
"dgp3",6,2,24,30,200,20272006,22862350
"dgp3",6,2,25,30,200,20272006,22862351
"dgp3",6,2,26,30,200,20272006,22862352
"dgp3",6,2,27,30,200,20272006,22862353
"dgp3",6,2,28,30,200,20272006,22862354
"dgp3",6,2,29,30,200,20272006,22862355
"dgp3",6,2,30,30,200,20272006,22862356
"dgp3",6,2,31,30,200,20272006,22862357
"dgp3",6,2,32,30,200,20272006,22862358
"dgp3",6,2,33,30,200,20272006,22862359
"dgp3",6,2,34,30,200,20272006,22862360
"dgp3",6,2,35,30,200,20272006,22862361
"dgp3",6,2,36,30,200,20272006,22862362
"dgp3",6,2,37,30,200,20272006,22862363
"dgp3",6,2,38,30,200,20272006,22862364
"dgp3",6,2,39,30,200,20272006,22862365
"dgp3",6,2,40,30,200,20272006,22862366
"dgp3",6,2,41,30,200,20272006,22862367
"dgp3",6,2,42,30,200,20272006,22862368
"dgp3",6,2,43,30,200,20272006,22862369
"dgp3",6,2,44,30,200,20272006,22862370
"dgp3",6,2,45,30,200,20272006,22862371
"dgp3",6,2,46,30,200,20272006,22862372
"dgp3",6,2,47,30,200,20272006,22862373
"dgp3",6,2,48,30,200,20272006,22862374
"dgp3",6,2,49,30,200,20272006,22862375
"dgp3",6,2,50,30,200,20272006,22862376
"dgp3",6,2,51,30,200,20272006,22862377
"dgp3",6,2,52,30,200,20272006,22862378
"dgp3",6,2,53,30,200,20272006,22862379
"dgp3",6,2,54,30,200,20272006,22862380
"dgp3",6,2,55,30,200,20272006,22862381
"dgp3",6,2,56,30,200,20272006,22862382
"dgp3",6,2,57,30,200,20272006,22862383
"dgp3",6,2,58,30,200,20272006,22862384
"dgp3",6,2,59,30,200,20272006,22862385
"dgp3",6,2,60,30,200,20272006,22862386
"dgp3",6,2,61,30,200,20272006,22862387
"dgp3",6,2,62,30,200,20272006,22862388
"dgp3",6,2,63,30,200,20272006,22862389
"dgp3",6,2,64,30,200,20272006,22862390
"dgp3",6,2,65,30,200,20272006,22862391
"dgp3",6,2,66,30,200,20272006,22862392
"dgp3",6,2,67,30,200,20272006,22862393
"dgp3",6,2,68,30,200,20272006,22862394
"dgp3",6,2,69,30,200,20272006,22862395
"dgp3",6,2,70,30,200,20272006,22862396
"dgp3",6,2,71,30,200,20272006,22862397
"dgp3",6,2,72,30,200,20272006,22862398
"dgp3",6,2,73,30,200,20272006,22862399
"dgp3",6,2,74,30,200,20272006,22862400
"dgp3",6,2,75,30,200,20272006,22862401
"dgp3",6,2,76,30,200,20272006,22862402
"dgp3",6,2,77,30,200,20272006,22862403
"dgp3",6,2,78,30,200,20272006,22862404
"dgp3",6,2,79,30,200,20272006,22862405
"dgp3",6,2,80,30,200,20272006,22862406
"dgp3",6,2,81,30,200,20272006,22862407
"dgp3",6,2,82,30,200,20272006,22862408
"dgp3",6,2,83,30,200,20272006,22862409
"dgp3",6,2,84,30,200,20272006,22862410
"dgp3",6,2,85,30,200,20272006,22862411
"dgp3",6,2,86,30,200,20272006,22862412
"dgp3",6,2,87,30,200,20272006,22862413
"dgp3",6,2,88,30,200,20272006,22862414
"dgp3",6,2,89,30,200,20272006,22862415
"dgp3",6,2,90,30,200,20272006,22862416
"dgp3",6,2,91,30,200,20272006,22862417
"dgp3",6,2,92,30,200,20272006,22862418
"dgp3",6,2,93,30,200,20272006,22862419
"dgp3",6,2,94,30,200,20272006,22862420
"dgp3",6,2,95,30,200,20272006,22862421
"dgp3",6,2,96,30,200,20272006,22862422
"dgp3",6,2,97,30,200,20272006,22862423
"dgp3",6,2,98,30,200,20272006,22862424
"dgp3",6,2,99,30,200,20272006,22862425
"dgp3",6,2,100,30,200,20272006,22862426
"dgp3",6,3,1,30,300,20272006,22863327
"dgp3",6,3,2,30,300,20272006,22863328
"dgp3",6,3,3,30,300,20272006,22863329
"dgp3",6,3,4,30,300,20272006,22863330
"dgp3",6,3,5,30,300,20272006,22863331
"dgp3",6,3,6,30,300,20272006,22863332
"dgp3",6,3,7,30,300,20272006,22863333
"dgp3",6,3,8,30,300,20272006,22863334
"dgp3",6,3,9,30,300,20272006,22863335
"dgp3",6,3,10,30,300,20272006,22863336
"dgp3",6,3,11,30,300,20272006,22863337
"dgp3",6,3,12,30,300,20272006,22863338
"dgp3",6,3,13,30,300,20272006,22863339
"dgp3",6,3,14,30,300,20272006,22863340
"dgp3",6,3,15,30,300,20272006,22863341
"dgp3",6,3,16,30,300,20272006,22863342
"dgp3",6,3,17,30,300,20272006,22863343
"dgp3",6,3,18,30,300,20272006,22863344
"dgp3",6,3,19,30,300,20272006,22863345
"dgp3",6,3,20,30,300,20272006,22863346
"dgp3",6,3,21,30,300,20272006,22863347
"dgp3",6,3,22,30,300,20272006,22863348
"dgp3",6,3,23,30,300,20272006,22863349
"dgp3",6,3,24,30,300,20272006,22863350
"dgp3",6,3,25,30,300,20272006,22863351
"dgp3",6,3,26,30,300,20272006,22863352
"dgp3",6,3,27,30,300,20272006,22863353
"dgp3",6,3,28,30,300,20272006,22863354
"dgp3",6,3,29,30,300,20272006,22863355
"dgp3",6,3,30,30,300,20272006,22863356
"dgp3",6,3,31,30,300,20272006,22863357
"dgp3",6,3,32,30,300,20272006,22863358
"dgp3",6,3,33,30,300,20272006,22863359
"dgp3",6,3,34,30,300,20272006,22863360
"dgp3",6,3,35,30,300,20272006,22863361
"dgp3",6,3,36,30,300,20272006,22863362
"dgp3",6,3,37,30,300,20272006,22863363
"dgp3",6,3,38,30,300,20272006,22863364
"dgp3",6,3,39,30,300,20272006,22863365
"dgp3",6,3,40,30,300,20272006,22863366
"dgp3",6,3,41,30,300,20272006,22863367
"dgp3",6,3,42,30,300,20272006,22863368
"dgp3",6,3,43,30,300,20272006,22863369
"dgp3",6,3,44,30,300,20272006,22863370
"dgp3",6,3,45,30,300,20272006,22863371
"dgp3",6,3,46,30,300,20272006,22863372
"dgp3",6,3,47,30,300,20272006,22863373
"dgp3",6,3,48,30,300,20272006,22863374
"dgp3",6,3,49,30,300,20272006,22863375
"dgp3",6,3,50,30,300,20272006,22863376
"dgp3",6,3,51,30,300,20272006,22863377
"dgp3",6,3,52,30,300,20272006,22863378
"dgp3",6,3,53,30,300,20272006,22863379
"dgp3",6,3,54,30,300,20272006,22863380
"dgp3",6,3,55,30,300,20272006,22863381
"dgp3",6,3,56,30,300,20272006,22863382
"dgp3",6,3,57,30,300,20272006,22863383
"dgp3",6,3,58,30,300,20272006,22863384
"dgp3",6,3,59,30,300,20272006,22863385
"dgp3",6,3,60,30,300,20272006,22863386
"dgp3",6,3,61,30,300,20272006,22863387
"dgp3",6,3,62,30,300,20272006,22863388
"dgp3",6,3,63,30,300,20272006,22863389
"dgp3",6,3,64,30,300,20272006,22863390
"dgp3",6,3,65,30,300,20272006,22863391
"dgp3",6,3,66,30,300,20272006,22863392
"dgp3",6,3,67,30,300,20272006,22863393
"dgp3",6,3,68,30,300,20272006,22863394
"dgp3",6,3,69,30,300,20272006,22863395
"dgp3",6,3,70,30,300,20272006,22863396
"dgp3",6,3,71,30,300,20272006,22863397
"dgp3",6,3,72,30,300,20272006,22863398
"dgp3",6,3,73,30,300,20272006,22863399
"dgp3",6,3,74,30,300,20272006,22863400
"dgp3",6,3,75,30,300,20272006,22863401
"dgp3",6,3,76,30,300,20272006,22863402
"dgp3",6,3,77,30,300,20272006,22863403
"dgp3",6,3,78,30,300,20272006,22863404
"dgp3",6,3,79,30,300,20272006,22863405
"dgp3",6,3,80,30,300,20272006,22863406
"dgp3",6,3,81,30,300,20272006,22863407
"dgp3",6,3,82,30,300,20272006,22863408
"dgp3",6,3,83,30,300,20272006,22863409
"dgp3",6,3,84,30,300,20272006,22863410
"dgp3",6,3,85,30,300,20272006,22863411
"dgp3",6,3,86,30,300,20272006,22863412
"dgp3",6,3,87,30,300,20272006,22863413
"dgp3",6,3,88,30,300,20272006,22863414
"dgp3",6,3,89,30,300,20272006,22863415
"dgp3",6,3,90,30,300,20272006,22863416
"dgp3",6,3,91,30,300,20272006,22863417
"dgp3",6,3,92,30,300,20272006,22863418
"dgp3",6,3,93,30,300,20272006,22863419
"dgp3",6,3,94,30,300,20272006,22863420
"dgp3",6,3,95,30,300,20272006,22863421
"dgp3",6,3,96,30,300,20272006,22863422
"dgp3",6,3,97,30,300,20272006,22863423
"dgp3",6,3,98,30,300,20272006,22863424
"dgp3",6,3,99,30,300,20272006,22863425
"dgp3",6,3,100,30,300,20272006,22863426
"dgp3",6,4,1,30,500,20272006,22864327
"dgp3",6,4,2,30,500,20272006,22864328
"dgp3",6,4,3,30,500,20272006,22864329
"dgp3",6,4,4,30,500,20272006,22864330
"dgp3",6,4,5,30,500,20272006,22864331
"dgp3",6,4,6,30,500,20272006,22864332
"dgp3",6,4,7,30,500,20272006,22864333
"dgp3",6,4,8,30,500,20272006,22864334
"dgp3",6,4,9,30,500,20272006,22864335
"dgp3",6,4,10,30,500,20272006,22864336
"dgp3",6,4,11,30,500,20272006,22864337
"dgp3",6,4,12,30,500,20272006,22864338
"dgp3",6,4,13,30,500,20272006,22864339
"dgp3",6,4,14,30,500,20272006,22864340
"dgp3",6,4,15,30,500,20272006,22864341
"dgp3",6,4,16,30,500,20272006,22864342
"dgp3",6,4,17,30,500,20272006,22864343
"dgp3",6,4,18,30,500,20272006,22864344
"dgp3",6,4,19,30,500,20272006,22864345
"dgp3",6,4,20,30,500,20272006,22864346
"dgp3",6,4,21,30,500,20272006,22864347
"dgp3",6,4,22,30,500,20272006,22864348
"dgp3",6,4,23,30,500,20272006,22864349
"dgp3",6,4,24,30,500,20272006,22864350
"dgp3",6,4,25,30,500,20272006,22864351
"dgp3",6,4,26,30,500,20272006,22864352
"dgp3",6,4,27,30,500,20272006,22864353
"dgp3",6,4,28,30,500,20272006,22864354
"dgp3",6,4,29,30,500,20272006,22864355
"dgp3",6,4,30,30,500,20272006,22864356
"dgp3",6,4,31,30,500,20272006,22864357
"dgp3",6,4,32,30,500,20272006,22864358
"dgp3",6,4,33,30,500,20272006,22864359
"dgp3",6,4,34,30,500,20272006,22864360
"dgp3",6,4,35,30,500,20272006,22864361
"dgp3",6,4,36,30,500,20272006,22864362
"dgp3",6,4,37,30,500,20272006,22864363
"dgp3",6,4,38,30,500,20272006,22864364
"dgp3",6,4,39,30,500,20272006,22864365
"dgp3",6,4,40,30,500,20272006,22864366
"dgp3",6,4,41,30,500,20272006,22864367
"dgp3",6,4,42,30,500,20272006,22864368
"dgp3",6,4,43,30,500,20272006,22864369
"dgp3",6,4,44,30,500,20272006,22864370
"dgp3",6,4,45,30,500,20272006,22864371
"dgp3",6,4,46,30,500,20272006,22864372
"dgp3",6,4,47,30,500,20272006,22864373
"dgp3",6,4,48,30,500,20272006,22864374
"dgp3",6,4,49,30,500,20272006,22864375
"dgp3",6,4,50,30,500,20272006,22864376
"dgp3",6,4,51,30,500,20272006,22864377
"dgp3",6,4,52,30,500,20272006,22864378
"dgp3",6,4,53,30,500,20272006,22864379
"dgp3",6,4,54,30,500,20272006,22864380
"dgp3",6,4,55,30,500,20272006,22864381
"dgp3",6,4,56,30,500,20272006,22864382
"dgp3",6,4,57,30,500,20272006,22864383
"dgp3",6,4,58,30,500,20272006,22864384
"dgp3",6,4,59,30,500,20272006,22864385
"dgp3",6,4,60,30,500,20272006,22864386
"dgp3",6,4,61,30,500,20272006,22864387
"dgp3",6,4,62,30,500,20272006,22864388
"dgp3",6,4,63,30,500,20272006,22864389
"dgp3",6,4,64,30,500,20272006,22864390
"dgp3",6,4,65,30,500,20272006,22864391
"dgp3",6,4,66,30,500,20272006,22864392
"dgp3",6,4,67,30,500,20272006,22864393
"dgp3",6,4,68,30,500,20272006,22864394
"dgp3",6,4,69,30,500,20272006,22864395
"dgp3",6,4,70,30,500,20272006,22864396
"dgp3",6,4,71,30,500,20272006,22864397
"dgp3",6,4,72,30,500,20272006,22864398
"dgp3",6,4,73,30,500,20272006,22864399
"dgp3",6,4,74,30,500,20272006,22864400
"dgp3",6,4,75,30,500,20272006,22864401
"dgp3",6,4,76,30,500,20272006,22864402
"dgp3",6,4,77,30,500,20272006,22864403
"dgp3",6,4,78,30,500,20272006,22864404
"dgp3",6,4,79,30,500,20272006,22864405
"dgp3",6,4,80,30,500,20272006,22864406
"dgp3",6,4,81,30,500,20272006,22864407
"dgp3",6,4,82,30,500,20272006,22864408
"dgp3",6,4,83,30,500,20272006,22864409
"dgp3",6,4,84,30,500,20272006,22864410
"dgp3",6,4,85,30,500,20272006,22864411
"dgp3",6,4,86,30,500,20272006,22864412
"dgp3",6,4,87,30,500,20272006,22864413
"dgp3",6,4,88,30,500,20272006,22864414
"dgp3",6,4,89,30,500,20272006,22864415
"dgp3",6,4,90,30,500,20272006,22864416
"dgp3",6,4,91,30,500,20272006,22864417
"dgp3",6,4,92,30,500,20272006,22864418
"dgp3",6,4,93,30,500,20272006,22864419
"dgp3",6,4,94,30,500,20272006,22864420
"dgp3",6,4,95,30,500,20272006,22864421
"dgp3",6,4,96,30,500,20272006,22864422
"dgp3",6,4,97,30,500,20272006,22864423
"dgp3",6,4,98,30,500,20272006,22864424
"dgp3",6,4,99,30,500,20272006,22864425
"dgp3",6,4,100,30,500,20272006,22864426
"dgp3",6,5,1,30,1000,20272006,22865327
"dgp3",6,5,2,30,1000,20272006,22865328
"dgp3",6,5,3,30,1000,20272006,22865329
"dgp3",6,5,4,30,1000,20272006,22865330
"dgp3",6,5,5,30,1000,20272006,22865331
"dgp3",6,5,6,30,1000,20272006,22865332
"dgp3",6,5,7,30,1000,20272006,22865333
"dgp3",6,5,8,30,1000,20272006,22865334
"dgp3",6,5,9,30,1000,20272006,22865335
"dgp3",6,5,10,30,1000,20272006,22865336
"dgp3",6,5,11,30,1000,20272006,22865337
"dgp3",6,5,12,30,1000,20272006,22865338
"dgp3",6,5,13,30,1000,20272006,22865339
"dgp3",6,5,14,30,1000,20272006,22865340
"dgp3",6,5,15,30,1000,20272006,22865341
"dgp3",6,5,16,30,1000,20272006,22865342
"dgp3",6,5,17,30,1000,20272006,22865343
"dgp3",6,5,18,30,1000,20272006,22865344
"dgp3",6,5,19,30,1000,20272006,22865345
"dgp3",6,5,20,30,1000,20272006,22865346
"dgp3",6,5,21,30,1000,20272006,22865347
"dgp3",6,5,22,30,1000,20272006,22865348
"dgp3",6,5,23,30,1000,20272006,22865349
"dgp3",6,5,24,30,1000,20272006,22865350
"dgp3",6,5,25,30,1000,20272006,22865351
"dgp3",6,5,26,30,1000,20272006,22865352
"dgp3",6,5,27,30,1000,20272006,22865353
"dgp3",6,5,28,30,1000,20272006,22865354
"dgp3",6,5,29,30,1000,20272006,22865355
"dgp3",6,5,30,30,1000,20272006,22865356
"dgp3",6,5,31,30,1000,20272006,22865357
"dgp3",6,5,32,30,1000,20272006,22865358
"dgp3",6,5,33,30,1000,20272006,22865359
"dgp3",6,5,34,30,1000,20272006,22865360
"dgp3",6,5,35,30,1000,20272006,22865361
"dgp3",6,5,36,30,1000,20272006,22865362
"dgp3",6,5,37,30,1000,20272006,22865363
"dgp3",6,5,38,30,1000,20272006,22865364
"dgp3",6,5,39,30,1000,20272006,22865365
"dgp3",6,5,40,30,1000,20272006,22865366
"dgp3",6,5,41,30,1000,20272006,22865367
"dgp3",6,5,42,30,1000,20272006,22865368
"dgp3",6,5,43,30,1000,20272006,22865369
"dgp3",6,5,44,30,1000,20272006,22865370
"dgp3",6,5,45,30,1000,20272006,22865371
"dgp3",6,5,46,30,1000,20272006,22865372
"dgp3",6,5,47,30,1000,20272006,22865373
"dgp3",6,5,48,30,1000,20272006,22865374
"dgp3",6,5,49,30,1000,20272006,22865375
"dgp3",6,5,50,30,1000,20272006,22865376
"dgp3",6,5,51,30,1000,20272006,22865377
"dgp3",6,5,52,30,1000,20272006,22865378
"dgp3",6,5,53,30,1000,20272006,22865379
"dgp3",6,5,54,30,1000,20272006,22865380
"dgp3",6,5,55,30,1000,20272006,22865381
"dgp3",6,5,56,30,1000,20272006,22865382
"dgp3",6,5,57,30,1000,20272006,22865383
"dgp3",6,5,58,30,1000,20272006,22865384
"dgp3",6,5,59,30,1000,20272006,22865385
"dgp3",6,5,60,30,1000,20272006,22865386
"dgp3",6,5,61,30,1000,20272006,22865387
"dgp3",6,5,62,30,1000,20272006,22865388
"dgp3",6,5,63,30,1000,20272006,22865389
"dgp3",6,5,64,30,1000,20272006,22865390
"dgp3",6,5,65,30,1000,20272006,22865391
"dgp3",6,5,66,30,1000,20272006,22865392
"dgp3",6,5,67,30,1000,20272006,22865393
"dgp3",6,5,68,30,1000,20272006,22865394
"dgp3",6,5,69,30,1000,20272006,22865395
"dgp3",6,5,70,30,1000,20272006,22865396
"dgp3",6,5,71,30,1000,20272006,22865397
"dgp3",6,5,72,30,1000,20272006,22865398
"dgp3",6,5,73,30,1000,20272006,22865399
"dgp3",6,5,74,30,1000,20272006,22865400
"dgp3",6,5,75,30,1000,20272006,22865401
"dgp3",6,5,76,30,1000,20272006,22865402
"dgp3",6,5,77,30,1000,20272006,22865403
"dgp3",6,5,78,30,1000,20272006,22865404
"dgp3",6,5,79,30,1000,20272006,22865405
"dgp3",6,5,80,30,1000,20272006,22865406
"dgp3",6,5,81,30,1000,20272006,22865407
"dgp3",6,5,82,30,1000,20272006,22865408
"dgp3",6,5,83,30,1000,20272006,22865409
"dgp3",6,5,84,30,1000,20272006,22865410
"dgp3",6,5,85,30,1000,20272006,22865411
"dgp3",6,5,86,30,1000,20272006,22865412
"dgp3",6,5,87,30,1000,20272006,22865413
"dgp3",6,5,88,30,1000,20272006,22865414
"dgp3",6,5,89,30,1000,20272006,22865415
"dgp3",6,5,90,30,1000,20272006,22865416
"dgp3",6,5,91,30,1000,20272006,22865417
"dgp3",6,5,92,30,1000,20272006,22865418
"dgp3",6,5,93,30,1000,20272006,22865419
"dgp3",6,5,94,30,1000,20272006,22865420
"dgp3",6,5,95,30,1000,20272006,22865421
"dgp3",6,5,96,30,1000,20272006,22865422
"dgp3",6,5,97,30,1000,20272006,22865423
"dgp3",6,5,98,30,1000,20272006,22865424
"dgp3",6,5,99,30,1000,20272006,22865425
"dgp3",6,5,100,30,1000,20272006,22865426
"dgp3",6,6,1,30,2000,20272006,22866327
"dgp3",6,6,2,30,2000,20272006,22866328
"dgp3",6,6,3,30,2000,20272006,22866329
"dgp3",6,6,4,30,2000,20272006,22866330
"dgp3",6,6,5,30,2000,20272006,22866331
"dgp3",6,6,6,30,2000,20272006,22866332
"dgp3",6,6,7,30,2000,20272006,22866333
"dgp3",6,6,8,30,2000,20272006,22866334
"dgp3",6,6,9,30,2000,20272006,22866335
"dgp3",6,6,10,30,2000,20272006,22866336
"dgp3",6,6,11,30,2000,20272006,22866337
"dgp3",6,6,12,30,2000,20272006,22866338
"dgp3",6,6,13,30,2000,20272006,22866339
"dgp3",6,6,14,30,2000,20272006,22866340
"dgp3",6,6,15,30,2000,20272006,22866341
"dgp3",6,6,16,30,2000,20272006,22866342
"dgp3",6,6,17,30,2000,20272006,22866343
"dgp3",6,6,18,30,2000,20272006,22866344
"dgp3",6,6,19,30,2000,20272006,22866345
"dgp3",6,6,20,30,2000,20272006,22866346
"dgp3",6,6,21,30,2000,20272006,22866347
"dgp3",6,6,22,30,2000,20272006,22866348
"dgp3",6,6,23,30,2000,20272006,22866349
"dgp3",6,6,24,30,2000,20272006,22866350
"dgp3",6,6,25,30,2000,20272006,22866351
"dgp3",6,6,26,30,2000,20272006,22866352
"dgp3",6,6,27,30,2000,20272006,22866353
"dgp3",6,6,28,30,2000,20272006,22866354
"dgp3",6,6,29,30,2000,20272006,22866355
"dgp3",6,6,30,30,2000,20272006,22866356
"dgp3",6,6,31,30,2000,20272006,22866357
"dgp3",6,6,32,30,2000,20272006,22866358
"dgp3",6,6,33,30,2000,20272006,22866359
"dgp3",6,6,34,30,2000,20272006,22866360
"dgp3",6,6,35,30,2000,20272006,22866361
"dgp3",6,6,36,30,2000,20272006,22866362
"dgp3",6,6,37,30,2000,20272006,22866363
"dgp3",6,6,38,30,2000,20272006,22866364
"dgp3",6,6,39,30,2000,20272006,22866365
"dgp3",6,6,40,30,2000,20272006,22866366
"dgp3",6,6,41,30,2000,20272006,22866367
"dgp3",6,6,42,30,2000,20272006,22866368
"dgp3",6,6,43,30,2000,20272006,22866369
"dgp3",6,6,44,30,2000,20272006,22866370
"dgp3",6,6,45,30,2000,20272006,22866371
"dgp3",6,6,46,30,2000,20272006,22866372
"dgp3",6,6,47,30,2000,20272006,22866373
"dgp3",6,6,48,30,2000,20272006,22866374
"dgp3",6,6,49,30,2000,20272006,22866375
"dgp3",6,6,50,30,2000,20272006,22866376
"dgp3",6,6,51,30,2000,20272006,22866377
"dgp3",6,6,52,30,2000,20272006,22866378
"dgp3",6,6,53,30,2000,20272006,22866379
"dgp3",6,6,54,30,2000,20272006,22866380
"dgp3",6,6,55,30,2000,20272006,22866381
"dgp3",6,6,56,30,2000,20272006,22866382
"dgp3",6,6,57,30,2000,20272006,22866383
"dgp3",6,6,58,30,2000,20272006,22866384
"dgp3",6,6,59,30,2000,20272006,22866385
"dgp3",6,6,60,30,2000,20272006,22866386
"dgp3",6,6,61,30,2000,20272006,22866387
"dgp3",6,6,62,30,2000,20272006,22866388
"dgp3",6,6,63,30,2000,20272006,22866389
"dgp3",6,6,64,30,2000,20272006,22866390
"dgp3",6,6,65,30,2000,20272006,22866391
"dgp3",6,6,66,30,2000,20272006,22866392
"dgp3",6,6,67,30,2000,20272006,22866393
"dgp3",6,6,68,30,2000,20272006,22866394
"dgp3",6,6,69,30,2000,20272006,22866395
"dgp3",6,6,70,30,2000,20272006,22866396
"dgp3",6,6,71,30,2000,20272006,22866397
"dgp3",6,6,72,30,2000,20272006,22866398
"dgp3",6,6,73,30,2000,20272006,22866399
"dgp3",6,6,74,30,2000,20272006,22866400
"dgp3",6,6,75,30,2000,20272006,22866401
"dgp3",6,6,76,30,2000,20272006,22866402
"dgp3",6,6,77,30,2000,20272006,22866403
"dgp3",6,6,78,30,2000,20272006,22866404
"dgp3",6,6,79,30,2000,20272006,22866405
"dgp3",6,6,80,30,2000,20272006,22866406
"dgp3",6,6,81,30,2000,20272006,22866407
"dgp3",6,6,82,30,2000,20272006,22866408
"dgp3",6,6,83,30,2000,20272006,22866409
"dgp3",6,6,84,30,2000,20272006,22866410
"dgp3",6,6,85,30,2000,20272006,22866411
"dgp3",6,6,86,30,2000,20272006,22866412
"dgp3",6,6,87,30,2000,20272006,22866413
"dgp3",6,6,88,30,2000,20272006,22866414
"dgp3",6,6,89,30,2000,20272006,22866415
"dgp3",6,6,90,30,2000,20272006,22866416
"dgp3",6,6,91,30,2000,20272006,22866417
"dgp3",6,6,92,30,2000,20272006,22866418
"dgp3",6,6,93,30,2000,20272006,22866419
"dgp3",6,6,94,30,2000,20272006,22866420
"dgp3",6,6,95,30,2000,20272006,22866421
"dgp3",6,6,96,30,2000,20272006,22866422
"dgp3",6,6,97,30,2000,20272006,22866423
"dgp3",6,6,98,30,2000,20272006,22866424
"dgp3",6,6,99,30,2000,20272006,22866425
"dgp3",6,6,100,30,2000,20272006,22866426
