"dgp","idx_d","d","truth_seed","row","col","A_base"
"dgp1",1,5,20270001,1,1,0.465874281184537
"dgp1",1,5,20270001,2,1,0
"dgp1",1,5,20270001,3,1,0
"dgp1",1,5,20270001,4,1,0
"dgp1",1,5,20270001,5,1,0
"dgp1",1,5,20270001,1,2,0.465874281184537
"dgp1",1,5,20270001,2,2,0.465874281184537
"dgp1",1,5,20270001,3,2,0
"dgp1",1,5,20270001,4,2,0
"dgp1",1,5,20270001,5,2,0
"dgp1",1,5,20270001,1,3,0
"dgp1",1,5,20270001,2,3,0
"dgp1",1,5,20270001,3,3,0.465874281184537
"dgp1",1,5,20270001,4,3,0
"dgp1",1,5,20270001,5,3,0
"dgp1",1,5,20270001,1,4,0
"dgp1",1,5,20270001,2,4,0
"dgp1",1,5,20270001,3,4,0.465874281184537
"dgp1",1,5,20270001,4,4,0.465874281184537
"dgp1",1,5,20270001,5,4,0
"dgp1",1,5,20270001,1,5,0
"dgp1",1,5,20270001,2,5,0
"dgp1",1,5,20270001,3,5,0.465874281184537
"dgp1",1,5,20270001,4,5,0
"dgp1",1,5,20270001,5,5,0.465874281184537
"dgp1",2,10,20270002,1,1,0.426347938361315
"dgp1",2,10,20270002,2,1,0
"dgp1",2,10,20270002,3,1,0
"dgp1",2,10,20270002,4,1,0.426347938361315
"dgp1",2,10,20270002,5,1,0
"dgp1",2,10,20270002,6,1,0
"dgp1",2,10,20270002,7,1,0
"dgp1",2,10,20270002,8,1,0
"dgp1",2,10,20270002,9,1,0
"dgp1",2,10,20270002,10,1,0
"dgp1",2,10,20270002,1,2,0
"dgp1",2,10,20270002,2,2,0.426347938361315
"dgp1",2,10,20270002,3,2,0
"dgp1",2,10,20270002,4,2,0
"dgp1",2,10,20270002,5,2,0
"dgp1",2,10,20270002,6,2,0.426347938361315
"dgp1",2,10,20270002,7,2,0
"dgp1",2,10,20270002,8,2,0
"dgp1",2,10,20270002,9,2,0
"dgp1",2,10,20270002,10,2,0
"dgp1",2,10,20270002,1,3,0
"dgp1",2,10,20270002,2,3,0
"dgp1",2,10,20270002,3,3,0.426347938361315
"dgp1",2,10,20270002,4,3,0
"dgp1",2,10,20270002,5,3,0
"dgp1",2,10,20270002,6,3,0
"dgp1",2,10,20270002,7,3,0.426347938361315
"dgp1",2,10,20270002,8,3,0
"dgp1",2,10,20270002,9,3,0
"dgp1",2,10,20270002,10,3,0
"dgp1",2,10,20270002,1,4,0
"dgp1",2,10,20270002,2,4,0
"dgp1",2,10,20270002,3,4,0.426347938361315
"dgp1",2,10,20270002,4,4,0.426347938361315
"dgp1",2,10,20270002,5,4,0
"dgp1",2,10,20270002,6,4,0
"dgp1",2,10,20270002,7,4,0
"dgp1",2,10,20270002,8,4,0
"dgp1",2,10,20270002,9,4,0
"dgp1",2,10,20270002,10,4,0
"dgp1",2,10,20270002,1,5,0
"dgp1",2,10,20270002,2,5,0
"dgp1",2,10,20270002,3,5,0
"dgp1",2,10,20270002,4,5,0
"dgp1",2,10,20270002,5,5,0.426347938361315
"dgp1",2,10,20270002,6,5,0
"dgp1",2,10,20270002,7,5,0
"dgp1",2,10,20270002,8,5,0
"dgp1",2,10,20270002,9,5,0
"dgp1",2,10,20270002,10,5,0
"dgp1",2,10,20270002,1,6,0
"dgp1",2,10,20270002,2,6,0
"dgp1",2,10,20270002,3,6,0
"dgp1",2,10,20270002,4,6,0
"dgp1",2,10,20270002,5,6,0
"dgp1",2,10,20270002,6,6,0.426347938361315
"dgp1",2,10,20270002,7,6,0
"dgp1",2,10,20270002,8,6,0
"dgp1",2,10,20270002,9,6,0
"dgp1",2,10,20270002,10,6,0
"dgp1",2,10,20270002,1,7,0
"dgp1",2,10,20270002,2,7,0
"dgp1",2,10,20270002,3,7,0
"dgp1",2,10,20270002,4,7,0
"dgp1",2,10,20270002,5,7,0
"dgp1",2,10,20270002,6,7,0
"dgp1",2,10,20270002,7,7,0.426347938361315
"dgp1",2,10,20270002,8,7,0
"dgp1",2,10,20270002,9,7,0.426347938361315
"dgp1",2,10,20270002,10,7,0
"dgp1",2,10,20270002,1,8,0
"dgp1",2,10,20270002,2,8,0
"dgp1",2,10,20270002,3,8,0
"dgp1",2,10,20270002,4,8,0
"dgp1",2,10,20270002,5,8,0
"dgp1",2,10,20270002,6,8,0
"dgp1",2,10,20270002,7,8,0.426347938361315
"dgp1",2,10,20270002,8,8,0.426347938361315
"dgp1",2,10,20270002,9,8,0
"dgp1",2,10,20270002,10,8,0
"dgp1",2,10,20270002,1,9,0
"dgp1",2,10,20270002,2,9,0
"dgp1",2,10,20270002,3,9,0
"dgp1",2,10,20270002,4,9,0
"dgp1",2,10,20270002,5,9,0
"dgp1",2,10,20270002,6,9,0
"dgp1",2,10,20270002,7,9,0
"dgp1",2,10,20270002,8,9,0
"dgp1",2,10,20270002,9,9,0.426347938361315
"dgp1",2,10,20270002,10,9,0
"dgp1",2,10,20270002,1,10,0
"dgp1",2,10,20270002,2,10,0
"dgp1",2,10,20270002,3,10,0
"dgp1",2,10,20270002,4,10,0.426347938361315
"dgp1",2,10,20270002,5,10,0
"dgp1",2,10,20270002,6,10,0
"dgp1",2,10,20270002,7,10,0
"dgp1",2,10,20270002,8,10,0
"dgp1",2,10,20270002,9,10,0
"dgp1",2,10,20270002,10,10,0.426347938361315
"dgp1",3,15,20270003,1,1,0.309776343995853
"dgp1",3,15,20270003,2,1,0
"dgp1",3,15,20270003,3,1,0
"dgp1",3,15,20270003,4,1,0
"dgp1",3,15,20270003,5,1,0
"dgp1",3,15,20270003,6,1,0.309776343995853
"dgp1",3,15,20270003,7,1,0
"dgp1",3,15,20270003,8,1,0
"dgp1",3,15,20270003,9,1,0
"dgp1",3,15,20270003,10,1,0
"dgp1",3,15,20270003,11,1,0
"dgp1",3,15,20270003,12,1,0
"dgp1",3,15,20270003,13,1,0
"dgp1",3,15,20270003,14,1,0
"dgp1",3,15,20270003,15,1,0
"dgp1",3,15,20270003,1,2,0
"dgp1",3,15,20270003,2,2,0.309776343995853
"dgp1",3,15,20270003,3,2,0
"dgp1",3,15,20270003,4,2,0
"dgp1",3,15,20270003,5,2,0
"dgp1",3,15,20270003,6,2,0
"dgp1",3,15,20270003,7,2,0
"dgp1",3,15,20270003,8,2,0
"dgp1",3,15,20270003,9,2,0
"dgp1",3,15,20270003,10,2,0
"dgp1",3,15,20270003,11,2,0
"dgp1",3,15,20270003,12,2,0
"dgp1",3,15,20270003,13,2,0
"dgp1",3,15,20270003,14,2,0
"dgp1",3,15,20270003,15,2,0
"dgp1",3,15,20270003,1,3,0
"dgp1",3,15,20270003,2,3,0
"dgp1",3,15,20270003,3,3,0.309776343995853
"dgp1",3,15,20270003,4,3,0
"dgp1",3,15,20270003,5,3,0.309776343995853
"dgp1",3,15,20270003,6,3,0
"dgp1",3,15,20270003,7,3,0
"dgp1",3,15,20270003,8,3,0
"dgp1",3,15,20270003,9,3,0
"dgp1",3,15,20270003,10,3,0
"dgp1",3,15,20270003,11,3,0
"dgp1",3,15,20270003,12,3,0
"dgp1",3,15,20270003,13,3,0
"dgp1",3,15,20270003,14,3,0
"dgp1",3,15,20270003,15,3,0
"dgp1",3,15,20270003,1,4,0
"dgp1",3,15,20270003,2,4,0
"dgp1",3,15,20270003,3,4,0
"dgp1",3,15,20270003,4,4,0.309776343995853
"dgp1",3,15,20270003,5,4,0
"dgp1",3,15,20270003,6,4,0
"dgp1",3,15,20270003,7,4,0
"dgp1",3,15,20270003,8,4,0
"dgp1",3,15,20270003,9,4,0
"dgp1",3,15,20270003,10,4,0
"dgp1",3,15,20270003,11,4,0
"dgp1",3,15,20270003,12,4,0
"dgp1",3,15,20270003,13,4,0.309776343995853
"dgp1",3,15,20270003,14,4,0
"dgp1",3,15,20270003,15,4,0
"dgp1",3,15,20270003,1,5,0
"dgp1",3,15,20270003,2,5,0.309776343995853
"dgp1",3,15,20270003,3,5,0
"dgp1",3,15,20270003,4,5,0
"dgp1",3,15,20270003,5,5,0.309776343995853
"dgp1",3,15,20270003,6,5,0
"dgp1",3,15,20270003,7,5,0
"dgp1",3,15,20270003,8,5,0
"dgp1",3,15,20270003,9,5,0
"dgp1",3,15,20270003,10,5,0
"dgp1",3,15,20270003,11,5,0
"dgp1",3,15,20270003,12,5,0
"dgp1",3,15,20270003,13,5,0
"dgp1",3,15,20270003,14,5,0.309776343995853
"dgp1",3,15,20270003,15,5,0
"dgp1",3,15,20270003,1,6,0
"dgp1",3,15,20270003,2,6,0
"dgp1",3,15,20270003,3,6,0
"dgp1",3,15,20270003,4,6,0.309776343995853
"dgp1",3,15,20270003,5,6,0.309776343995853
"dgp1",3,15,20270003,6,6,0.309776343995853
"dgp1",3,15,20270003,7,6,0
"dgp1",3,15,20270003,8,6,0
"dgp1",3,15,20270003,9,6,0
"dgp1",3,15,20270003,10,6,0
"dgp1",3,15,20270003,11,6,0
"dgp1",3,15,20270003,12,6,0
"dgp1",3,15,20270003,13,6,0
"dgp1",3,15,20270003,14,6,0
"dgp1",3,15,20270003,15,6,0
"dgp1",3,15,20270003,1,7,0
"dgp1",3,15,20270003,2,7,0
"dgp1",3,15,20270003,3,7,0
"dgp1",3,15,20270003,4,7,0
"dgp1",3,15,20270003,5,7,0
"dgp1",3,15,20270003,6,7,0
"dgp1",3,15,20270003,7,7,0.309776343995853
"dgp1",3,15,20270003,8,7,0.309776343995853
"dgp1",3,15,20270003,9,7,0
"dgp1",3,15,20270003,10,7,0
"dgp1",3,15,20270003,11,7,0
"dgp1",3,15,20270003,12,7,0
"dgp1",3,15,20270003,13,7,0
"dgp1",3,15,20270003,14,7,0
"dgp1",3,15,20270003,15,7,0
"dgp1",3,15,20270003,1,8,0
"dgp1",3,15,20270003,2,8,0
"dgp1",3,15,20270003,3,8,0
"dgp1",3,15,20270003,4,8,0.309776343995853
"dgp1",3,15,20270003,5,8,0
"dgp1",3,15,20270003,6,8,0
"dgp1",3,15,20270003,7,8,0
"dgp1",3,15,20270003,8,8,0.309776343995853
"dgp1",3,15,20270003,9,8,0
"dgp1",3,15,20270003,10,8,0
"dgp1",3,15,20270003,11,8,0
"dgp1",3,15,20270003,12,8,0.309776343995853
"dgp1",3,15,20270003,13,8,0
"dgp1",3,15,20270003,14,8,0
"dgp1",3,15,20270003,15,8,0
"dgp1",3,15,20270003,1,9,0
"dgp1",3,15,20270003,2,9,0
"dgp1",3,15,20270003,3,9,0
"dgp1",3,15,20270003,4,9,0
"dgp1",3,15,20270003,5,9,0
"dgp1",3,15,20270003,6,9,0
"dgp1",3,15,20270003,7,9,0
"dgp1",3,15,20270003,8,9,0
"dgp1",3,15,20270003,9,9,0.309776343995853
"dgp1",3,15,20270003,10,9,0.309776343995853
"dgp1",3,15,20270003,11,9,0
"dgp1",3,15,20270003,12,9,0
"dgp1",3,15,20270003,13,9,0
"dgp1",3,15,20270003,14,9,0
"dgp1",3,15,20270003,15,9,0
"dgp1",3,15,20270003,1,10,0
"dgp1",3,15,20270003,2,10,0.309776343995853
"dgp1",3,15,20270003,3,10,0
"dgp1",3,15,20270003,4,10,0
"dgp1",3,15,20270003,5,10,0
"dgp1",3,15,20270003,6,10,0.309776343995853
"dgp1",3,15,20270003,7,10,0
"dgp1",3,15,20270003,8,10,0
"dgp1",3,15,20270003,9,10,0
"dgp1",3,15,20270003,10,10,0.309776343995853
"dgp1",3,15,20270003,11,10,0
"dgp1",3,15,20270003,12,10,0
"dgp1",3,15,20270003,13,10,0
"dgp1",3,15,20270003,14,10,0
"dgp1",3,15,20270003,15,10,0
"dgp1",3,15,20270003,1,11,0
"dgp1",3,15,20270003,2,11,0
"dgp1",3,15,20270003,3,11,0
"dgp1",3,15,20270003,4,11,0
"dgp1",3,15,20270003,5,11,0
"dgp1",3,15,20270003,6,11,0
"dgp1",3,15,20270003,7,11,0
"dgp1",3,15,20270003,8,11,0
"dgp1",3,15,20270003,9,11,0
"dgp1",3,15,20270003,10,11,0
"dgp1",3,15,20270003,11,11,0.309776343995853
"dgp1",3,15,20270003,12,11,0
"dgp1",3,15,20270003,13,11,0
"dgp1",3,15,20270003,14,11,0
"dgp1",3,15,20270003,15,11,0
"dgp1",3,15,20270003,1,12,0
"dgp1",3,15,20270003,2,12,0
"dgp1",3,15,20270003,3,12,0
"dgp1",3,15,20270003,4,12,0
"dgp1",3,15,20270003,5,12,0
"dgp1",3,15,20270003,6,12,0
"dgp1",3,15,20270003,7,12,0
"dgp1",3,15,20270003,8,12,0
"dgp1",3,15,20270003,9,12,0
"dgp1",3,15,20270003,10,12,0.309776343995853
"dgp1",3,15,20270003,11,12,0
"dgp1",3,15,20270003,12,12,0.309776343995853
"dgp1",3,15,20270003,13,12,0
"dgp1",3,15,20270003,14,12,0
"dgp1",3,15,20270003,15,12,0
"dgp1",3,15,20270003,1,13,0
"dgp1",3,15,20270003,2,13,0
"dgp1",3,15,20270003,3,13,0
"dgp1",3,15,20270003,4,13,0
"dgp1",3,15,20270003,5,13,0
"dgp1",3,15,20270003,6,13,0
"dgp1",3,15,20270003,7,13,0
"dgp1",3,15,20270003,8,13,0
"dgp1",3,15,20270003,9,13,0
"dgp1",3,15,20270003,10,13,0
"dgp1",3,15,20270003,11,13,0
"dgp1",3,15,20270003,12,13,0
"dgp1",3,15,20270003,13,13,0.309776343995853
"dgp1",3,15,20270003,14,13,0.309776343995853
"dgp1",3,15,20270003,15,13,0
"dgp1",3,15,20270003,1,14,0
"dgp1",3,15,20270003,2,14,0
"dgp1",3,15,20270003,3,14,0
"dgp1",3,15,20270003,4,14,0
"dgp1",3,15,20270003,5,14,0
"dgp1",3,15,20270003,6,14,0
"dgp1",3,15,20270003,7,14,0
"dgp1",3,15,20270003,8,14,0
"dgp1",3,15,20270003,9,14,0
"dgp1",3,15,20270003,10,14,0
"dgp1",3,15,20270003,11,14,0
"dgp1",3,15,20270003,12,14,0.309776343995853
"dgp1",3,15,20270003,13,14,0
"dgp1",3,15,20270003,14,14,0.309776343995853
"dgp1",3,15,20270003,15,14,0
"dgp1",3,15,20270003,1,15,0
"dgp1",3,15,20270003,2,15,0
"dgp1",3,15,20270003,3,15,0
"dgp1",3,15,20270003,4,15,0
"dgp1",3,15,20270003,5,15,0.309776343995853
"dgp1",3,15,20270003,6,15,0
"dgp1",3,15,20270003,7,15,0.309776343995853
"dgp1",3,15,20270003,8,15,0.309776343995853
"dgp1",3,15,20270003,9,15,0
"dgp1",3,15,20270003,10,15,0
"dgp1",3,15,20270003,11,15,0
"dgp1",3,15,20270003,12,15,0
"dgp1",3,15,20270003,13,15,0.309776343995853
"dgp1",3,15,20270003,14,15,0
"dgp1",3,15,20270003,15,15,0.309776343995853
"dgp1",4,20,20270004,1,1,0.220380745162752
"dgp1",4,20,20270004,2,1,0.220380745162752
"dgp1",4,20,20270004,3,1,0.220380745162752
"dgp1",4,20,20270004,4,1,0
"dgp1",4,20,20270004,5,1,0
"dgp1",4,20,20270004,6,1,0
"dgp1",4,20,20270004,7,1,0
"dgp1",4,20,20270004,8,1,0
"dgp1",4,20,20270004,9,1,0
"dgp1",4,20,20270004,10,1,0
"dgp1",4,20,20270004,11,1,0
"dgp1",4,20,20270004,12,1,0
"dgp1",4,20,20270004,13,1,0
"dgp1",4,20,20270004,14,1,0.220380745162752
"dgp1",4,20,20270004,15,1,0
"dgp1",4,20,20270004,16,1,0
"dgp1",4,20,20270004,17,1,0
"dgp1",4,20,20270004,18,1,0
"dgp1",4,20,20270004,19,1,0.220380745162752
"dgp1",4,20,20270004,20,1,0
"dgp1",4,20,20270004,1,2,0
"dgp1",4,20,20270004,2,2,0.220380745162752
"dgp1",4,20,20270004,3,2,0
"dgp1",4,20,20270004,4,2,0
"dgp1",4,20,20270004,5,2,0
"dgp1",4,20,20270004,6,2,0.220380745162752
"dgp1",4,20,20270004,7,2,0
"dgp1",4,20,20270004,8,2,0.220380745162752
"dgp1",4,20,20270004,9,2,0
"dgp1",4,20,20270004,10,2,0.220380745162752
"dgp1",4,20,20270004,11,2,0
"dgp1",4,20,20270004,12,2,0
"dgp1",4,20,20270004,13,2,0
"dgp1",4,20,20270004,14,2,0
"dgp1",4,20,20270004,15,2,0.220380745162752
"dgp1",4,20,20270004,16,2,0
"dgp1",4,20,20270004,17,2,0
"dgp1",4,20,20270004,18,2,0
"dgp1",4,20,20270004,19,2,0
"dgp1",4,20,20270004,20,2,0
"dgp1",4,20,20270004,1,3,0
"dgp1",4,20,20270004,2,3,0
"dgp1",4,20,20270004,3,3,0.220380745162752
"dgp1",4,20,20270004,4,3,0
"dgp1",4,20,20270004,5,3,0
"dgp1",4,20,20270004,6,3,0
"dgp1",4,20,20270004,7,3,0
"dgp1",4,20,20270004,8,3,0.220380745162752
"dgp1",4,20,20270004,9,3,0
"dgp1",4,20,20270004,10,3,0
"dgp1",4,20,20270004,11,3,0
"dgp1",4,20,20270004,12,3,0
"dgp1",4,20,20270004,13,3,0
"dgp1",4,20,20270004,14,3,0
"dgp1",4,20,20270004,15,3,0
"dgp1",4,20,20270004,16,3,0
"dgp1",4,20,20270004,17,3,0
"dgp1",4,20,20270004,18,3,0
"dgp1",4,20,20270004,19,3,0.220380745162752
"dgp1",4,20,20270004,20,3,0
"dgp1",4,20,20270004,1,4,0
"dgp1",4,20,20270004,2,4,0
"dgp1",4,20,20270004,3,4,0.220380745162752
"dgp1",4,20,20270004,4,4,0.220380745162752
"dgp1",4,20,20270004,5,4,0
"dgp1",4,20,20270004,6,4,0
"dgp1",4,20,20270004,7,4,0
"dgp1",4,20,20270004,8,4,0
"dgp1",4,20,20270004,9,4,0
"dgp1",4,20,20270004,10,4,0.220380745162752
"dgp1",4,20,20270004,11,4,0
"dgp1",4,20,20270004,12,4,0.220380745162752
"dgp1",4,20,20270004,13,4,0
"dgp1",4,20,20270004,14,4,0
"dgp1",4,20,20270004,15,4,0
"dgp1",4,20,20270004,16,4,0
"dgp1",4,20,20270004,17,4,0
"dgp1",4,20,20270004,18,4,0
"dgp1",4,20,20270004,19,4,0
"dgp1",4,20,20270004,20,4,0
"dgp1",4,20,20270004,1,5,0
"dgp1",4,20,20270004,2,5,0.220380745162752
"dgp1",4,20,20270004,3,5,0
"dgp1",4,20,20270004,4,5,0
"dgp1",4,20,20270004,5,5,0.220380745162752
"dgp1",4,20,20270004,6,5,0
"dgp1",4,20,20270004,7,5,0
"dgp1",4,20,20270004,8,5,0
"dgp1",4,20,20270004,9,5,0.220380745162752
"dgp1",4,20,20270004,10,5,0
"dgp1",4,20,20270004,11,5,0
"dgp1",4,20,20270004,12,5,0
"dgp1",4,20,20270004,13,5,0
"dgp1",4,20,20270004,14,5,0.220380745162752
"dgp1",4,20,20270004,15,5,0
"dgp1",4,20,20270004,16,5,0
"dgp1",4,20,20270004,17,5,0
"dgp1",4,20,20270004,18,5,0
"dgp1",4,20,20270004,19,5,0
"dgp1",4,20,20270004,20,5,0
"dgp1",4,20,20270004,1,6,0
"dgp1",4,20,20270004,2,6,0
"dgp1",4,20,20270004,3,6,0
"dgp1",4,20,20270004,4,6,0.220380745162752
"dgp1",4,20,20270004,5,6,0
"dgp1",4,20,20270004,6,6,0.220380745162752
"dgp1",4,20,20270004,7,6,0
"dgp1",4,20,20270004,8,6,0
"dgp1",4,20,20270004,9,6,0
"dgp1",4,20,20270004,10,6,0
"dgp1",4,20,20270004,11,6,0
"dgp1",4,20,20270004,12,6,0
"dgp1",4,20,20270004,13,6,0
"dgp1",4,20,20270004,14,6,0
"dgp1",4,20,20270004,15,6,0
"dgp1",4,20,20270004,16,6,0
"dgp1",4,20,20270004,17,6,0
"dgp1",4,20,20270004,18,6,0
"dgp1",4,20,20270004,19,6,0
"dgp1",4,20,20270004,20,6,0
"dgp1",4,20,20270004,1,7,0
"dgp1",4,20,20270004,2,7,0
"dgp1",4,20,20270004,3,7,0
"dgp1",4,20,20270004,4,7,0
"dgp1",4,20,20270004,5,7,0
"dgp1",4,20,20270004,6,7,0
"dgp1",4,20,20270004,7,7,0.220380745162752
"dgp1",4,20,20270004,8,7,0
"dgp1",4,20,20270004,9,7,0.220380745162752
"dgp1",4,20,20270004,10,7,0
"dgp1",4,20,20270004,11,7,0
"dgp1",4,20,20270004,12,7,0
"dgp1",4,20,20270004,13,7,0
"dgp1",4,20,20270004,14,7,0
"dgp1",4,20,20270004,15,7,0
"dgp1",4,20,20270004,16,7,0
"dgp1",4,20,20270004,17,7,0
"dgp1",4,20,20270004,18,7,0
"dgp1",4,20,20270004,19,7,0
"dgp1",4,20,20270004,20,7,0
"dgp1",4,20,20270004,1,8,0
"dgp1",4,20,20270004,2,8,0
"dgp1",4,20,20270004,3,8,0
"dgp1",4,20,20270004,4,8,0
"dgp1",4,20,20270004,5,8,0.220380745162752
"dgp1",4,20,20270004,6,8,0
"dgp1",4,20,20270004,7,8,0
"dgp1",4,20,20270004,8,8,0.220380745162752
"dgp1",4,20,20270004,9,8,0
"dgp1",4,20,20270004,10,8,0
"dgp1",4,20,20270004,11,8,0
"dgp1",4,20,20270004,12,8,0
"dgp1",4,20,20270004,13,8,0
"dgp1",4,20,20270004,14,8,0
"dgp1",4,20,20270004,15,8,0
"dgp1",4,20,20270004,16,8,0
"dgp1",4,20,20270004,17,8,0
"dgp1",4,20,20270004,18,8,0
"dgp1",4,20,20270004,19,8,0
"dgp1",4,20,20270004,20,8,0
"dgp1",4,20,20270004,1,9,0
"dgp1",4,20,20270004,2,9,0
"dgp1",4,20,20270004,3,9,0
"dgp1",4,20,20270004,4,9,0
"dgp1",4,20,20270004,5,9,0
"dgp1",4,20,20270004,6,9,0
"dgp1",4,20,20270004,7,9,0
"dgp1",4,20,20270004,8,9,0
"dgp1",4,20,20270004,9,9,0.220380745162752
"dgp1",4,20,20270004,10,9,0
"dgp1",4,20,20270004,11,9,0
"dgp1",4,20,20270004,12,9,0
"dgp1",4,20,20270004,13,9,0
"dgp1",4,20,20270004,14,9,0
"dgp1",4,20,20270004,15,9,0
"dgp1",4,20,20270004,16,9,0.220380745162752
"dgp1",4,20,20270004,17,9,0
"dgp1",4,20,20270004,18,9,0
"dgp1",4,20,20270004,19,9,0
"dgp1",4,20,20270004,20,9,0
"dgp1",4,20,20270004,1,10,0
"dgp1",4,20,20270004,2,10,0.220380745162752
"dgp1",4,20,20270004,3,10,0
"dgp1",4,20,20270004,4,10,0
"dgp1",4,20,20270004,5,10,0.220380745162752
"dgp1",4,20,20270004,6,10,0
"dgp1",4,20,20270004,7,10,0
"dgp1",4,20,20270004,8,10,0
"dgp1",4,20,20270004,9,10,0
"dgp1",4,20,20270004,10,10,0.220380745162752
"dgp1",4,20,20270004,11,10,0
"dgp1",4,20,20270004,12,10,0
"dgp1",4,20,20270004,13,10,0.220380745162752
"dgp1",4,20,20270004,14,10,0
"dgp1",4,20,20270004,15,10,0
"dgp1",4,20,20270004,16,10,0
"dgp1",4,20,20270004,17,10,0
"dgp1",4,20,20270004,18,10,0
"dgp1",4,20,20270004,19,10,0.220380745162752
"dgp1",4,20,20270004,20,10,0
"dgp1",4,20,20270004,1,11,0
"dgp1",4,20,20270004,2,11,0
"dgp1",4,20,20270004,3,11,0
"dgp1",4,20,20270004,4,11,0
"dgp1",4,20,20270004,5,11,0.220380745162752
"dgp1",4,20,20270004,6,11,0
"dgp1",4,20,20270004,7,11,0.220380745162752
"dgp1",4,20,20270004,8,11,0
"dgp1",4,20,20270004,9,11,0
"dgp1",4,20,20270004,10,11,0
"dgp1",4,20,20270004,11,11,0.220380745162752
"dgp1",4,20,20270004,12,11,0
"dgp1",4,20,20270004,13,11,0.220380745162752
"dgp1",4,20,20270004,14,11,0.220380745162752
"dgp1",4,20,20270004,15,11,0
"dgp1",4,20,20270004,16,11,0
"dgp1",4,20,20270004,17,11,0
"dgp1",4,20,20270004,18,11,0
"dgp1",4,20,20270004,19,11,0
"dgp1",4,20,20270004,20,11,0
"dgp1",4,20,20270004,1,12,0
"dgp1",4,20,20270004,2,12,0
"dgp1",4,20,20270004,3,12,0
"dgp1",4,20,20270004,4,12,0
"dgp1",4,20,20270004,5,12,0
"dgp1",4,20,20270004,6,12,0.220380745162752
"dgp1",4,20,20270004,7,12,0.220380745162752
"dgp1",4,20,20270004,8,12,0
"dgp1",4,20,20270004,9,12,0.220380745162752
"dgp1",4,20,20270004,10,12,0
"dgp1",4,20,20270004,11,12,0
"dgp1",4,20,20270004,12,12,0.220380745162752
"dgp1",4,20,20270004,13,12,0
"dgp1",4,20,20270004,14,12,0
"dgp1",4,20,20270004,15,12,0
"dgp1",4,20,20270004,16,12,0.220380745162752
"dgp1",4,20,20270004,17,12,0.220380745162752
"dgp1",4,20,20270004,18,12,0
"dgp1",4,20,20270004,19,12,0
"dgp1",4,20,20270004,20,12,0
"dgp1",4,20,20270004,1,13,0
"dgp1",4,20,20270004,2,13,0
"dgp1",4,20,20270004,3,13,0
"dgp1",4,20,20270004,4,13,0.220380745162752
"dgp1",4,20,20270004,5,13,0.220380745162752
"dgp1",4,20,20270004,6,13,0
"dgp1",4,20,20270004,7,13,0.220380745162752
"dgp1",4,20,20270004,8,13,0
"dgp1",4,20,20270004,9,13,0
"dgp1",4,20,20270004,10,13,0
"dgp1",4,20,20270004,11,13,0
"dgp1",4,20,20270004,12,13,0
"dgp1",4,20,20270004,13,13,0.220380745162752
"dgp1",4,20,20270004,14,13,0
"dgp1",4,20,20270004,15,13,0
"dgp1",4,20,20270004,16,13,0
"dgp1",4,20,20270004,17,13,0
"dgp1",4,20,20270004,18,13,0
"dgp1",4,20,20270004,19,13,0
"dgp1",4,20,20270004,20,13,0
"dgp1",4,20,20270004,1,14,0
"dgp1",4,20,20270004,2,14,0
"dgp1",4,20,20270004,3,14,0
"dgp1",4,20,20270004,4,14,0
"dgp1",4,20,20270004,5,14,0
"dgp1",4,20,20270004,6,14,0
"dgp1",4,20,20270004,7,14,0
"dgp1",4,20,20270004,8,14,0
"dgp1",4,20,20270004,9,14,0
"dgp1",4,20,20270004,10,14,0
"dgp1",4,20,20270004,11,14,0
"dgp1",4,20,20270004,12,14,0
"dgp1",4,20,20270004,13,14,0
"dgp1",4,20,20270004,14,14,0.220380745162752
"dgp1",4,20,20270004,15,14,0
"dgp1",4,20,20270004,16,14,0
"dgp1",4,20,20270004,17,14,0
"dgp1",4,20,20270004,18,14,0
"dgp1",4,20,20270004,19,14,0
"dgp1",4,20,20270004,20,14,0
"dgp1",4,20,20270004,1,15,0
"dgp1",4,20,20270004,2,15,0
"dgp1",4,20,20270004,3,15,0
"dgp1",4,20,20270004,4,15,0
"dgp1",4,20,20270004,5,15,0
"dgp1",4,20,20270004,6,15,0
"dgp1",4,20,20270004,7,15,0
"dgp1",4,20,20270004,8,15,0
"dgp1",4,20,20270004,9,15,0
"dgp1",4,20,20270004,10,15,0
"dgp1",4,20,20270004,11,15,0
"dgp1",4,20,20270004,12,15,0
"dgp1",4,20,20270004,13,15,0
"dgp1",4,20,20270004,14,15,0
"dgp1",4,20,20270004,15,15,0.220380745162752
"dgp1",4,20,20270004,16,15,0
"dgp1",4,20,20270004,17,15,0
"dgp1",4,20,20270004,18,15,0
"dgp1",4,20,20270004,19,15,0
"dgp1",4,20,20270004,20,15,0
"dgp1",4,20,20270004,1,16,0
"dgp1",4,20,20270004,2,16,0
"dgp1",4,20,20270004,3,16,0
"dgp1",4,20,20270004,4,16,0
"dgp1",4,20,20270004,5,16,0
"dgp1",4,20,20270004,6,16,0.220380745162752
"dgp1",4,20,20270004,7,16,0
"dgp1",4,20,20270004,8,16,0
"dgp1",4,20,20270004,9,16,0
"dgp1",4,20,20270004,10,16,0
"dgp1",4,20,20270004,11,16,0
"dgp1",4,20,20270004,12,16,0
"dgp1",4,20,20270004,13,16,0.220380745162752
"dgp1",4,20,20270004,14,16,0
"dgp1",4,20,20270004,15,16,0
"dgp1",4,20,20270004,16,16,0.220380745162752
"dgp1",4,20,20270004,17,16,0.220380745162752
"dgp1",4,20,20270004,18,16,0.220380745162752
"dgp1",4,20,20270004,19,16,0.220380745162752
"dgp1",4,20,20270004,20,16,0
"dgp1",4,20,20270004,1,17,0
"dgp1",4,20,20270004,2,17,0
"dgp1",4,20,20270004,3,17,0
"dgp1",4,20,20270004,4,17,0
"dgp1",4,20,20270004,5,17,0
"dgp1",4,20,20270004,6,17,0
"dgp1",4,20,20270004,7,17,0.220380745162752
"dgp1",4,20,20270004,8,17,0
"dgp1",4,20,20270004,9,17,0
"dgp1",4,20,20270004,10,17,0
"dgp1",4,20,20270004,11,17,0
"dgp1",4,20,20270004,12,17,0.220380745162752
"dgp1",4,20,20270004,13,17,0
"dgp1",4,20,20270004,14,17,0
"dgp1",4,20,20270004,15,17,0.220380745162752
"dgp1",4,20,20270004,16,17,0
"dgp1",4,20,20270004,17,17,0.220380745162752
"dgp1",4,20,20270004,18,17,0
"dgp1",4,20,20270004,19,17,0
"dgp1",4,20,20270004,20,17,0
"dgp1",4,20,20270004,1,18,0
"dgp1",4,20,20270004,2,18,0
"dgp1",4,20,20270004,3,18,0
"dgp1",4,20,20270004,4,18,0
"dgp1",4,20,20270004,5,18,0
"dgp1",4,20,20270004,6,18,0
"dgp1",4,20,20270004,7,18,0.220380745162752
"dgp1",4,20,20270004,8,18,0
"dgp1",4,20,20270004,9,18,0
"dgp1",4,20,20270004,10,18,0
"dgp1",4,20,20270004,11,18,0
"dgp1",4,20,20270004,12,18,0
"dgp1",4,20,20270004,13,18,0
"dgp1",4,20,20270004,14,18,0
"dgp1",4,20,20270004,15,18,0.220380745162752
"dgp1",4,20,20270004,16,18,0
"dgp1",4,20,20270004,17,18,0
"dgp1",4,20,20270004,18,18,0.220380745162752
"dgp1",4,20,20270004,19,18,0
"dgp1",4,20,20270004,20,18,0
"dgp1",4,20,20270004,1,19,0
"dgp1",4,20,20270004,2,19,0
"dgp1",4,20,20270004,3,19,0.220380745162752
"dgp1",4,20,20270004,4,19,0
"dgp1",4,20,20270004,5,19,0
"dgp1",4,20,20270004,6,19,0
"dgp1",4,20,20270004,7,19,0
"dgp1",4,20,20270004,8,19,0
"dgp1",4,20,20270004,9,19,0
"dgp1",4,20,20270004,10,19,0
"dgp1",4,20,20270004,11,19,0
"dgp1",4,20,20270004,12,19,0
"dgp1",4,20,20270004,13,19,0
"dgp1",4,20,20270004,14,19,0
"dgp1",4,20,20270004,15,19,0
"dgp1",4,20,20270004,16,19,0
"dgp1",4,20,20270004,17,19,0
"dgp1",4,20,20270004,18,19,0
"dgp1",4,20,20270004,19,19,0.220380745162752
"dgp1",4,20,20270004,20,19,0
"dgp1",4,20,20270004,1,20,0
"dgp1",4,20,20270004,2,20,0
"dgp1",4,20,20270004,3,20,0
"dgp1",4,20,20270004,4,20,0
"dgp1",4,20,20270004,5,20,0
"dgp1",4,20,20270004,6,20,0
"dgp1",4,20,20270004,7,20,0.220380745162752
"dgp1",4,20,20270004,8,20,0
"dgp1",4,20,20270004,9,20,0
"dgp1",4,20,20270004,10,20,0
"dgp1",4,20,20270004,11,20,0
"dgp1",4,20,20270004,12,20,0
"dgp1",4,20,20270004,13,20,0
"dgp1",4,20,20270004,14,20,0
"dgp1",4,20,20270004,15,20,0
"dgp1",4,20,20270004,16,20,0
"dgp1",4,20,20270004,17,20,0
"dgp1",4,20,20270004,18,20,0
"dgp1",4,20,20270004,19,20,0
"dgp1",4,20,20270004,20,20,0.220380745162752
"dgp1",5,25,20270005,1,1,0.193227360896895
"dgp1",5,25,20270005,2,1,0
"dgp1",5,25,20270005,3,1,0
"dgp1",5,25,20270005,4,1,0
"dgp1",5,25,20270005,5,1,0
"dgp1",5,25,20270005,6,1,0
"dgp1",5,25,20270005,7,1,0
"dgp1",5,25,20270005,8,1,0
"dgp1",5,25,20270005,9,1,0
"dgp1",5,25,20270005,10,1,0
"dgp1",5,25,20270005,11,1,0
"dgp1",5,25,20270005,12,1,0
"dgp1",5,25,20270005,13,1,0
"dgp1",5,25,20270005,14,1,0
"dgp1",5,25,20270005,15,1,0
"dgp1",5,25,20270005,16,1,0
"dgp1",5,25,20270005,17,1,0
"dgp1",5,25,20270005,18,1,0
"dgp1",5,25,20270005,19,1,0
"dgp1",5,25,20270005,20,1,0
"dgp1",5,25,20270005,21,1,0
"dgp1",5,25,20270005,22,1,0
"dgp1",5,25,20270005,23,1,0
"dgp1",5,25,20270005,24,1,0
"dgp1",5,25,20270005,25,1,0
"dgp1",5,25,20270005,1,2,0
"dgp1",5,25,20270005,2,2,0.193227360896895
"dgp1",5,25,20270005,3,2,0
"dgp1",5,25,20270005,4,2,0.193227360896895
"dgp1",5,25,20270005,5,2,0
"dgp1",5,25,20270005,6,2,0
"dgp1",5,25,20270005,7,2,0
"dgp1",5,25,20270005,8,2,0
"dgp1",5,25,20270005,9,2,0
"dgp1",5,25,20270005,10,2,0
"dgp1",5,25,20270005,11,2,0
"dgp1",5,25,20270005,12,2,0
"dgp1",5,25,20270005,13,2,0
"dgp1",5,25,20270005,14,2,0.193227360896895
"dgp1",5,25,20270005,15,2,0.193227360896895
"dgp1",5,25,20270005,16,2,0
"dgp1",5,25,20270005,17,2,0
"dgp1",5,25,20270005,18,2,0
"dgp1",5,25,20270005,19,2,0
"dgp1",5,25,20270005,20,2,0
"dgp1",5,25,20270005,21,2,0
"dgp1",5,25,20270005,22,2,0
"dgp1",5,25,20270005,23,2,0.193227360896895
"dgp1",5,25,20270005,24,2,0
"dgp1",5,25,20270005,25,2,0
"dgp1",5,25,20270005,1,3,0
"dgp1",5,25,20270005,2,3,0
"dgp1",5,25,20270005,3,3,0.193227360896895
"dgp1",5,25,20270005,4,3,0
"dgp1",5,25,20270005,5,3,0
"dgp1",5,25,20270005,6,3,0
"dgp1",5,25,20270005,7,3,0
"dgp1",5,25,20270005,8,3,0
"dgp1",5,25,20270005,9,3,0.193227360896895
"dgp1",5,25,20270005,10,3,0
"dgp1",5,25,20270005,11,3,0
"dgp1",5,25,20270005,12,3,0
"dgp1",5,25,20270005,13,3,0
"dgp1",5,25,20270005,14,3,0
"dgp1",5,25,20270005,15,3,0
"dgp1",5,25,20270005,16,3,0.193227360896895
"dgp1",5,25,20270005,17,3,0.193227360896895
"dgp1",5,25,20270005,18,3,0
"dgp1",5,25,20270005,19,3,0.193227360896895
"dgp1",5,25,20270005,20,3,0
"dgp1",5,25,20270005,21,3,0
"dgp1",5,25,20270005,22,3,0.193227360896895
"dgp1",5,25,20270005,23,3,0.193227360896895
"dgp1",5,25,20270005,24,3,0
"dgp1",5,25,20270005,25,3,0
"dgp1",5,25,20270005,1,4,0
"dgp1",5,25,20270005,2,4,0
"dgp1",5,25,20270005,3,4,0
"dgp1",5,25,20270005,4,4,0.193227360896895
"dgp1",5,25,20270005,5,4,0
"dgp1",5,25,20270005,6,4,0
"dgp1",5,25,20270005,7,4,0
"dgp1",5,25,20270005,8,4,0
"dgp1",5,25,20270005,9,4,0
"dgp1",5,25,20270005,10,4,0
"dgp1",5,25,20270005,11,4,0
"dgp1",5,25,20270005,12,4,0
"dgp1",5,25,20270005,13,4,0.193227360896895
"dgp1",5,25,20270005,14,4,0
"dgp1",5,25,20270005,15,4,0
"dgp1",5,25,20270005,16,4,0.193227360896895
"dgp1",5,25,20270005,17,4,0
"dgp1",5,25,20270005,18,4,0
"dgp1",5,25,20270005,19,4,0
"dgp1",5,25,20270005,20,4,0
"dgp1",5,25,20270005,21,4,0
"dgp1",5,25,20270005,22,4,0
"dgp1",5,25,20270005,23,4,0.193227360896895
"dgp1",5,25,20270005,24,4,0
"dgp1",5,25,20270005,25,4,0
"dgp1",5,25,20270005,1,5,0
"dgp1",5,25,20270005,2,5,0
"dgp1",5,25,20270005,3,5,0
"dgp1",5,25,20270005,4,5,0
"dgp1",5,25,20270005,5,5,0.193227360896895
"dgp1",5,25,20270005,6,5,0
"dgp1",5,25,20270005,7,5,0
"dgp1",5,25,20270005,8,5,0
"dgp1",5,25,20270005,9,5,0
"dgp1",5,25,20270005,10,5,0
"dgp1",5,25,20270005,11,5,0
"dgp1",5,25,20270005,12,5,0.193227360896895
"dgp1",5,25,20270005,13,5,0.193227360896895
"dgp1",5,25,20270005,14,5,0
"dgp1",5,25,20270005,15,5,0
"dgp1",5,25,20270005,16,5,0
"dgp1",5,25,20270005,17,5,0.193227360896895
"dgp1",5,25,20270005,18,5,0
"dgp1",5,25,20270005,19,5,0.193227360896895
"dgp1",5,25,20270005,20,5,0
"dgp1",5,25,20270005,21,5,0
"dgp1",5,25,20270005,22,5,0
"dgp1",5,25,20270005,23,5,0.193227360896895
"dgp1",5,25,20270005,24,5,0
"dgp1",5,25,20270005,25,5,0
"dgp1",5,25,20270005,1,6,0
"dgp1",5,25,20270005,2,6,0
"dgp1",5,25,20270005,3,6,0
"dgp1",5,25,20270005,4,6,0
"dgp1",5,25,20270005,5,6,0
"dgp1",5,25,20270005,6,6,0.193227360896895
"dgp1",5,25,20270005,7,6,0
"dgp1",5,25,20270005,8,6,0
"dgp1",5,25,20270005,9,6,0
"dgp1",5,25,20270005,10,6,0.193227360896895
"dgp1",5,25,20270005,11,6,0
"dgp1",5,25,20270005,12,6,0.193227360896895
"dgp1",5,25,20270005,13,6,0
"dgp1",5,25,20270005,14,6,0
"dgp1",5,25,20270005,15,6,0
"dgp1",5,25,20270005,16,6,0
"dgp1",5,25,20270005,17,6,0
"dgp1",5,25,20270005,18,6,0.193227360896895
"dgp1",5,25,20270005,19,6,0
"dgp1",5,25,20270005,20,6,0
"dgp1",5,25,20270005,21,6,0
"dgp1",5,25,20270005,22,6,0
"dgp1",5,25,20270005,23,6,0
"dgp1",5,25,20270005,24,6,0
"dgp1",5,25,20270005,25,6,0
"dgp1",5,25,20270005,1,7,0.193227360896895
"dgp1",5,25,20270005,2,7,0
"dgp1",5,25,20270005,3,7,0
"dgp1",5,25,20270005,4,7,0
"dgp1",5,25,20270005,5,7,0
"dgp1",5,25,20270005,6,7,0
"dgp1",5,25,20270005,7,7,0.193227360896895
"dgp1",5,25,20270005,8,7,0
"dgp1",5,25,20270005,9,7,0
"dgp1",5,25,20270005,10,7,0
"dgp1",5,25,20270005,11,7,0
"dgp1",5,25,20270005,12,7,0
"dgp1",5,25,20270005,13,7,0
"dgp1",5,25,20270005,14,7,0.193227360896895
"dgp1",5,25,20270005,15,7,0
"dgp1",5,25,20270005,16,7,0
"dgp1",5,25,20270005,17,7,0
"dgp1",5,25,20270005,18,7,0
"dgp1",5,25,20270005,19,7,0
"dgp1",5,25,20270005,20,7,0
"dgp1",5,25,20270005,21,7,0
"dgp1",5,25,20270005,22,7,0
"dgp1",5,25,20270005,23,7,0
"dgp1",5,25,20270005,24,7,0
"dgp1",5,25,20270005,25,7,0
"dgp1",5,25,20270005,1,8,0
"dgp1",5,25,20270005,2,8,0
"dgp1",5,25,20270005,3,8,0
"dgp1",5,25,20270005,4,8,0
"dgp1",5,25,20270005,5,8,0
"dgp1",5,25,20270005,6,8,0
"dgp1",5,25,20270005,7,8,0
"dgp1",5,25,20270005,8,8,0.193227360896895
"dgp1",5,25,20270005,9,8,0
"dgp1",5,25,20270005,10,8,0.193227360896895
"dgp1",5,25,20270005,11,8,0
"dgp1",5,25,20270005,12,8,0
"dgp1",5,25,20270005,13,8,0
"dgp1",5,25,20270005,14,8,0
"dgp1",5,25,20270005,15,8,0
"dgp1",5,25,20270005,16,8,0
"dgp1",5,25,20270005,17,8,0
"dgp1",5,25,20270005,18,8,0
"dgp1",5,25,20270005,19,8,0
"dgp1",5,25,20270005,20,8,0
"dgp1",5,25,20270005,21,8,0
"dgp1",5,25,20270005,22,8,0
"dgp1",5,25,20270005,23,8,0
"dgp1",5,25,20270005,24,8,0
"dgp1",5,25,20270005,25,8,0
"dgp1",5,25,20270005,1,9,0
"dgp1",5,25,20270005,2,9,0
"dgp1",5,25,20270005,3,9,0
"dgp1",5,25,20270005,4,9,0
"dgp1",5,25,20270005,5,9,0
"dgp1",5,25,20270005,6,9,0
"dgp1",5,25,20270005,7,9,0
"dgp1",5,25,20270005,8,9,0
"dgp1",5,25,20270005,9,9,0.193227360896895
"dgp1",5,25,20270005,10,9,0
"dgp1",5,25,20270005,11,9,0
"dgp1",5,25,20270005,12,9,0
"dgp1",5,25,20270005,13,9,0
"dgp1",5,25,20270005,14,9,0
"dgp1",5,25,20270005,15,9,0
"dgp1",5,25,20270005,16,9,0
"dgp1",5,25,20270005,17,9,0
"dgp1",5,25,20270005,18,9,0
"dgp1",5,25,20270005,19,9,0
"dgp1",5,25,20270005,20,9,0.193227360896895
"dgp1",5,25,20270005,21,9,0
"dgp1",5,25,20270005,22,9,0
"dgp1",5,25,20270005,23,9,0
"dgp1",5,25,20270005,24,9,0
"dgp1",5,25,20270005,25,9,0
"dgp1",5,25,20270005,1,10,0
"dgp1",5,25,20270005,2,10,0
"dgp1",5,25,20270005,3,10,0
"dgp1",5,25,20270005,4,10,0
"dgp1",5,25,20270005,5,10,0
"dgp1",5,25,20270005,6,10,0
"dgp1",5,25,20270005,7,10,0
"dgp1",5,25,20270005,8,10,0
"dgp1",5,25,20270005,9,10,0
"dgp1",5,25,20270005,10,10,0.193227360896895
"dgp1",5,25,20270005,11,10,0
"dgp1",5,25,20270005,12,10,0
"dgp1",5,25,20270005,13,10,0
"dgp1",5,25,20270005,14,10,0
"dgp1",5,25,20270005,15,10,0
"dgp1",5,25,20270005,16,10,0
"dgp1",5,25,20270005,17,10,0
"dgp1",5,25,20270005,18,10,0
"dgp1",5,25,20270005,19,10,0
"dgp1",5,25,20270005,20,10,0
"dgp1",5,25,20270005,21,10,0
"dgp1",5,25,20270005,22,10,0
"dgp1",5,25,20270005,23,10,0.193227360896895
"dgp1",5,25,20270005,24,10,0
"dgp1",5,25,20270005,25,10,0
"dgp1",5,25,20270005,1,11,0
"dgp1",5,25,20270005,2,11,0
"dgp1",5,25,20270005,3,11,0
"dgp1",5,25,20270005,4,11,0
"dgp1",5,25,20270005,5,11,0
"dgp1",5,25,20270005,6,11,0
"dgp1",5,25,20270005,7,11,0
"dgp1",5,25,20270005,8,11,0
"dgp1",5,25,20270005,9,11,0.193227360896895
"dgp1",5,25,20270005,10,11,0.193227360896895
"dgp1",5,25,20270005,11,11,0.193227360896895
"dgp1",5,25,20270005,12,11,0
"dgp1",5,25,20270005,13,11,0
"dgp1",5,25,20270005,14,11,0
"dgp1",5,25,20270005,15,11,0
"dgp1",5,25,20270005,16,11,0
"dgp1",5,25,20270005,17,11,0
"dgp1",5,25,20270005,18,11,0
"dgp1",5,25,20270005,19,11,0
"dgp1",5,25,20270005,20,11,0
"dgp1",5,25,20270005,21,11,0
"dgp1",5,25,20270005,22,11,0.193227360896895
"dgp1",5,25,20270005,23,11,0.193227360896895
"dgp1",5,25,20270005,24,11,0
"dgp1",5,25,20270005,25,11,0
"dgp1",5,25,20270005,1,12,0.193227360896895
"dgp1",5,25,20270005,2,12,0
"dgp1",5,25,20270005,3,12,0.193227360896895
"dgp1",5,25,20270005,4,12,0.193227360896895
"dgp1",5,25,20270005,5,12,0
"dgp1",5,25,20270005,6,12,0
"dgp1",5,25,20270005,7,12,0
"dgp1",5,25,20270005,8,12,0
"dgp1",5,25,20270005,9,12,0
"dgp1",5,25,20270005,10,12,0.193227360896895
"dgp1",5,25,20270005,11,12,0
"dgp1",5,25,20270005,12,12,0.193227360896895
"dgp1",5,25,20270005,13,12,0.193227360896895
"dgp1",5,25,20270005,14,12,0
"dgp1",5,25,20270005,15,12,0
"dgp1",5,25,20270005,16,12,0
"dgp1",5,25,20270005,17,12,0
"dgp1",5,25,20270005,18,12,0
"dgp1",5,25,20270005,19,12,0
"dgp1",5,25,20270005,20,12,0
"dgp1",5,25,20270005,21,12,0
"dgp1",5,25,20270005,22,12,0
"dgp1",5,25,20270005,23,12,0
"dgp1",5,25,20270005,24,12,0
"dgp1",5,25,20270005,25,12,0
"dgp1",5,25,20270005,1,13,0
"dgp1",5,25,20270005,2,13,0
"dgp1",5,25,20270005,3,13,0
"dgp1",5,25,20270005,4,13,0
"dgp1",5,25,20270005,5,13,0
"dgp1",5,25,20270005,6,13,0
"dgp1",5,25,20270005,7,13,0
"dgp1",5,25,20270005,8,13,0
"dgp1",5,25,20270005,9,13,0
"dgp1",5,25,20270005,10,13,0
"dgp1",5,25,20270005,11,13,0.193227360896895
"dgp1",5,25,20270005,12,13,0
"dgp1",5,25,20270005,13,13,0.193227360896895
"dgp1",5,25,20270005,14,13,0.193227360896895
"dgp1",5,25,20270005,15,13,0
"dgp1",5,25,20270005,16,13,0
"dgp1",5,25,20270005,17,13,0
"dgp1",5,25,20270005,18,13,0
"dgp1",5,25,20270005,19,13,0
"dgp1",5,25,20270005,20,13,0
"dgp1",5,25,20270005,21,13,0.193227360896895
"dgp1",5,25,20270005,22,13,0
"dgp1",5,25,20270005,23,13,0
"dgp1",5,25,20270005,24,13,0
"dgp1",5,25,20270005,25,13,0
"dgp1",5,25,20270005,1,14,0
"dgp1",5,25,20270005,2,14,0
"dgp1",5,25,20270005,3,14,0
"dgp1",5,25,20270005,4,14,0
"dgp1",5,25,20270005,5,14,0
"dgp1",5,25,20270005,6,14,0
"dgp1",5,25,20270005,7,14,0
"dgp1",5,25,20270005,8,14,0
"dgp1",5,25,20270005,9,14,0
"dgp1",5,25,20270005,10,14,0
"dgp1",5,25,20270005,11,14,0
"dgp1",5,25,20270005,12,14,0.193227360896895
"dgp1",5,25,20270005,13,14,0
"dgp1",5,25,20270005,14,14,0.193227360896895
"dgp1",5,25,20270005,15,14,0
"dgp1",5,25,20270005,16,14,0
"dgp1",5,25,20270005,17,14,0
"dgp1",5,25,20270005,18,14,0
"dgp1",5,25,20270005,19,14,0
"dgp1",5,25,20270005,20,14,0.193227360896895
"dgp1",5,25,20270005,21,14,0
"dgp1",5,25,20270005,22,14,0
"dgp1",5,25,20270005,23,14,0
"dgp1",5,25,20270005,24,14,0
"dgp1",5,25,20270005,25,14,0
"dgp1",5,25,20270005,1,15,0
"dgp1",5,25,20270005,2,15,0
"dgp1",5,25,20270005,3,15,0
"dgp1",5,25,20270005,4,15,0
"dgp1",5,25,20270005,5,15,0
"dgp1",5,25,20270005,6,15,0
"dgp1",5,25,20270005,7,15,0
"dgp1",5,25,20270005,8,15,0
"dgp1",5,25,20270005,9,15,0
"dgp1",5,25,20270005,10,15,0
"dgp1",5,25,20270005,11,15,0
"dgp1",5,25,20270005,12,15,0
"dgp1",5,25,20270005,13,15,0
"dgp1",5,25,20270005,14,15,0
"dgp1",5,25,20270005,15,15,0.193227360896895
"dgp1",5,25,20270005,16,15,0.193227360896895
"dgp1",5,25,20270005,17,15,0
"dgp1",5,25,20270005,18,15,0
"dgp1",5,25,20270005,19,15,0
"dgp1",5,25,20270005,20,15,0
"dgp1",5,25,20270005,21,15,0
"dgp1",5,25,20270005,22,15,0
"dgp1",5,25,20270005,23,15,0
"dgp1",5,25,20270005,24,15,0
"dgp1",5,25,20270005,25,15,0.193227360896895
"dgp1",5,25,20270005,1,16,0
"dgp1",5,25,20270005,2,16,0
"dgp1",5,25,20270005,3,16,0
"dgp1",5,25,20270005,4,16,0
"dgp1",5,25,20270005,5,16,0
"dgp1",5,25,20270005,6,16,0
"dgp1",5,25,20270005,7,16,0
"dgp1",5,25,20270005,8,16,0.193227360896895
"dgp1",5,25,20270005,9,16,0
"dgp1",5,25,20270005,10,16,0.193227360896895
"dgp1",5,25,20270005,11,16,0
"dgp1",5,25,20270005,12,16,0
"dgp1",5,25,20270005,13,16,0
"dgp1",5,25,20270005,14,16,0
"dgp1",5,25,20270005,15,16,0
"dgp1",5,25,20270005,16,16,0.193227360896895
"dgp1",5,25,20270005,17,16,0
"dgp1",5,25,20270005,18,16,0
"dgp1",5,25,20270005,19,16,0
"dgp1",5,25,20270005,20,16,0
"dgp1",5,25,20270005,21,16,0
"dgp1",5,25,20270005,22,16,0
"dgp1",5,25,20270005,23,16,0.193227360896895
"dgp1",5,25,20270005,24,16,0
"dgp1",5,25,20270005,25,16,0
"dgp1",5,25,20270005,1,17,0
"dgp1",5,25,20270005,2,17,0
"dgp1",5,25,20270005,3,17,0
"dgp1",5,25,20270005,4,17,0
"dgp1",5,25,20270005,5,17,0
"dgp1",5,25,20270005,6,17,0
"dgp1",5,25,20270005,7,17,0
"dgp1",5,25,20270005,8,17,0
"dgp1",5,25,20270005,9,17,0
"dgp1",5,25,20270005,10,17,0
"dgp1",5,25,20270005,11,17,0
"dgp1",5,25,20270005,12,17,0.193227360896895
"dgp1",5,25,20270005,13,17,0
"dgp1",5,25,20270005,14,17,0
"dgp1",5,25,20270005,15,17,0.193227360896895
"dgp1",5,25,20270005,16,17,0
"dgp1",5,25,20270005,17,17,0.193227360896895
"dgp1",5,25,20270005,18,17,0
"dgp1",5,25,20270005,19,17,0
"dgp1",5,25,20270005,20,17,0
"dgp1",5,25,20270005,21,17,0
"dgp1",5,25,20270005,22,17,0
"dgp1",5,25,20270005,23,17,0
"dgp1",5,25,20270005,24,17,0
"dgp1",5,25,20270005,25,17,0
"dgp1",5,25,20270005,1,18,0
"dgp1",5,25,20270005,2,18,0
"dgp1",5,25,20270005,3,18,0
"dgp1",5,25,20270005,4,18,0
"dgp1",5,25,20270005,5,18,0
"dgp1",5,25,20270005,6,18,0
"dgp1",5,25,20270005,7,18,0
"dgp1",5,25,20270005,8,18,0
"dgp1",5,25,20270005,9,18,0
"dgp1",5,25,20270005,10,18,0
"dgp1",5,25,20270005,11,18,0
"dgp1",5,25,20270005,12,18,0
"dgp1",5,25,20270005,13,18,0
"dgp1",5,25,20270005,14,18,0
"dgp1",5,25,20270005,15,18,0
"dgp1",5,25,20270005,16,18,0
"dgp1",5,25,20270005,17,18,0
"dgp1",5,25,20270005,18,18,0.193227360896895
"dgp1",5,25,20270005,19,18,0
"dgp1",5,25,20270005,20,18,0
"dgp1",5,25,20270005,21,18,0
"dgp1",5,25,20270005,22,18,0
"dgp1",5,25,20270005,23,18,0
"dgp1",5,25,20270005,24,18,0
"dgp1",5,25,20270005,25,18,0
"dgp1",5,25,20270005,1,19,0
"dgp1",5,25,20270005,2,19,0
"dgp1",5,25,20270005,3,19,0
"dgp1",5,25,20270005,4,19,0
"dgp1",5,25,20270005,5,19,0
"dgp1",5,25,20270005,6,19,0
"dgp1",5,25,20270005,7,19,0
"dgp1",5,25,20270005,8,19,0
"dgp1",5,25,20270005,9,19,0.193227360896895
"dgp1",5,25,20270005,10,19,0
"dgp1",5,25,20270005,11,19,0
"dgp1",5,25,20270005,12,19,0
"dgp1",5,25,20270005,13,19,0
"dgp1",5,25,20270005,14,19,0
"dgp1",5,25,20270005,15,19,0
"dgp1",5,25,20270005,16,19,0
"dgp1",5,25,20270005,17,19,0
"dgp1",5,25,20270005,18,19,0
"dgp1",5,25,20270005,19,19,0.193227360896895
"dgp1",5,25,20270005,20,19,0
"dgp1",5,25,20270005,21,19,0
"dgp1",5,25,20270005,22,19,0
"dgp1",5,25,20270005,23,19,0.193227360896895
"dgp1",5,25,20270005,24,19,0
"dgp1",5,25,20270005,25,19,0
"dgp1",5,25,20270005,1,20,0
"dgp1",5,25,20270005,2,20,0
"dgp1",5,25,20270005,3,20,0
"dgp1",5,25,20270005,4,20,0
"dgp1",5,25,20270005,5,20,0
"dgp1",5,25,20270005,6,20,0
"dgp1",5,25,20270005,7,20,0
"dgp1",5,25,20270005,8,20,0
"dgp1",5,25,20270005,9,20,0
"dgp1",5,25,20270005,10,20,0
"dgp1",5,25,20270005,11,20,0
"dgp1",5,25,20270005,12,20,0.193227360896895
"dgp1",5,25,20270005,13,20,0
"dgp1",5,25,20270005,14,20,0.193227360896895
"dgp1",5,25,20270005,15,20,0.193227360896895
"dgp1",5,25,20270005,16,20,0
"dgp1",5,25,20270005,17,20,0.193227360896895
"dgp1",5,25,20270005,18,20,0
"dgp1",5,25,20270005,19,20,0
"dgp1",5,25,20270005,20,20,0.193227360896895
"dgp1",5,25,20270005,21,20,0
"dgp1",5,25,20270005,22,20,0
"dgp1",5,25,20270005,23,20,0
"dgp1",5,25,20270005,24,20,0
"dgp1",5,25,20270005,25,20,0
"dgp1",5,25,20270005,1,21,0
"dgp1",5,25,20270005,2,21,0.193227360896895
"dgp1",5,25,20270005,3,21,0
"dgp1",5,25,20270005,4,21,0
"dgp1",5,25,20270005,5,21,0
"dgp1",5,25,20270005,6,21,0
"dgp1",5,25,20270005,7,21,0
"dgp1",5,25,20270005,8,21,0
"dgp1",5,25,20270005,9,21,0
"dgp1",5,25,20270005,10,21,0
"dgp1",5,25,20270005,11,21,0.193227360896895
"dgp1",5,25,20270005,12,21,0
"dgp1",5,25,20270005,13,21,0
"dgp1",5,25,20270005,14,21,0
"dgp1",5,25,20270005,15,21,0
"dgp1",5,25,20270005,16,21,0
"dgp1",5,25,20270005,17,21,0
"dgp1",5,25,20270005,18,21,0
"dgp1",5,25,20270005,19,21,0
"dgp1",5,25,20270005,20,21,0
"dgp1",5,25,20270005,21,21,0.193227360896895
"dgp1",5,25,20270005,22,21,0
"dgp1",5,25,20270005,23,21,0
"dgp1",5,25,20270005,24,21,0.193227360896895
"dgp1",5,25,20270005,25,21,0
"dgp1",5,25,20270005,1,22,0
"dgp1",5,25,20270005,2,22,0
"dgp1",5,25,20270005,3,22,0
"dgp1",5,25,20270005,4,22,0
"dgp1",5,25,20270005,5,22,0
"dgp1",5,25,20270005,6,22,0
"dgp1",5,25,20270005,7,22,0
"dgp1",5,25,20270005,8,22,0
"dgp1",5,25,20270005,9,22,0
"dgp1",5,25,20270005,10,22,0
"dgp1",5,25,20270005,11,22,0
"dgp1",5,25,20270005,12,22,0
"dgp1",5,25,20270005,13,22,0.193227360896895
"dgp1",5,25,20270005,14,22,0
"dgp1",5,25,20270005,15,22,0
"dgp1",5,25,20270005,16,22,0
"dgp1",5,25,20270005,17,22,0
"dgp1",5,25,20270005,18,22,0
"dgp1",5,25,20270005,19,22,0
"dgp1",5,25,20270005,20,22,0
"dgp1",5,25,20270005,21,22,0
"dgp1",5,25,20270005,22,22,0.193227360896895
"dgp1",5,25,20270005,23,22,0
"dgp1",5,25,20270005,24,22,0
"dgp1",5,25,20270005,25,22,0
"dgp1",5,25,20270005,1,23,0
"dgp1",5,25,20270005,2,23,0.193227360896895
"dgp1",5,25,20270005,3,23,0
"dgp1",5,25,20270005,4,23,0
"dgp1",5,25,20270005,5,23,0
"dgp1",5,25,20270005,6,23,0
"dgp1",5,25,20270005,7,23,0.193227360896895
"dgp1",5,25,20270005,8,23,0
"dgp1",5,25,20270005,9,23,0
"dgp1",5,25,20270005,10,23,0
"dgp1",5,25,20270005,11,23,0
"dgp1",5,25,20270005,12,23,0
"dgp1",5,25,20270005,13,23,0.193227360896895
"dgp1",5,25,20270005,14,23,0.193227360896895
"dgp1",5,25,20270005,15,23,0
"dgp1",5,25,20270005,16,23,0
"dgp1",5,25,20270005,17,23,0
"dgp1",5,25,20270005,18,23,0
"dgp1",5,25,20270005,19,23,0
"dgp1",5,25,20270005,20,23,0
"dgp1",5,25,20270005,21,23,0.193227360896895
"dgp1",5,25,20270005,22,23,0
"dgp1",5,25,20270005,23,23,0.193227360896895
"dgp1",5,25,20270005,24,23,0
"dgp1",5,25,20270005,25,23,0
"dgp1",5,25,20270005,1,24,0
"dgp1",5,25,20270005,2,24,0
"dgp1",5,25,20270005,3,24,0
"dgp1",5,25,20270005,4,24,0.193227360896895
"dgp1",5,25,20270005,5,24,0
"dgp1",5,25,20270005,6,24,0
"dgp1",5,25,20270005,7,24,0
"dgp1",5,25,20270005,8,24,0
"dgp1",5,25,20270005,9,24,0
"dgp1",5,25,20270005,10,24,0
"dgp1",5,25,20270005,11,24,0
"dgp1",5,25,20270005,12,24,0
"dgp1",5,25,20270005,13,24,0
"dgp1",5,25,20270005,14,24,0
"dgp1",5,25,20270005,15,24,0
"dgp1",5,25,20270005,16,24,0
"dgp1",5,25,20270005,17,24,0
"dgp1",5,25,20270005,18,24,0.193227360896895
"dgp1",5,25,20270005,19,24,0
"dgp1",5,25,20270005,20,24,0
"dgp1",5,25,20270005,21,24,0
"dgp1",5,25,20270005,22,24,0
"dgp1",5,25,20270005,23,24,0
"dgp1",5,25,20270005,24,24,0.193227360896895
"dgp1",5,25,20270005,25,24,0.193227360896895
"dgp1",5,25,20270005,1,25,0
"dgp1",5,25,20270005,2,25,0
"dgp1",5,25,20270005,3,25,0
"dgp1",5,25,20270005,4,25,0
"dgp1",5,25,20270005,5,25,0.193227360896895
"dgp1",5,25,20270005,6,25,0.193227360896895
"dgp1",5,25,20270005,7,25,0
"dgp1",5,25,20270005,8,25,0
"dgp1",5,25,20270005,9,25,0
"dgp1",5,25,20270005,10,25,0
"dgp1",5,25,20270005,11,25,0
"dgp1",5,25,20270005,12,25,0.193227360896895
"dgp1",5,25,20270005,13,25,0
"dgp1",5,25,20270005,14,25,0
"dgp1",5,25,20270005,15,25,0
"dgp1",5,25,20270005,16,25,0
"dgp1",5,25,20270005,17,25,0
"dgp1",5,25,20270005,18,25,0
"dgp1",5,25,20270005,19,25,0
"dgp1",5,25,20270005,20,25,0.193227360896895
"dgp1",5,25,20270005,21,25,0
"dgp1",5,25,20270005,22,25,0
"dgp1",5,25,20270005,23,25,0
"dgp1",5,25,20270005,24,25,0
"dgp1",5,25,20270005,25,25,0.193227360896895
"dgp1",6,30,20270006,1,1,0.181550160207955
"dgp1",6,30,20270006,2,1,0
"dgp1",6,30,20270006,3,1,0
"dgp1",6,30,20270006,4,1,0
"dgp1",6,30,20270006,5,1,0
"dgp1",6,30,20270006,6,1,0
"dgp1",6,30,20270006,7,1,0
"dgp1",6,30,20270006,8,1,0
"dgp1",6,30,20270006,9,1,0
"dgp1",6,30,20270006,10,1,0.181550160207955
"dgp1",6,30,20270006,11,1,0
"dgp1",6,30,20270006,12,1,0.181550160207955
"dgp1",6,30,20270006,13,1,0
"dgp1",6,30,20270006,14,1,0
"dgp1",6,30,20270006,15,1,0
"dgp1",6,30,20270006,16,1,0
"dgp1",6,30,20270006,17,1,0
"dgp1",6,30,20270006,18,1,0
"dgp1",6,30,20270006,19,1,0
"dgp1",6,30,20270006,20,1,0
"dgp1",6,30,20270006,21,1,0
"dgp1",6,30,20270006,22,1,0.181550160207955
"dgp1",6,30,20270006,23,1,0
"dgp1",6,30,20270006,24,1,0.181550160207955
"dgp1",6,30,20270006,25,1,0.181550160207955
"dgp1",6,30,20270006,26,1,0
"dgp1",6,30,20270006,27,1,0
"dgp1",6,30,20270006,28,1,0
"dgp1",6,30,20270006,29,1,0
"dgp1",6,30,20270006,30,1,0
"dgp1",6,30,20270006,1,2,0.181550160207955
"dgp1",6,30,20270006,2,2,0.181550160207955
"dgp1",6,30,20270006,3,2,0
"dgp1",6,30,20270006,4,2,0
"dgp1",6,30,20270006,5,2,0
"dgp1",6,30,20270006,6,2,0
"dgp1",6,30,20270006,7,2,0
"dgp1",6,30,20270006,8,2,0
"dgp1",6,30,20270006,9,2,0
"dgp1",6,30,20270006,10,2,0
"dgp1",6,30,20270006,11,2,0
"dgp1",6,30,20270006,12,2,0
"dgp1",6,30,20270006,13,2,0.181550160207955
"dgp1",6,30,20270006,14,2,0
"dgp1",6,30,20270006,15,2,0
"dgp1",6,30,20270006,16,2,0
"dgp1",6,30,20270006,17,2,0
"dgp1",6,30,20270006,18,2,0
"dgp1",6,30,20270006,19,2,0
"dgp1",6,30,20270006,20,2,0
"dgp1",6,30,20270006,21,2,0
"dgp1",6,30,20270006,22,2,0
"dgp1",6,30,20270006,23,2,0
"dgp1",6,30,20270006,24,2,0
"dgp1",6,30,20270006,25,2,0
"dgp1",6,30,20270006,26,2,0
"dgp1",6,30,20270006,27,2,0
"dgp1",6,30,20270006,28,2,0
"dgp1",6,30,20270006,29,2,0
"dgp1",6,30,20270006,30,2,0
"dgp1",6,30,20270006,1,3,0
"dgp1",6,30,20270006,2,3,0
"dgp1",6,30,20270006,3,3,0.181550160207955
"dgp1",6,30,20270006,4,3,0
"dgp1",6,30,20270006,5,3,0
"dgp1",6,30,20270006,6,3,0
"dgp1",6,30,20270006,7,3,0.181550160207955
"dgp1",6,30,20270006,8,3,0
"dgp1",6,30,20270006,9,3,0
"dgp1",6,30,20270006,10,3,0
"dgp1",6,30,20270006,11,3,0.181550160207955
"dgp1",6,30,20270006,12,3,0
"dgp1",6,30,20270006,13,3,0
"dgp1",6,30,20270006,14,3,0
"dgp1",6,30,20270006,15,3,0
"dgp1",6,30,20270006,16,3,0
"dgp1",6,30,20270006,17,3,0
"dgp1",6,30,20270006,18,3,0
"dgp1",6,30,20270006,19,3,0
"dgp1",6,30,20270006,20,3,0
"dgp1",6,30,20270006,21,3,0
"dgp1",6,30,20270006,22,3,0
"dgp1",6,30,20270006,23,3,0
"dgp1",6,30,20270006,24,3,0
"dgp1",6,30,20270006,25,3,0
"dgp1",6,30,20270006,26,3,0.181550160207955
"dgp1",6,30,20270006,27,3,0.181550160207955
"dgp1",6,30,20270006,28,3,0
"dgp1",6,30,20270006,29,3,0
"dgp1",6,30,20270006,30,3,0
"dgp1",6,30,20270006,1,4,0
"dgp1",6,30,20270006,2,4,0
"dgp1",6,30,20270006,3,4,0
"dgp1",6,30,20270006,4,4,0.181550160207955
"dgp1",6,30,20270006,5,4,0
"dgp1",6,30,20270006,6,4,0
"dgp1",6,30,20270006,7,4,0
"dgp1",6,30,20270006,8,4,0
"dgp1",6,30,20270006,9,4,0
"dgp1",6,30,20270006,10,4,0
"dgp1",6,30,20270006,11,4,0.181550160207955
"dgp1",6,30,20270006,12,4,0
"dgp1",6,30,20270006,13,4,0
"dgp1",6,30,20270006,14,4,0
"dgp1",6,30,20270006,15,4,0.181550160207955
"dgp1",6,30,20270006,16,4,0
"dgp1",6,30,20270006,17,4,0
"dgp1",6,30,20270006,18,4,0
"dgp1",6,30,20270006,19,4,0
"dgp1",6,30,20270006,20,4,0
"dgp1",6,30,20270006,21,4,0
"dgp1",6,30,20270006,22,4,0
"dgp1",6,30,20270006,23,4,0
"dgp1",6,30,20270006,24,4,0
"dgp1",6,30,20270006,25,4,0
"dgp1",6,30,20270006,26,4,0
"dgp1",6,30,20270006,27,4,0
"dgp1",6,30,20270006,28,4,0
"dgp1",6,30,20270006,29,4,0
"dgp1",6,30,20270006,30,4,0
"dgp1",6,30,20270006,1,5,0
"dgp1",6,30,20270006,2,5,0
"dgp1",6,30,20270006,3,5,0
"dgp1",6,30,20270006,4,5,0
"dgp1",6,30,20270006,5,5,0.181550160207955
"dgp1",6,30,20270006,6,5,0
"dgp1",6,30,20270006,7,5,0
"dgp1",6,30,20270006,8,5,0
"dgp1",6,30,20270006,9,5,0
"dgp1",6,30,20270006,10,5,0
"dgp1",6,30,20270006,11,5,0.181550160207955
"dgp1",6,30,20270006,12,5,0
"dgp1",6,30,20270006,13,5,0
"dgp1",6,30,20270006,14,5,0
"dgp1",6,30,20270006,15,5,0
"dgp1",6,30,20270006,16,5,0
"dgp1",6,30,20270006,17,5,0
"dgp1",6,30,20270006,18,5,0
"dgp1",6,30,20270006,19,5,0
"dgp1",6,30,20270006,20,5,0
"dgp1",6,30,20270006,21,5,0
"dgp1",6,30,20270006,22,5,0
"dgp1",6,30,20270006,23,5,0
"dgp1",6,30,20270006,24,5,0
"dgp1",6,30,20270006,25,5,0
"dgp1",6,30,20270006,26,5,0
"dgp1",6,30,20270006,27,5,0.181550160207955
"dgp1",6,30,20270006,28,5,0
"dgp1",6,30,20270006,29,5,0
"dgp1",6,30,20270006,30,5,0
"dgp1",6,30,20270006,1,6,0
"dgp1",6,30,20270006,2,6,0.181550160207955
"dgp1",6,30,20270006,3,6,0
"dgp1",6,30,20270006,4,6,0
"dgp1",6,30,20270006,5,6,0
"dgp1",6,30,20270006,6,6,0.181550160207955
"dgp1",6,30,20270006,7,6,0
"dgp1",6,30,20270006,8,6,0
"dgp1",6,30,20270006,9,6,0
"dgp1",6,30,20270006,10,6,0
"dgp1",6,30,20270006,11,6,0
"dgp1",6,30,20270006,12,6,0
"dgp1",6,30,20270006,13,6,0
"dgp1",6,30,20270006,14,6,0
"dgp1",6,30,20270006,15,6,0
"dgp1",6,30,20270006,16,6,0.181550160207955
"dgp1",6,30,20270006,17,6,0
"dgp1",6,30,20270006,18,6,0
"dgp1",6,30,20270006,19,6,0
"dgp1",6,30,20270006,20,6,0
"dgp1",6,30,20270006,21,6,0
"dgp1",6,30,20270006,22,6,0
"dgp1",6,30,20270006,23,6,0
"dgp1",6,30,20270006,24,6,0
"dgp1",6,30,20270006,25,6,0
"dgp1",6,30,20270006,26,6,0
"dgp1",6,30,20270006,27,6,0.181550160207955
"dgp1",6,30,20270006,28,6,0
"dgp1",6,30,20270006,29,6,0
"dgp1",6,30,20270006,30,6,0
"dgp1",6,30,20270006,1,7,0
"dgp1",6,30,20270006,2,7,0
"dgp1",6,30,20270006,3,7,0
"dgp1",6,30,20270006,4,7,0
"dgp1",6,30,20270006,5,7,0
"dgp1",6,30,20270006,6,7,0
"dgp1",6,30,20270006,7,7,0.181550160207955
"dgp1",6,30,20270006,8,7,0
"dgp1",6,30,20270006,9,7,0
"dgp1",6,30,20270006,10,7,0
"dgp1",6,30,20270006,11,7,0
"dgp1",6,30,20270006,12,7,0
"dgp1",6,30,20270006,13,7,0
"dgp1",6,30,20270006,14,7,0
"dgp1",6,30,20270006,15,7,0
"dgp1",6,30,20270006,16,7,0
"dgp1",6,30,20270006,17,7,0.181550160207955
"dgp1",6,30,20270006,18,7,0
"dgp1",6,30,20270006,19,7,0
"dgp1",6,30,20270006,20,7,0
"dgp1",6,30,20270006,21,7,0
"dgp1",6,30,20270006,22,7,0
"dgp1",6,30,20270006,23,7,0
"dgp1",6,30,20270006,24,7,0
"dgp1",6,30,20270006,25,7,0
"dgp1",6,30,20270006,26,7,0
"dgp1",6,30,20270006,27,7,0
"dgp1",6,30,20270006,28,7,0
"dgp1",6,30,20270006,29,7,0
"dgp1",6,30,20270006,30,7,0
"dgp1",6,30,20270006,1,8,0.181550160207955
"dgp1",6,30,20270006,2,8,0
"dgp1",6,30,20270006,3,8,0
"dgp1",6,30,20270006,4,8,0
"dgp1",6,30,20270006,5,8,0
"dgp1",6,30,20270006,6,8,0
"dgp1",6,30,20270006,7,8,0
"dgp1",6,30,20270006,8,8,0.181550160207955
"dgp1",6,30,20270006,9,8,0
"dgp1",6,30,20270006,10,8,0
"dgp1",6,30,20270006,11,8,0.181550160207955
"dgp1",6,30,20270006,12,8,0
"dgp1",6,30,20270006,13,8,0
"dgp1",6,30,20270006,14,8,0
"dgp1",6,30,20270006,15,8,0
"dgp1",6,30,20270006,16,8,0
"dgp1",6,30,20270006,17,8,0
"dgp1",6,30,20270006,18,8,0.181550160207955
"dgp1",6,30,20270006,19,8,0
"dgp1",6,30,20270006,20,8,0
"dgp1",6,30,20270006,21,8,0
"dgp1",6,30,20270006,22,8,0
"dgp1",6,30,20270006,23,8,0
"dgp1",6,30,20270006,24,8,0.181550160207955
"dgp1",6,30,20270006,25,8,0
"dgp1",6,30,20270006,26,8,0
"dgp1",6,30,20270006,27,8,0
"dgp1",6,30,20270006,28,8,0
"dgp1",6,30,20270006,29,8,0
"dgp1",6,30,20270006,30,8,0
"dgp1",6,30,20270006,1,9,0
"dgp1",6,30,20270006,2,9,0
"dgp1",6,30,20270006,3,9,0
"dgp1",6,30,20270006,4,9,0
"dgp1",6,30,20270006,5,9,0
"dgp1",6,30,20270006,6,9,0
"dgp1",6,30,20270006,7,9,0
"dgp1",6,30,20270006,8,9,0
"dgp1",6,30,20270006,9,9,0.181550160207955
"dgp1",6,30,20270006,10,9,0
"dgp1",6,30,20270006,11,9,0
"dgp1",6,30,20270006,12,9,0
"dgp1",6,30,20270006,13,9,0
"dgp1",6,30,20270006,14,9,0
"dgp1",6,30,20270006,15,9,0
"dgp1",6,30,20270006,16,9,0
"dgp1",6,30,20270006,17,9,0
"dgp1",6,30,20270006,18,9,0
"dgp1",6,30,20270006,19,9,0
"dgp1",6,30,20270006,20,9,0
"dgp1",6,30,20270006,21,9,0
"dgp1",6,30,20270006,22,9,0
"dgp1",6,30,20270006,23,9,0
"dgp1",6,30,20270006,24,9,0
"dgp1",6,30,20270006,25,9,0
"dgp1",6,30,20270006,26,9,0
"dgp1",6,30,20270006,27,9,0
"dgp1",6,30,20270006,28,9,0
"dgp1",6,30,20270006,29,9,0
"dgp1",6,30,20270006,30,9,0
"dgp1",6,30,20270006,1,10,0
"dgp1",6,30,20270006,2,10,0.181550160207955
"dgp1",6,30,20270006,3,10,0
"dgp1",6,30,20270006,4,10,0
"dgp1",6,30,20270006,5,10,0
"dgp1",6,30,20270006,6,10,0
"dgp1",6,30,20270006,7,10,0
"dgp1",6,30,20270006,8,10,0
"dgp1",6,30,20270006,9,10,0
"dgp1",6,30,20270006,10,10,0.181550160207955
"dgp1",6,30,20270006,11,10,0
"dgp1",6,30,20270006,12,10,0
"dgp1",6,30,20270006,13,10,0
"dgp1",6,30,20270006,14,10,0
"dgp1",6,30,20270006,15,10,0
"dgp1",6,30,20270006,16,10,0
"dgp1",6,30,20270006,17,10,0
"dgp1",6,30,20270006,18,10,0
"dgp1",6,30,20270006,19,10,0
"dgp1",6,30,20270006,20,10,0
"dgp1",6,30,20270006,21,10,0
"dgp1",6,30,20270006,22,10,0
"dgp1",6,30,20270006,23,10,0
"dgp1",6,30,20270006,24,10,0
"dgp1",6,30,20270006,25,10,0
"dgp1",6,30,20270006,26,10,0.181550160207955
"dgp1",6,30,20270006,27,10,0
"dgp1",6,30,20270006,28,10,0
"dgp1",6,30,20270006,29,10,0
"dgp1",6,30,20270006,30,10,0
"dgp1",6,30,20270006,1,11,0
"dgp1",6,30,20270006,2,11,0.181550160207955
"dgp1",6,30,20270006,3,11,0
"dgp1",6,30,20270006,4,11,0
"dgp1",6,30,20270006,5,11,0
"dgp1",6,30,20270006,6,11,0
"dgp1",6,30,20270006,7,11,0
"dgp1",6,30,20270006,8,11,0
"dgp1",6,30,20270006,9,11,0
"dgp1",6,30,20270006,10,11,0
"dgp1",6,30,20270006,11,11,0.181550160207955
"dgp1",6,30,20270006,12,11,0
"dgp1",6,30,20270006,13,11,0
"dgp1",6,30,20270006,14,11,0
"dgp1",6,30,20270006,15,11,0
"dgp1",6,30,20270006,16,11,0
"dgp1",6,30,20270006,17,11,0
"dgp1",6,30,20270006,18,11,0
"dgp1",6,30,20270006,19,11,0
"dgp1",6,30,20270006,20,11,0
"dgp1",6,30,20270006,21,11,0
"dgp1",6,30,20270006,22,11,0
"dgp1",6,30,20270006,23,11,0
"dgp1",6,30,20270006,24,11,0
"dgp1",6,30,20270006,25,11,0
"dgp1",6,30,20270006,26,11,0
"dgp1",6,30,20270006,27,11,0
"dgp1",6,30,20270006,28,11,0
"dgp1",6,30,20270006,29,11,0
"dgp1",6,30,20270006,30,11,0.181550160207955
"dgp1",6,30,20270006,1,12,0
"dgp1",6,30,20270006,2,12,0
"dgp1",6,30,20270006,3,12,0
"dgp1",6,30,20270006,4,12,0.181550160207955
"dgp1",6,30,20270006,5,12,0
"dgp1",6,30,20270006,6,12,0
"dgp1",6,30,20270006,7,12,0
"dgp1",6,30,20270006,8,12,0
"dgp1",6,30,20270006,9,12,0
"dgp1",6,30,20270006,10,12,0
"dgp1",6,30,20270006,11,12,0
"dgp1",6,30,20270006,12,12,0.181550160207955
"dgp1",6,30,20270006,13,12,0
"dgp1",6,30,20270006,14,12,0
"dgp1",6,30,20270006,15,12,0.181550160207955
"dgp1",6,30,20270006,16,12,0
"dgp1",6,30,20270006,17,12,0
"dgp1",6,30,20270006,18,12,0.181550160207955
"dgp1",6,30,20270006,19,12,0.181550160207955
"dgp1",6,30,20270006,20,12,0
"dgp1",6,30,20270006,21,12,0
"dgp1",6,30,20270006,22,12,0
"dgp1",6,30,20270006,23,12,0
"dgp1",6,30,20270006,24,12,0
"dgp1",6,30,20270006,25,12,0
"dgp1",6,30,20270006,26,12,0
"dgp1",6,30,20270006,27,12,0
"dgp1",6,30,20270006,28,12,0.181550160207955
"dgp1",6,30,20270006,29,12,0
"dgp1",6,30,20270006,30,12,0
"dgp1",6,30,20270006,1,13,0
"dgp1",6,30,20270006,2,13,0
"dgp1",6,30,20270006,3,13,0
"dgp1",6,30,20270006,4,13,0
"dgp1",6,30,20270006,5,13,0
"dgp1",6,30,20270006,6,13,0
"dgp1",6,30,20270006,7,13,0
"dgp1",6,30,20270006,8,13,0
"dgp1",6,30,20270006,9,13,0
"dgp1",6,30,20270006,10,13,0
"dgp1",6,30,20270006,11,13,0
"dgp1",6,30,20270006,12,13,0
"dgp1",6,30,20270006,13,13,0.181550160207955
"dgp1",6,30,20270006,14,13,0
"dgp1",6,30,20270006,15,13,0
"dgp1",6,30,20270006,16,13,0
"dgp1",6,30,20270006,17,13,0
"dgp1",6,30,20270006,18,13,0
"dgp1",6,30,20270006,19,13,0
"dgp1",6,30,20270006,20,13,0
"dgp1",6,30,20270006,21,13,0
"dgp1",6,30,20270006,22,13,0
"dgp1",6,30,20270006,23,13,0
"dgp1",6,30,20270006,24,13,0
"dgp1",6,30,20270006,25,13,0
"dgp1",6,30,20270006,26,13,0
"dgp1",6,30,20270006,27,13,0
"dgp1",6,30,20270006,28,13,0
"dgp1",6,30,20270006,29,13,0
"dgp1",6,30,20270006,30,13,0
"dgp1",6,30,20270006,1,14,0
"dgp1",6,30,20270006,2,14,0
"dgp1",6,30,20270006,3,14,0.181550160207955
"dgp1",6,30,20270006,4,14,0
"dgp1",6,30,20270006,5,14,0
"dgp1",6,30,20270006,6,14,0
"dgp1",6,30,20270006,7,14,0
"dgp1",6,30,20270006,8,14,0
"dgp1",6,30,20270006,9,14,0
"dgp1",6,30,20270006,10,14,0
"dgp1",6,30,20270006,11,14,0
"dgp1",6,30,20270006,12,14,0
"dgp1",6,30,20270006,13,14,0
"dgp1",6,30,20270006,14,14,0.181550160207955
"dgp1",6,30,20270006,15,14,0
"dgp1",6,30,20270006,16,14,0
"dgp1",6,30,20270006,17,14,0.181550160207955
"dgp1",6,30,20270006,18,14,0
"dgp1",6,30,20270006,19,14,0
"dgp1",6,30,20270006,20,14,0
"dgp1",6,30,20270006,21,14,0
"dgp1",6,30,20270006,22,14,0
"dgp1",6,30,20270006,23,14,0
"dgp1",6,30,20270006,24,14,0
"dgp1",6,30,20270006,25,14,0
"dgp1",6,30,20270006,26,14,0
"dgp1",6,30,20270006,27,14,0
"dgp1",6,30,20270006,28,14,0
"dgp1",6,30,20270006,29,14,0
"dgp1",6,30,20270006,30,14,0
"dgp1",6,30,20270006,1,15,0
"dgp1",6,30,20270006,2,15,0
"dgp1",6,30,20270006,3,15,0
"dgp1",6,30,20270006,4,15,0
"dgp1",6,30,20270006,5,15,0.181550160207955
"dgp1",6,30,20270006,6,15,0
"dgp1",6,30,20270006,7,15,0
"dgp1",6,30,20270006,8,15,0
"dgp1",6,30,20270006,9,15,0
"dgp1",6,30,20270006,10,15,0
"dgp1",6,30,20270006,11,15,0
"dgp1",6,30,20270006,12,15,0.181550160207955
"dgp1",6,30,20270006,13,15,0
"dgp1",6,30,20270006,14,15,0
"dgp1",6,30,20270006,15,15,0.181550160207955
"dgp1",6,30,20270006,16,15,0
"dgp1",6,30,20270006,17,15,0
"dgp1",6,30,20270006,18,15,0
"dgp1",6,30,20270006,19,15,0
"dgp1",6,30,20270006,20,15,0
"dgp1",6,30,20270006,21,15,0
"dgp1",6,30,20270006,22,15,0
"dgp1",6,30,20270006,23,15,0
"dgp1",6,30,20270006,24,15,0.181550160207955
"dgp1",6,30,20270006,25,15,0
"dgp1",6,30,20270006,26,15,0
"dgp1",6,30,20270006,27,15,0
"dgp1",6,30,20270006,28,15,0
"dgp1",6,30,20270006,29,15,0
"dgp1",6,30,20270006,30,15,0
"dgp1",6,30,20270006,1,16,0
"dgp1",6,30,20270006,2,16,0
"dgp1",6,30,20270006,3,16,0
"dgp1",6,30,20270006,4,16,0
"dgp1",6,30,20270006,5,16,0
"dgp1",6,30,20270006,6,16,0
"dgp1",6,30,20270006,7,16,0
"dgp1",6,30,20270006,8,16,0
"dgp1",6,30,20270006,9,16,0
"dgp1",6,30,20270006,10,16,0
"dgp1",6,30,20270006,11,16,0
"dgp1",6,30,20270006,12,16,0
"dgp1",6,30,20270006,13,16,0
"dgp1",6,30,20270006,14,16,0
"dgp1",6,30,20270006,15,16,0
"dgp1",6,30,20270006,16,16,0.181550160207955
"dgp1",6,30,20270006,17,16,0.181550160207955
"dgp1",6,30,20270006,18,16,0
"dgp1",6,30,20270006,19,16,0
"dgp1",6,30,20270006,20,16,0
"dgp1",6,30,20270006,21,16,0
"dgp1",6,30,20270006,22,16,0
"dgp1",6,30,20270006,23,16,0
"dgp1",6,30,20270006,24,16,0.181550160207955
"dgp1",6,30,20270006,25,16,0.181550160207955
"dgp1",6,30,20270006,26,16,0
"dgp1",6,30,20270006,27,16,0
"dgp1",6,30,20270006,28,16,0
"dgp1",6,30,20270006,29,16,0
"dgp1",6,30,20270006,30,16,0
"dgp1",6,30,20270006,1,17,0
"dgp1",6,30,20270006,2,17,0
"dgp1",6,30,20270006,3,17,0
"dgp1",6,30,20270006,4,17,0
"dgp1",6,30,20270006,5,17,0.181550160207955
"dgp1",6,30,20270006,6,17,0
"dgp1",6,30,20270006,7,17,0
"dgp1",6,30,20270006,8,17,0
"dgp1",6,30,20270006,9,17,0
"dgp1",6,30,20270006,10,17,0
"dgp1",6,30,20270006,11,17,0
"dgp1",6,30,20270006,12,17,0
"dgp1",6,30,20270006,13,17,0
"dgp1",6,30,20270006,14,17,0
"dgp1",6,30,20270006,15,17,0
"dgp1",6,30,20270006,16,17,0
"dgp1",6,30,20270006,17,17,0.181550160207955
"dgp1",6,30,20270006,18,17,0
"dgp1",6,30,20270006,19,17,0
"dgp1",6,30,20270006,20,17,0
"dgp1",6,30,20270006,21,17,0
"dgp1",6,30,20270006,22,17,0
"dgp1",6,30,20270006,23,17,0
"dgp1",6,30,20270006,24,17,0
"dgp1",6,30,20270006,25,17,0
"dgp1",6,30,20270006,26,17,0
"dgp1",6,30,20270006,27,17,0
"dgp1",6,30,20270006,28,17,0.181550160207955
"dgp1",6,30,20270006,29,17,0
"dgp1",6,30,20270006,30,17,0
"dgp1",6,30,20270006,1,18,0
"dgp1",6,30,20270006,2,18,0
"dgp1",6,30,20270006,3,18,0
"dgp1",6,30,20270006,4,18,0
"dgp1",6,30,20270006,5,18,0
"dgp1",6,30,20270006,6,18,0
"dgp1",6,30,20270006,7,18,0
"dgp1",6,30,20270006,8,18,0
"dgp1",6,30,20270006,9,18,0
"dgp1",6,30,20270006,10,18,0
"dgp1",6,30,20270006,11,18,0
"dgp1",6,30,20270006,12,18,0
"dgp1",6,30,20270006,13,18,0
"dgp1",6,30,20270006,14,18,0.181550160207955
"dgp1",6,30,20270006,15,18,0
"dgp1",6,30,20270006,16,18,0
"dgp1",6,30,20270006,17,18,0
"dgp1",6,30,20270006,18,18,0.181550160207955
"dgp1",6,30,20270006,19,18,0.181550160207955
"dgp1",6,30,20270006,20,18,0
"dgp1",6,30,20270006,21,18,0
"dgp1",6,30,20270006,22,18,0
"dgp1",6,30,20270006,23,18,0
"dgp1",6,30,20270006,24,18,0
"dgp1",6,30,20270006,25,18,0
"dgp1",6,30,20270006,26,18,0
"dgp1",6,30,20270006,27,18,0
"dgp1",6,30,20270006,28,18,0
"dgp1",6,30,20270006,29,18,0
"dgp1",6,30,20270006,30,18,0
"dgp1",6,30,20270006,1,19,0
"dgp1",6,30,20270006,2,19,0
"dgp1",6,30,20270006,3,19,0
"dgp1",6,30,20270006,4,19,0
"dgp1",6,30,20270006,5,19,0.181550160207955
"dgp1",6,30,20270006,6,19,0
"dgp1",6,30,20270006,7,19,0
"dgp1",6,30,20270006,8,19,0
"dgp1",6,30,20270006,9,19,0
"dgp1",6,30,20270006,10,19,0
"dgp1",6,30,20270006,11,19,0
"dgp1",6,30,20270006,12,19,0
"dgp1",6,30,20270006,13,19,0.181550160207955
"dgp1",6,30,20270006,14,19,0
"dgp1",6,30,20270006,15,19,0
"dgp1",6,30,20270006,16,19,0
"dgp1",6,30,20270006,17,19,0
"dgp1",6,30,20270006,18,19,0
"dgp1",6,30,20270006,19,19,0.181550160207955
"dgp1",6,30,20270006,20,19,0
"dgp1",6,30,20270006,21,19,0
"dgp1",6,30,20270006,22,19,0.181550160207955
"dgp1",6,30,20270006,23,19,0
"dgp1",6,30,20270006,24,19,0.181550160207955
"dgp1",6,30,20270006,25,19,0
"dgp1",6,30,20270006,26,19,0
"dgp1",6,30,20270006,27,19,0.181550160207955
"dgp1",6,30,20270006,28,19,0
"dgp1",6,30,20270006,29,19,0
"dgp1",6,30,20270006,30,19,0
"dgp1",6,30,20270006,1,20,0
"dgp1",6,30,20270006,2,20,0
"dgp1",6,30,20270006,3,20,0
"dgp1",6,30,20270006,4,20,0
"dgp1",6,30,20270006,5,20,0
"dgp1",6,30,20270006,6,20,0
"dgp1",6,30,20270006,7,20,0
"dgp1",6,30,20270006,8,20,0
"dgp1",6,30,20270006,9,20,0
"dgp1",6,30,20270006,10,20,0
"dgp1",6,30,20270006,11,20,0
"dgp1",6,30,20270006,12,20,0
"dgp1",6,30,20270006,13,20,0
"dgp1",6,30,20270006,14,20,0
"dgp1",6,30,20270006,15,20,0
"dgp1",6,30,20270006,16,20,0.181550160207955
"dgp1",6,30,20270006,17,20,0
"dgp1",6,30,20270006,18,20,0
"dgp1",6,30,20270006,19,20,0.181550160207955
"dgp1",6,30,20270006,20,20,0.181550160207955
"dgp1",6,30,20270006,21,20,0
"dgp1",6,30,20270006,22,20,0
"dgp1",6,30,20270006,23,20,0
"dgp1",6,30,20270006,24,20,0.181550160207955
"dgp1",6,30,20270006,25,20,0
"dgp1",6,30,20270006,26,20,0.181550160207955
"dgp1",6,30,20270006,27,20,0
"dgp1",6,30,20270006,28,20,0
"dgp1",6,30,20270006,29,20,0
"dgp1",6,30,20270006,30,20,0
"dgp1",6,30,20270006,1,21,0
"dgp1",6,30,20270006,2,21,0
"dgp1",6,30,20270006,3,21,0
"dgp1",6,30,20270006,4,21,0
"dgp1",6,30,20270006,5,21,0
"dgp1",6,30,20270006,6,21,0
"dgp1",6,30,20270006,7,21,0
"dgp1",6,30,20270006,8,21,0
"dgp1",6,30,20270006,9,21,0
"dgp1",6,30,20270006,10,21,0
"dgp1",6,30,20270006,11,21,0
"dgp1",6,30,20270006,12,21,0
"dgp1",6,30,20270006,13,21,0
"dgp1",6,30,20270006,14,21,0
"dgp1",6,30,20270006,15,21,0
"dgp1",6,30,20270006,16,21,0
"dgp1",6,30,20270006,17,21,0
"dgp1",6,30,20270006,18,21,0
"dgp1",6,30,20270006,19,21,0
"dgp1",6,30,20270006,20,21,0
"dgp1",6,30,20270006,21,21,0.181550160207955
"dgp1",6,30,20270006,22,21,0
"dgp1",6,30,20270006,23,21,0
"dgp1",6,30,20270006,24,21,0.181550160207955
"dgp1",6,30,20270006,25,21,0
"dgp1",6,30,20270006,26,21,0
"dgp1",6,30,20270006,27,21,0
"dgp1",6,30,20270006,28,21,0
"dgp1",6,30,20270006,29,21,0
"dgp1",6,30,20270006,30,21,0
"dgp1",6,30,20270006,1,22,0
"dgp1",6,30,20270006,2,22,0
"dgp1",6,30,20270006,3,22,0
"dgp1",6,30,20270006,4,22,0
"dgp1",6,30,20270006,5,22,0
"dgp1",6,30,20270006,6,22,0
"dgp1",6,30,20270006,7,22,0
"dgp1",6,30,20270006,8,22,0
"dgp1",6,30,20270006,9,22,0
"dgp1",6,30,20270006,10,22,0
"dgp1",6,30,20270006,11,22,0
"dgp1",6,30,20270006,12,22,0
"dgp1",6,30,20270006,13,22,0
"dgp1",6,30,20270006,14,22,0
"dgp1",6,30,20270006,15,22,0.181550160207955
"dgp1",6,30,20270006,16,22,0
"dgp1",6,30,20270006,17,22,0
"dgp1",6,30,20270006,18,22,0
"dgp1",6,30,20270006,19,22,0
"dgp1",6,30,20270006,20,22,0
"dgp1",6,30,20270006,21,22,0.181550160207955
"dgp1",6,30,20270006,22,22,0.181550160207955
"dgp1",6,30,20270006,23,22,0
"dgp1",6,30,20270006,24,22,0.181550160207955
"dgp1",6,30,20270006,25,22,0
"dgp1",6,30,20270006,26,22,0
"dgp1",6,30,20270006,27,22,0
"dgp1",6,30,20270006,28,22,0
"dgp1",6,30,20270006,29,22,0
"dgp1",6,30,20270006,30,22,0
"dgp1",6,30,20270006,1,23,0
"dgp1",6,30,20270006,2,23,0
"dgp1",6,30,20270006,3,23,0
"dgp1",6,30,20270006,4,23,0
"dgp1",6,30,20270006,5,23,0
"dgp1",6,30,20270006,6,23,0
"dgp1",6,30,20270006,7,23,0
"dgp1",6,30,20270006,8,23,0
"dgp1",6,30,20270006,9,23,0
"dgp1",6,30,20270006,10,23,0
"dgp1",6,30,20270006,11,23,0
"dgp1",6,30,20270006,12,23,0
"dgp1",6,30,20270006,13,23,0
"dgp1",6,30,20270006,14,23,0
"dgp1",6,30,20270006,15,23,0.181550160207955
"dgp1",6,30,20270006,16,23,0
"dgp1",6,30,20270006,17,23,0
"dgp1",6,30,20270006,18,23,0
"dgp1",6,30,20270006,19,23,0
"dgp1",6,30,20270006,20,23,0
"dgp1",6,30,20270006,21,23,0
"dgp1",6,30,20270006,22,23,0.181550160207955
"dgp1",6,30,20270006,23,23,0.181550160207955
"dgp1",6,30,20270006,24,23,0
"dgp1",6,30,20270006,25,23,0
"dgp1",6,30,20270006,26,23,0
"dgp1",6,30,20270006,27,23,0
"dgp1",6,30,20270006,28,23,0
"dgp1",6,30,20270006,29,23,0
"dgp1",6,30,20270006,30,23,0
"dgp1",6,30,20270006,1,24,0
"dgp1",6,30,20270006,2,24,0
"dgp1",6,30,20270006,3,24,0
"dgp1",6,30,20270006,4,24,0
"dgp1",6,30,20270006,5,24,0
"dgp1",6,30,20270006,6,24,0
"dgp1",6,30,20270006,7,24,0.181550160207955
"dgp1",6,30,20270006,8,24,0
"dgp1",6,30,20270006,9,24,0
"dgp1",6,30,20270006,10,24,0
"dgp1",6,30,20270006,11,24,0
"dgp1",6,30,20270006,12,24,0
"dgp1",6,30,20270006,13,24,0.181550160207955
"dgp1",6,30,20270006,14,24,0
"dgp1",6,30,20270006,15,24,0
"dgp1",6,30,20270006,16,24,0
"dgp1",6,30,20270006,17,24,0
"dgp1",6,30,20270006,18,24,0
"dgp1",6,30,20270006,19,24,0.181550160207955
"dgp1",6,30,20270006,20,24,0.181550160207955
"dgp1",6,30,20270006,21,24,0
"dgp1",6,30,20270006,22,24,0
"dgp1",6,30,20270006,23,24,0.181550160207955
"dgp1",6,30,20270006,24,24,0.181550160207955
"dgp1",6,30,20270006,25,24,0
"dgp1",6,30,20270006,26,24,0
"dgp1",6,30,20270006,27,24,0
"dgp1",6,30,20270006,28,24,0
"dgp1",6,30,20270006,29,24,0
"dgp1",6,30,20270006,30,24,0
"dgp1",6,30,20270006,1,25,0
"dgp1",6,30,20270006,2,25,0
"dgp1",6,30,20270006,3,25,0
"dgp1",6,30,20270006,4,25,0
"dgp1",6,30,20270006,5,25,0
"dgp1",6,30,20270006,6,25,0
"dgp1",6,30,20270006,7,25,0
"dgp1",6,30,20270006,8,25,0.181550160207955
"dgp1",6,30,20270006,9,25,0
"dgp1",6,30,20270006,10,25,0
"dgp1",6,30,20270006,11,25,0
"dgp1",6,30,20270006,12,25,0
"dgp1",6,30,20270006,13,25,0
"dgp1",6,30,20270006,14,25,0
"dgp1",6,30,20270006,15,25,0
"dgp1",6,30,20270006,16,25,0
"dgp1",6,30,20270006,17,25,0
"dgp1",6,30,20270006,18,25,0
"dgp1",6,30,20270006,19,25,0
"dgp1",6,30,20270006,20,25,0
"dgp1",6,30,20270006,21,25,0
"dgp1",6,30,20270006,22,25,0
"dgp1",6,30,20270006,23,25,0.181550160207955
"dgp1",6,30,20270006,24,25,0.181550160207955
"dgp1",6,30,20270006,25,25,0.181550160207955
"dgp1",6,30,20270006,26,25,0
"dgp1",6,30,20270006,27,25,0
"dgp1",6,30,20270006,28,25,0
"dgp1",6,30,20270006,29,25,0
"dgp1",6,30,20270006,30,25,0
"dgp1",6,30,20270006,1,26,0
"dgp1",6,30,20270006,2,26,0.181550160207955
"dgp1",6,30,20270006,3,26,0
"dgp1",6,30,20270006,4,26,0
"dgp1",6,30,20270006,5,26,0
"dgp1",6,30,20270006,6,26,0.181550160207955
"dgp1",6,30,20270006,7,26,0
"dgp1",6,30,20270006,8,26,0
"dgp1",6,30,20270006,9,26,0
"dgp1",6,30,20270006,10,26,0
"dgp1",6,30,20270006,11,26,0
"dgp1",6,30,20270006,12,26,0
"dgp1",6,30,20270006,13,26,0
"dgp1",6,30,20270006,14,26,0
"dgp1",6,30,20270006,15,26,0
"dgp1",6,30,20270006,16,26,0.181550160207955
"dgp1",6,30,20270006,17,26,0
"dgp1",6,30,20270006,18,26,0
"dgp1",6,30,20270006,19,26,0
"dgp1",6,30,20270006,20,26,0.181550160207955
"dgp1",6,30,20270006,21,26,0
"dgp1",6,30,20270006,22,26,0.181550160207955
"dgp1",6,30,20270006,23,26,0
"dgp1",6,30,20270006,24,26,0
"dgp1",6,30,20270006,25,26,0.181550160207955
"dgp1",6,30,20270006,26,26,0.181550160207955
"dgp1",6,30,20270006,27,26,0
"dgp1",6,30,20270006,28,26,0
"dgp1",6,30,20270006,29,26,0
"dgp1",6,30,20270006,30,26,0
"dgp1",6,30,20270006,1,27,0
"dgp1",6,30,20270006,2,27,0
"dgp1",6,30,20270006,3,27,0
"dgp1",6,30,20270006,4,27,0
"dgp1",6,30,20270006,5,27,0
"dgp1",6,30,20270006,6,27,0
"dgp1",6,30,20270006,7,27,0
"dgp1",6,30,20270006,8,27,0
"dgp1",6,30,20270006,9,27,0
"dgp1",6,30,20270006,10,27,0
"dgp1",6,30,20270006,11,27,0
"dgp1",6,30,20270006,12,27,0
"dgp1",6,30,20270006,13,27,0
"dgp1",6,30,20270006,14,27,0
"dgp1",6,30,20270006,15,27,0
"dgp1",6,30,20270006,16,27,0
"dgp1",6,30,20270006,17,27,0.181550160207955
"dgp1",6,30,20270006,18,27,0
"dgp1",6,30,20270006,19,27,0
"dgp1",6,30,20270006,20,27,0
"dgp1",6,30,20270006,21,27,0
"dgp1",6,30,20270006,22,27,0
"dgp1",6,30,20270006,23,27,0
"dgp1",6,30,20270006,24,27,0
"dgp1",6,30,20270006,25,27,0
"dgp1",6,30,20270006,26,27,0.181550160207955
"dgp1",6,30,20270006,27,27,0.181550160207955
"dgp1",6,30,20270006,28,27,0.181550160207955
"dgp1",6,30,20270006,29,27,0
"dgp1",6,30,20270006,30,27,0
"dgp1",6,30,20270006,1,28,0
"dgp1",6,30,20270006,2,28,0.181550160207955
"dgp1",6,30,20270006,3,28,0
"dgp1",6,30,20270006,4,28,0
"dgp1",6,30,20270006,5,28,0.181550160207955
"dgp1",6,30,20270006,6,28,0
"dgp1",6,30,20270006,7,28,0
"dgp1",6,30,20270006,8,28,0
"dgp1",6,30,20270006,9,28,0
"dgp1",6,30,20270006,10,28,0.181550160207955
"dgp1",6,30,20270006,11,28,0
"dgp1",6,30,20270006,12,28,0
"dgp1",6,30,20270006,13,28,0.181550160207955
"dgp1",6,30,20270006,14,28,0
"dgp1",6,30,20270006,15,28,0.181550160207955
"dgp1",6,30,20270006,16,28,0
"dgp1",6,30,20270006,17,28,0
"dgp1",6,30,20270006,18,28,0
"dgp1",6,30,20270006,19,28,0.181550160207955
"dgp1",6,30,20270006,20,28,0
"dgp1",6,30,20270006,21,28,0
"dgp1",6,30,20270006,22,28,0
"dgp1",6,30,20270006,23,28,0.181550160207955
"dgp1",6,30,20270006,24,28,0
"dgp1",6,30,20270006,25,28,0
"dgp1",6,30,20270006,26,28,0
"dgp1",6,30,20270006,27,28,0
"dgp1",6,30,20270006,28,28,0.181550160207955
"dgp1",6,30,20270006,29,28,0
"dgp1",6,30,20270006,30,28,0
"dgp1",6,30,20270006,1,29,0
"dgp1",6,30,20270006,2,29,0
"dgp1",6,30,20270006,3,29,0
"dgp1",6,30,20270006,4,29,0
"dgp1",6,30,20270006,5,29,0
"dgp1",6,30,20270006,6,29,0
"dgp1",6,30,20270006,7,29,0
"dgp1",6,30,20270006,8,29,0.181550160207955
"dgp1",6,30,20270006,9,29,0
"dgp1",6,30,20270006,10,29,0.181550160207955
"dgp1",6,30,20270006,11,29,0
"dgp1",6,30,20270006,12,29,0
"dgp1",6,30,20270006,13,29,0
"dgp1",6,30,20270006,14,29,0
"dgp1",6,30,20270006,15,29,0.181550160207955
"dgp1",6,30,20270006,16,29,0
"dgp1",6,30,20270006,17,29,0.181550160207955
"dgp1",6,30,20270006,18,29,0
"dgp1",6,30,20270006,19,29,0
"dgp1",6,30,20270006,20,29,0
"dgp1",6,30,20270006,21,29,0
"dgp1",6,30,20270006,22,29,0
"dgp1",6,30,20270006,23,29,0
"dgp1",6,30,20270006,24,29,0
"dgp1",6,30,20270006,25,29,0
"dgp1",6,30,20270006,26,29,0
"dgp1",6,30,20270006,27,29,0
"dgp1",6,30,20270006,28,29,0
"dgp1",6,30,20270006,29,29,0.181550160207955
"dgp1",6,30,20270006,30,29,0
"dgp1",6,30,20270006,1,30,0
"dgp1",6,30,20270006,2,30,0
"dgp1",6,30,20270006,3,30,0
"dgp1",6,30,20270006,4,30,0.181550160207955
"dgp1",6,30,20270006,5,30,0
"dgp1",6,30,20270006,6,30,0.181550160207955
"dgp1",6,30,20270006,7,30,0
"dgp1",6,30,20270006,8,30,0
"dgp1",6,30,20270006,9,30,0
"dgp1",6,30,20270006,10,30,0
"dgp1",6,30,20270006,11,30,0
"dgp1",6,30,20270006,12,30,0
"dgp1",6,30,20270006,13,30,0
"dgp1",6,30,20270006,14,30,0
"dgp1",6,30,20270006,15,30,0
"dgp1",6,30,20270006,16,30,0
"dgp1",6,30,20270006,17,30,0
"dgp1",6,30,20270006,18,30,0
"dgp1",6,30,20270006,19,30,0
"dgp1",6,30,20270006,20,30,0
"dgp1",6,30,20270006,21,30,0
"dgp1",6,30,20270006,22,30,0
"dgp1",6,30,20270006,23,30,0
"dgp1",6,30,20270006,24,30,0
"dgp1",6,30,20270006,25,30,0.181550160207955
"dgp1",6,30,20270006,26,30,0
"dgp1",6,30,20270006,27,30,0
"dgp1",6,30,20270006,28,30,0
"dgp1",6,30,20270006,29,30,0
"dgp1",6,30,20270006,30,30,0.181550160207955
"dgp2",1,5,20271001,1,1,0.435294387154494
"dgp2",1,5,20271001,2,1,0.158860693038666
"dgp2",1,5,20271001,3,1,0
"dgp2",1,5,20271001,4,1,0
"dgp2",1,5,20271001,5,1,0
"dgp2",1,5,20271001,1,2,0.235785327912385
"dgp2",1,5,20271001,2,2,0.555787719478196
"dgp2",1,5,20271001,3,2,0.267519510775966
"dgp2",1,5,20271001,4,2,0
"dgp2",1,5,20271001,5,2,0
"dgp2",1,5,20271001,1,3,0
"dgp2",1,5,20271001,2,3,0.193815242076026
"dgp2",1,5,20271001,3,3,0.506550590580673
"dgp2",1,5,20271001,4,3,0.260705137078485
"dgp2",1,5,20271001,5,3,0
"dgp2",1,5,20271001,1,4,0
"dgp2",1,5,20271001,2,4,0
"dgp2",1,5,20271001,3,4,0.245881456969289
"dgp2",1,5,20271001,4,4,0.375902746259091
"dgp2",1,5,20271001,5,4,0.250602793795241
"dgp2",1,5,20271001,1,5,0
"dgp2",1,5,20271001,2,5,0
"dgp2",1,5,20271001,3,5,0
"dgp2",1,5,20271001,4,5,0.26162464561062
"dgp2",1,5,20271001,5,5,0.530096684668716
"dgp2",2,10,20271002,1,1,0.457451435890451
"dgp2",2,10,20271002,2,1,0.196528842378979
"dgp2",2,10,20271002,3,1,0
"dgp2",2,10,20271002,4,1,0
"dgp2",2,10,20271002,5,1,0
"dgp2",2,10,20271002,6,1,0
"dgp2",2,10,20271002,7,1,0
"dgp2",2,10,20271002,8,1,0
"dgp2",2,10,20271002,9,1,0
"dgp2",2,10,20271002,10,1,0
"dgp2",2,10,20271002,1,2,0.137535378571882
"dgp2",2,10,20271002,2,2,0.595890936377491
"dgp2",2,10,20271002,3,2,0.262256730992126
"dgp2",2,10,20271002,4,2,0
"dgp2",2,10,20271002,5,2,0
"dgp2",2,10,20271002,6,2,0
"dgp2",2,10,20271002,7,2,0
"dgp2",2,10,20271002,8,2,0
"dgp2",2,10,20271002,9,2,0
"dgp2",2,10,20271002,10,2,0
"dgp2",2,10,20271002,1,3,0
"dgp2",2,10,20271002,2,3,0.242797201127745
"dgp2",2,10,20271002,3,3,0.409747614230959
"dgp2",2,10,20271002,4,3,0.237710778665896
"dgp2",2,10,20271002,5,3,0
"dgp2",2,10,20271002,6,3,0
"dgp2",2,10,20271002,7,3,0
"dgp2",2,10,20271002,8,3,0
"dgp2",2,10,20271002,9,3,0
"dgp2",2,10,20271002,10,3,0
"dgp2",2,10,20271002,1,4,0
"dgp2",2,10,20271002,2,4,0
"dgp2",2,10,20271002,3,4,0.221040630203159
"dgp2",2,10,20271002,4,4,0.552652003501183
"dgp2",2,10,20271002,5,4,0.1337532111688
"dgp2",2,10,20271002,6,4,0
"dgp2",2,10,20271002,7,4,0
"dgp2",2,10,20271002,8,4,0
"dgp2",2,10,20271002,9,4,0
"dgp2",2,10,20271002,10,4,0
"dgp2",2,10,20271002,1,5,0
"dgp2",2,10,20271002,2,5,0
"dgp2",2,10,20271002,3,5,0
"dgp2",2,10,20271002,4,5,0.218640697221823
"dgp2",2,10,20271002,5,5,0.538522427426922
"dgp2",2,10,20271002,6,5,0.178213686298904
"dgp2",2,10,20271002,7,5,0
"dgp2",2,10,20271002,8,5,0
"dgp2",2,10,20271002,9,5,0
"dgp2",2,10,20271002,10,5,0
"dgp2",2,10,20271002,1,6,0
"dgp2",2,10,20271002,2,6,0
"dgp2",2,10,20271002,3,6,0
"dgp2",2,10,20271002,4,6,0
"dgp2",2,10,20271002,5,6,0.176237683302834
"dgp2",2,10,20271002,6,6,0.450306256086076
"dgp2",2,10,20271002,7,6,0.135101329986285
"dgp2",2,10,20271002,8,6,0
"dgp2",2,10,20271002,9,6,0
"dgp2",2,10,20271002,10,6,0
"dgp2",2,10,20271002,1,7,0
"dgp2",2,10,20271002,2,7,0
"dgp2",2,10,20271002,3,7,0
"dgp2",2,10,20271002,4,7,0
"dgp2",2,10,20271002,5,7,0
"dgp2",2,10,20271002,6,7,0.152303006597633
"dgp2",2,10,20271002,7,7,0.494237572323091
"dgp2",2,10,20271002,8,7,0.182642535464185
"dgp2",2,10,20271002,9,7,0
"dgp2",2,10,20271002,10,7,0
"dgp2",2,10,20271002,1,8,0
"dgp2",2,10,20271002,2,8,0
"dgp2",2,10,20271002,3,8,0
"dgp2",2,10,20271002,4,8,0
"dgp2",2,10,20271002,5,8,0
"dgp2",2,10,20271002,6,8,0
"dgp2",2,10,20271002,7,8,0.226620473734134
"dgp2",2,10,20271002,8,8,0.35377934620483
"dgp2",2,10,20271002,9,8,0.198194519326722
"dgp2",2,10,20271002,10,8,0
"dgp2",2,10,20271002,1,9,0
"dgp2",2,10,20271002,2,9,0
"dgp2",2,10,20271002,3,9,0
"dgp2",2,10,20271002,4,9,0
"dgp2",2,10,20271002,5,9,0
"dgp2",2,10,20271002,6,9,0
"dgp2",2,10,20271002,7,9,0
"dgp2",2,10,20271002,8,9,0.177117844003109
"dgp2",2,10,20271002,9,9,0.374655840779372
"dgp2",2,10,20271002,10,9,0.224637171862124
"dgp2",2,10,20271002,1,10,0
"dgp2",2,10,20271002,2,10,0
"dgp2",2,10,20271002,3,10,0
"dgp2",2,10,20271002,4,10,0
"dgp2",2,10,20271002,5,10,0
"dgp2",2,10,20271002,6,10,0
"dgp2",2,10,20271002,7,10,0
"dgp2",2,10,20271002,8,10,0
"dgp2",2,10,20271002,9,10,0.252916411852992
"dgp2",2,10,20271002,10,10,0.453038558900562
"dgp2",3,15,20271003,1,1,0.337897625466868
"dgp2",3,15,20271003,2,1,0.172602025954034
"dgp2",3,15,20271003,3,1,0
"dgp2",3,15,20271003,4,1,0
"dgp2",3,15,20271003,5,1,0
"dgp2",3,15,20271003,6,1,0
"dgp2",3,15,20271003,7,1,0
"dgp2",3,15,20271003,8,1,0
"dgp2",3,15,20271003,9,1,0
"dgp2",3,15,20271003,10,1,0
"dgp2",3,15,20271003,11,1,0
"dgp2",3,15,20271003,12,1,0
"dgp2",3,15,20271003,13,1,0
"dgp2",3,15,20271003,14,1,0
"dgp2",3,15,20271003,15,1,0
"dgp2",3,15,20271003,1,2,0.141846116860205
"dgp2",3,15,20271003,2,2,0.594726386488065
"dgp2",3,15,20271003,3,2,0.263892135429026
"dgp2",3,15,20271003,4,2,0
"dgp2",3,15,20271003,5,2,0
"dgp2",3,15,20271003,6,2,0
"dgp2",3,15,20271003,7,2,0
"dgp2",3,15,20271003,8,2,0
"dgp2",3,15,20271003,9,2,0
"dgp2",3,15,20271003,10,2,0
"dgp2",3,15,20271003,11,2,0
"dgp2",3,15,20271003,12,2,0
"dgp2",3,15,20271003,13,2,0
"dgp2",3,15,20271003,14,2,0
"dgp2",3,15,20271003,15,2,0
"dgp2",3,15,20271003,1,3,0
"dgp2",3,15,20271003,2,3,0.224295082378516
"dgp2",3,15,20271003,3,3,0.471831507455783
"dgp2",3,15,20271003,4,3,0.143293442162869
"dgp2",3,15,20271003,5,3,0
"dgp2",3,15,20271003,6,3,0
"dgp2",3,15,20271003,7,3,0
"dgp2",3,15,20271003,8,3,0
"dgp2",3,15,20271003,9,3,0
"dgp2",3,15,20271003,10,3,0
"dgp2",3,15,20271003,11,3,0
"dgp2",3,15,20271003,12,3,0
"dgp2",3,15,20271003,13,3,0
"dgp2",3,15,20271003,14,3,0
"dgp2",3,15,20271003,15,3,0
"dgp2",3,15,20271003,1,4,0
"dgp2",3,15,20271003,2,4,0
"dgp2",3,15,20271003,3,4,0.267060072416445
"dgp2",3,15,20271003,4,4,0.56593807813512
"dgp2",3,15,20271003,5,4,0.227114859581745
"dgp2",3,15,20271003,6,4,0
"dgp2",3,15,20271003,7,4,0
"dgp2",3,15,20271003,8,4,0
"dgp2",3,15,20271003,9,4,0
"dgp2",3,15,20271003,10,4,0
"dgp2",3,15,20271003,11,4,0
"dgp2",3,15,20271003,12,4,0
"dgp2",3,15,20271003,13,4,0
"dgp2",3,15,20271003,14,4,0
"dgp2",3,15,20271003,15,4,0
"dgp2",3,15,20271003,1,5,0
"dgp2",3,15,20271003,2,5,0
"dgp2",3,15,20271003,3,5,0
"dgp2",3,15,20271003,4,5,0.220198955255815
"dgp2",3,15,20271003,5,5,0.360043925535646
"dgp2",3,15,20271003,6,5,0.234674762128488
"dgp2",3,15,20271003,7,5,0
"dgp2",3,15,20271003,8,5,0
"dgp2",3,15,20271003,9,5,0
"dgp2",3,15,20271003,10,5,0
"dgp2",3,15,20271003,11,5,0
"dgp2",3,15,20271003,12,5,0
"dgp2",3,15,20271003,13,5,0
"dgp2",3,15,20271003,14,5,0
"dgp2",3,15,20271003,15,5,0
"dgp2",3,15,20271003,1,6,0
"dgp2",3,15,20271003,2,6,0
"dgp2",3,15,20271003,3,6,0
"dgp2",3,15,20271003,4,6,0
"dgp2",3,15,20271003,5,6,0.174293497978875
"dgp2",3,15,20271003,6,6,0.414597769060531
"dgp2",3,15,20271003,7,6,0.170785604000668
"dgp2",3,15,20271003,8,6,0
"dgp2",3,15,20271003,9,6,0
"dgp2",3,15,20271003,10,6,0
"dgp2",3,15,20271003,11,6,0
"dgp2",3,15,20271003,12,6,0
"dgp2",3,15,20271003,13,6,0
"dgp2",3,15,20271003,14,6,0
"dgp2",3,15,20271003,15,6,0
"dgp2",3,15,20271003,1,7,0
"dgp2",3,15,20271003,2,7,0
"dgp2",3,15,20271003,3,7,0
"dgp2",3,15,20271003,4,7,0
"dgp2",3,15,20271003,5,7,0
"dgp2",3,15,20271003,6,7,0.139420378632609
"dgp2",3,15,20271003,7,7,0.371589887528145
"dgp2",3,15,20271003,8,7,0.217935959470007
"dgp2",3,15,20271003,9,7,0
"dgp2",3,15,20271003,10,7,0
"dgp2",3,15,20271003,11,7,0
"dgp2",3,15,20271003,12,7,0
"dgp2",3,15,20271003,13,7,0
"dgp2",3,15,20271003,14,7,0
"dgp2",3,15,20271003,15,7,0
"dgp2",3,15,20271003,1,8,0
"dgp2",3,15,20271003,2,8,0
"dgp2",3,15,20271003,3,8,0
"dgp2",3,15,20271003,4,8,0
"dgp2",3,15,20271003,5,8,0
"dgp2",3,15,20271003,6,8,0
"dgp2",3,15,20271003,7,8,0.215326291765145
"dgp2",3,15,20271003,8,8,0.363589215438395
"dgp2",3,15,20271003,9,8,0.239184401521921
"dgp2",3,15,20271003,10,8,0
"dgp2",3,15,20271003,11,8,0
"dgp2",3,15,20271003,12,8,0
"dgp2",3,15,20271003,13,8,0
"dgp2",3,15,20271003,14,8,0
"dgp2",3,15,20271003,15,8,0
"dgp2",3,15,20271003,1,9,0
"dgp2",3,15,20271003,2,9,0
"dgp2",3,15,20271003,3,9,0
"dgp2",3,15,20271003,4,9,0
"dgp2",3,15,20271003,5,9,0
"dgp2",3,15,20271003,6,9,0
"dgp2",3,15,20271003,7,9,0
"dgp2",3,15,20271003,8,9,0.212925137999705
"dgp2",3,15,20271003,9,9,0.590277599607802
"dgp2",3,15,20271003,10,9,0.138305219424855
"dgp2",3,15,20271003,11,9,0
"dgp2",3,15,20271003,12,9,0
"dgp2",3,15,20271003,13,9,0
"dgp2",3,15,20271003,14,9,0
"dgp2",3,15,20271003,15,9,0
"dgp2",3,15,20271003,1,10,0
"dgp2",3,15,20271003,2,10,0
"dgp2",3,15,20271003,3,10,0
"dgp2",3,15,20271003,4,10,0
"dgp2",3,15,20271003,5,10,0
"dgp2",3,15,20271003,6,10,0
"dgp2",3,15,20271003,7,10,0
"dgp2",3,15,20271003,8,10,0
"dgp2",3,15,20271003,9,10,0.191655760490063
"dgp2",3,15,20271003,10,10,0.432455660498617
"dgp2",3,15,20271003,11,10,0.236129834560767
"dgp2",3,15,20271003,12,10,0
"dgp2",3,15,20271003,13,10,0
"dgp2",3,15,20271003,14,10,0
"dgp2",3,15,20271003,15,10,0
"dgp2",3,15,20271003,1,11,0
"dgp2",3,15,20271003,2,11,0
"dgp2",3,15,20271003,3,11,0
"dgp2",3,15,20271003,4,11,0
"dgp2",3,15,20271003,5,11,0
"dgp2",3,15,20271003,6,11,0
"dgp2",3,15,20271003,7,11,0
"dgp2",3,15,20271003,8,11,0
"dgp2",3,15,20271003,9,11,0
"dgp2",3,15,20271003,10,11,0.221926222167642
"dgp2",3,15,20271003,11,11,0.551086165591718
"dgp2",3,15,20271003,12,11,0.153161863577243
"dgp2",3,15,20271003,13,11,0
"dgp2",3,15,20271003,14,11,0
"dgp2",3,15,20271003,15,11,0
"dgp2",3,15,20271003,1,12,0
"dgp2",3,15,20271003,2,12,0
"dgp2",3,15,20271003,3,12,0
"dgp2",3,15,20271003,4,12,0
"dgp2",3,15,20271003,5,12,0
"dgp2",3,15,20271003,6,12,0
"dgp2",3,15,20271003,7,12,0
"dgp2",3,15,20271003,8,12,0
"dgp2",3,15,20271003,9,12,0
"dgp2",3,15,20271003,10,12,0
"dgp2",3,15,20271003,11,12,0.213136015943505
"dgp2",3,15,20271003,12,12,0.419803965449628
"dgp2",3,15,20271003,13,12,0.172737126086865
"dgp2",3,15,20271003,14,12,0
"dgp2",3,15,20271003,15,12,0
"dgp2",3,15,20271003,1,13,0
"dgp2",3,15,20271003,2,13,0
"dgp2",3,15,20271003,3,13,0
"dgp2",3,15,20271003,4,13,0
"dgp2",3,15,20271003,5,13,0
"dgp2",3,15,20271003,6,13,0
"dgp2",3,15,20271003,7,13,0
"dgp2",3,15,20271003,8,13,0
"dgp2",3,15,20271003,9,13,0
"dgp2",3,15,20271003,10,13,0
"dgp2",3,15,20271003,11,13,0
"dgp2",3,15,20271003,12,13,0.163395560108648
"dgp2",3,15,20271003,13,13,0.602812424957343
"dgp2",3,15,20271003,14,13,0.159641258307827
"dgp2",3,15,20271003,15,13,0
"dgp2",3,15,20271003,1,14,0
"dgp2",3,15,20271003,2,14,0
"dgp2",3,15,20271003,3,14,0
"dgp2",3,15,20271003,4,14,0
"dgp2",3,15,20271003,5,14,0
"dgp2",3,15,20271003,6,14,0
"dgp2",3,15,20271003,7,14,0
"dgp2",3,15,20271003,8,14,0
"dgp2",3,15,20271003,9,14,0
"dgp2",3,15,20271003,10,14,0
"dgp2",3,15,20271003,11,14,0
"dgp2",3,15,20271003,12,14,0
"dgp2",3,15,20271003,13,14,0.254034896357696
"dgp2",3,15,20271003,14,14,0.395535738093838
"dgp2",3,15,20271003,15,14,0.18357355942677
"dgp2",3,15,20271003,1,15,0
"dgp2",3,15,20271003,2,15,0
"dgp2",3,15,20271003,3,15,0
"dgp2",3,15,20271003,4,15,0
"dgp2",3,15,20271003,5,15,0
"dgp2",3,15,20271003,6,15,0
"dgp2",3,15,20271003,7,15,0
"dgp2",3,15,20271003,8,15,0
"dgp2",3,15,20271003,9,15,0
"dgp2",3,15,20271003,10,15,0
"dgp2",3,15,20271003,11,15,0
"dgp2",3,15,20271003,12,15,0
"dgp2",3,15,20271003,13,15,0
"dgp2",3,15,20271003,14,15,0.193347815031981
"dgp2",3,15,20271003,15,15,0.427998723701363
"dgp2",4,20,20271004,1,1,0.479781190146196
"dgp2",4,20,20271004,2,1,0.135372611777696
"dgp2",4,20,20271004,3,1,0
"dgp2",4,20,20271004,4,1,0
"dgp2",4,20,20271004,5,1,0
"dgp2",4,20,20271004,6,1,0
"dgp2",4,20,20271004,7,1,0
"dgp2",4,20,20271004,8,1,0
"dgp2",4,20,20271004,9,1,0
"dgp2",4,20,20271004,10,1,0
"dgp2",4,20,20271004,11,1,0
"dgp2",4,20,20271004,12,1,0
"dgp2",4,20,20271004,13,1,0
"dgp2",4,20,20271004,14,1,0
"dgp2",4,20,20271004,15,1,0
"dgp2",4,20,20271004,16,1,0
"dgp2",4,20,20271004,17,1,0
"dgp2",4,20,20271004,18,1,0
"dgp2",4,20,20271004,19,1,0
"dgp2",4,20,20271004,20,1,0
"dgp2",4,20,20271004,1,2,0.231997020705134
"dgp2",4,20,20271004,2,2,0.600895292090815
"dgp2",4,20,20271004,3,2,0.223738637467678
"dgp2",4,20,20271004,4,2,0
"dgp2",4,20,20271004,5,2,0
"dgp2",4,20,20271004,6,2,0
"dgp2",4,20,20271004,7,2,0
"dgp2",4,20,20271004,8,2,0
"dgp2",4,20,20271004,9,2,0
"dgp2",4,20,20271004,10,2,0
"dgp2",4,20,20271004,11,2,0
"dgp2",4,20,20271004,12,2,0
"dgp2",4,20,20271004,13,2,0
"dgp2",4,20,20271004,14,2,0
"dgp2",4,20,20271004,15,2,0
"dgp2",4,20,20271004,16,2,0
"dgp2",4,20,20271004,17,2,0
"dgp2",4,20,20271004,18,2,0
"dgp2",4,20,20271004,19,2,0
"dgp2",4,20,20271004,20,2,0
"dgp2",4,20,20271004,1,3,0
"dgp2",4,20,20271004,2,3,0.223897423290577
"dgp2",4,20,20271004,3,3,0.441106959507496
"dgp2",4,20,20271004,4,3,0.144947287978275
"dgp2",4,20,20271004,5,3,0
"dgp2",4,20,20271004,6,3,0
"dgp2",4,20,20271004,7,3,0
"dgp2",4,20,20271004,8,3,0
"dgp2",4,20,20271004,9,3,0
"dgp2",4,20,20271004,10,3,0
"dgp2",4,20,20271004,11,3,0
"dgp2",4,20,20271004,12,3,0
"dgp2",4,20,20271004,13,3,0
"dgp2",4,20,20271004,14,3,0
"dgp2",4,20,20271004,15,3,0
"dgp2",4,20,20271004,16,3,0
"dgp2",4,20,20271004,17,3,0
"dgp2",4,20,20271004,18,3,0
"dgp2",4,20,20271004,19,3,0
"dgp2",4,20,20271004,20,3,0
"dgp2",4,20,20271004,1,4,0
"dgp2",4,20,20271004,2,4,0
"dgp2",4,20,20271004,3,4,0.210321758194783
"dgp2",4,20,20271004,4,4,0.470117586852473
"dgp2",4,20,20271004,5,4,0.262912950175465
"dgp2",4,20,20271004,6,4,0
"dgp2",4,20,20271004,7,4,0
"dgp2",4,20,20271004,8,4,0
"dgp2",4,20,20271004,9,4,0
"dgp2",4,20,20271004,10,4,0
"dgp2",4,20,20271004,11,4,0
"dgp2",4,20,20271004,12,4,0
"dgp2",4,20,20271004,13,4,0
"dgp2",4,20,20271004,14,4,0
"dgp2",4,20,20271004,15,4,0
"dgp2",4,20,20271004,16,4,0
"dgp2",4,20,20271004,17,4,0
"dgp2",4,20,20271004,18,4,0
"dgp2",4,20,20271004,19,4,0
"dgp2",4,20,20271004,20,4,0
"dgp2",4,20,20271004,1,5,0
"dgp2",4,20,20271004,2,5,0
"dgp2",4,20,20271004,3,5,0
"dgp2",4,20,20271004,4,5,0.137467503234569
"dgp2",4,20,20271004,5,5,0.583197425848624
"dgp2",4,20,20271004,6,5,0.23065514450152
"dgp2",4,20,20271004,7,5,0
"dgp2",4,20,20271004,8,5,0
"dgp2",4,20,20271004,9,5,0
"dgp2",4,20,20271004,10,5,0
"dgp2",4,20,20271004,11,5,0
"dgp2",4,20,20271004,12,5,0
"dgp2",4,20,20271004,13,5,0
"dgp2",4,20,20271004,14,5,0
"dgp2",4,20,20271004,15,5,0
"dgp2",4,20,20271004,16,5,0
"dgp2",4,20,20271004,17,5,0
"dgp2",4,20,20271004,18,5,0
"dgp2",4,20,20271004,19,5,0
"dgp2",4,20,20271004,20,5,0
"dgp2",4,20,20271004,1,6,0
"dgp2",4,20,20271004,2,6,0
"dgp2",4,20,20271004,3,6,0
"dgp2",4,20,20271004,4,6,0
"dgp2",4,20,20271004,5,6,0.266914893483811
"dgp2",4,20,20271004,6,6,0.391926056324075
"dgp2",4,20,20271004,7,6,0.216860287466609
"dgp2",4,20,20271004,8,6,0
"dgp2",4,20,20271004,9,6,0
"dgp2",4,20,20271004,10,6,0
"dgp2",4,20,20271004,11,6,0
"dgp2",4,20,20271004,12,6,0
"dgp2",4,20,20271004,13,6,0
"dgp2",4,20,20271004,14,6,0
"dgp2",4,20,20271004,15,6,0
"dgp2",4,20,20271004,16,6,0
"dgp2",4,20,20271004,17,6,0
"dgp2",4,20,20271004,18,6,0
"dgp2",4,20,20271004,19,6,0
"dgp2",4,20,20271004,20,6,0
"dgp2",4,20,20271004,1,7,0
"dgp2",4,20,20271004,2,7,0
"dgp2",4,20,20271004,3,7,0
"dgp2",4,20,20271004,4,7,0
"dgp2",4,20,20271004,5,7,0
"dgp2",4,20,20271004,6,7,0.199985132039831
"dgp2",4,20,20271004,7,7,0.528693176291112
"dgp2",4,20,20271004,8,7,0.1962185451826
"dgp2",4,20,20271004,9,7,0
"dgp2",4,20,20271004,10,7,0
"dgp2",4,20,20271004,11,7,0
"dgp2",4,20,20271004,12,7,0
"dgp2",4,20,20271004,13,7,0
"dgp2",4,20,20271004,14,7,0
"dgp2",4,20,20271004,15,7,0
"dgp2",4,20,20271004,16,7,0
"dgp2",4,20,20271004,17,7,0
"dgp2",4,20,20271004,18,7,0
"dgp2",4,20,20271004,19,7,0
"dgp2",4,20,20271004,20,7,0
"dgp2",4,20,20271004,1,8,0
"dgp2",4,20,20271004,2,8,0
"dgp2",4,20,20271004,3,8,0
"dgp2",4,20,20271004,4,8,0
"dgp2",4,20,20271004,5,8,0
"dgp2",4,20,20271004,6,8,0
"dgp2",4,20,20271004,7,8,0.152378904832846
"dgp2",4,20,20271004,8,8,0.36668269109676
"dgp2",4,20,20271004,9,8,0.165522166119497
"dgp2",4,20,20271004,10,8,0
"dgp2",4,20,20271004,11,8,0
"dgp2",4,20,20271004,12,8,0
"dgp2",4,20,20271004,13,8,0
"dgp2",4,20,20271004,14,8,0
"dgp2",4,20,20271004,15,8,0
"dgp2",4,20,20271004,16,8,0
"dgp2",4,20,20271004,17,8,0
"dgp2",4,20,20271004,18,8,0
"dgp2",4,20,20271004,19,8,0
"dgp2",4,20,20271004,20,8,0
"dgp2",4,20,20271004,1,9,0
"dgp2",4,20,20271004,2,9,0
"dgp2",4,20,20271004,3,9,0
"dgp2",4,20,20271004,4,9,0
"dgp2",4,20,20271004,5,9,0
"dgp2",4,20,20271004,6,9,0
"dgp2",4,20,20271004,7,9,0
"dgp2",4,20,20271004,8,9,0.141390739342133
"dgp2",4,20,20271004,9,9,0.459373123640086
"dgp2",4,20,20271004,10,9,0.137251768320988
"dgp2",4,20,20271004,11,9,0
"dgp2",4,20,20271004,12,9,0
"dgp2",4,20,20271004,13,9,0
"dgp2",4,20,20271004,14,9,0
"dgp2",4,20,20271004,15,9,0
"dgp2",4,20,20271004,16,9,0
"dgp2",4,20,20271004,17,9,0
"dgp2",4,20,20271004,18,9,0
"dgp2",4,20,20271004,19,9,0
"dgp2",4,20,20271004,20,9,0
"dgp2",4,20,20271004,1,10,0
"dgp2",4,20,20271004,2,10,0
"dgp2",4,20,20271004,3,10,0
"dgp2",4,20,20271004,4,10,0
"dgp2",4,20,20271004,5,10,0
"dgp2",4,20,20271004,6,10,0
"dgp2",4,20,20271004,7,10,0
"dgp2",4,20,20271004,8,10,0
"dgp2",4,20,20271004,9,10,0.181666823672179
"dgp2",4,20,20271004,10,10,0.580498501263742
"dgp2",4,20,20271004,11,10,0.168587450651652
"dgp2",4,20,20271004,12,10,0
"dgp2",4,20,20271004,13,10,0
"dgp2",4,20,20271004,14,10,0
"dgp2",4,20,20271004,15,10,0
"dgp2",4,20,20271004,16,10,0
"dgp2",4,20,20271004,17,10,0
"dgp2",4,20,20271004,18,10,0
"dgp2",4,20,20271004,19,10,0
"dgp2",4,20,20271004,20,10,0
"dgp2",4,20,20271004,1,11,0
"dgp2",4,20,20271004,2,11,0
"dgp2",4,20,20271004,3,11,0
"dgp2",4,20,20271004,4,11,0
"dgp2",4,20,20271004,5,11,0
"dgp2",4,20,20271004,6,11,0
"dgp2",4,20,20271004,7,11,0
"dgp2",4,20,20271004,8,11,0
"dgp2",4,20,20271004,9,11,0
"dgp2",4,20,20271004,10,11,0.206540928167069
"dgp2",4,20,20271004,11,11,0.40871509642813
"dgp2",4,20,20271004,12,11,0.212660254498744
"dgp2",4,20,20271004,13,11,0
"dgp2",4,20,20271004,14,11,0
"dgp2",4,20,20271004,15,11,0
"dgp2",4,20,20271004,16,11,0
"dgp2",4,20,20271004,17,11,0
"dgp2",4,20,20271004,18,11,0
"dgp2",4,20,20271004,19,11,0
"dgp2",4,20,20271004,20,11,0
"dgp2",4,20,20271004,1,12,0
"dgp2",4,20,20271004,2,12,0
"dgp2",4,20,20271004,3,12,0
"dgp2",4,20,20271004,4,12,0
"dgp2",4,20,20271004,5,12,0
"dgp2",4,20,20271004,6,12,0
"dgp2",4,20,20271004,7,12,0
"dgp2",4,20,20271004,8,12,0
"dgp2",4,20,20271004,9,12,0
"dgp2",4,20,20271004,10,12,0
"dgp2",4,20,20271004,11,12,0.226124602214617
"dgp2",4,20,20271004,12,12,0.478413011700852
"dgp2",4,20,20271004,13,12,0.206604981321639
"dgp2",4,20,20271004,14,12,0
"dgp2",4,20,20271004,15,12,0
"dgp2",4,20,20271004,16,12,0
"dgp2",4,20,20271004,17,12,0
"dgp2",4,20,20271004,18,12,0
"dgp2",4,20,20271004,19,12,0
"dgp2",4,20,20271004,20,12,0
"dgp2",4,20,20271004,1,13,0
"dgp2",4,20,20271004,2,13,0
"dgp2",4,20,20271004,3,13,0
"dgp2",4,20,20271004,4,13,0
"dgp2",4,20,20271004,5,13,0
"dgp2",4,20,20271004,6,13,0
"dgp2",4,20,20271004,7,13,0
"dgp2",4,20,20271004,8,13,0
"dgp2",4,20,20271004,9,13,0
"dgp2",4,20,20271004,10,13,0
"dgp2",4,20,20271004,11,13,0
"dgp2",4,20,20271004,12,13,0.179588229920877
"dgp2",4,20,20271004,13,13,0.428046290312348
"dgp2",4,20,20271004,14,13,0.158395109491361
"dgp2",4,20,20271004,15,13,0
"dgp2",4,20,20271004,16,13,0
"dgp2",4,20,20271004,17,13,0
"dgp2",4,20,20271004,18,13,0
"dgp2",4,20,20271004,19,13,0
"dgp2",4,20,20271004,20,13,0
"dgp2",4,20,20271004,1,14,0
"dgp2",4,20,20271004,2,14,0
"dgp2",4,20,20271004,3,14,0
"dgp2",4,20,20271004,4,14,0
"dgp2",4,20,20271004,5,14,0
"dgp2",4,20,20271004,6,14,0
"dgp2",4,20,20271004,7,14,0
"dgp2",4,20,20271004,8,14,0
"dgp2",4,20,20271004,9,14,0
"dgp2",4,20,20271004,10,14,0
"dgp2",4,20,20271004,11,14,0
"dgp2",4,20,20271004,12,14,0
"dgp2",4,20,20271004,13,14,0.250306185241807
"dgp2",4,20,20271004,14,14,0.40293296593928
"dgp2",4,20,20271004,15,14,0.208891561793891
"dgp2",4,20,20271004,16,14,0
"dgp2",4,20,20271004,17,14,0
"dgp2",4,20,20271004,18,14,0
"dgp2",4,20,20271004,19,14,0
"dgp2",4,20,20271004,20,14,0
"dgp2",4,20,20271004,1,15,0
"dgp2",4,20,20271004,2,15,0
"dgp2",4,20,20271004,3,15,0
"dgp2",4,20,20271004,4,15,0
"dgp2",4,20,20271004,5,15,0
"dgp2",4,20,20271004,6,15,0
"dgp2",4,20,20271004,7,15,0
"dgp2",4,20,20271004,8,15,0
"dgp2",4,20,20271004,9,15,0
"dgp2",4,20,20271004,10,15,0
"dgp2",4,20,20271004,11,15,0
"dgp2",4,20,20271004,12,15,0
"dgp2",4,20,20271004,13,15,0
"dgp2",4,20,20271004,14,15,0.141077428138485
"dgp2",4,20,20271004,15,15,0.565988907719174
"dgp2",4,20,20271004,16,15,0.257370733973561
"dgp2",4,20,20271004,17,15,0
"dgp2",4,20,20271004,18,15,0
"dgp2",4,20,20271004,19,15,0
"dgp2",4,20,20271004,20,15,0
"dgp2",4,20,20271004,1,16,0
"dgp2",4,20,20271004,2,16,0
"dgp2",4,20,20271004,3,16,0
"dgp2",4,20,20271004,4,16,0
"dgp2",4,20,20271004,5,16,0
"dgp2",4,20,20271004,6,16,0
"dgp2",4,20,20271004,7,16,0
"dgp2",4,20,20271004,8,16,0
"dgp2",4,20,20271004,9,16,0
"dgp2",4,20,20271004,10,16,0
"dgp2",4,20,20271004,11,16,0
"dgp2",4,20,20271004,12,16,0
"dgp2",4,20,20271004,13,16,0
"dgp2",4,20,20271004,14,16,0
"dgp2",4,20,20271004,15,16,0.21659217816248
"dgp2",4,20,20271004,16,16,0.413375416780272
"dgp2",4,20,20271004,17,16,0.189585760104841
"dgp2",4,20,20271004,18,16,0
"dgp2",4,20,20271004,19,16,0
"dgp2",4,20,20271004,20,16,0
"dgp2",4,20,20271004,1,17,0
"dgp2",4,20,20271004,2,17,0
"dgp2",4,20,20271004,3,17,0
"dgp2",4,20,20271004,4,17,0
"dgp2",4,20,20271004,5,17,0
"dgp2",4,20,20271004,6,17,0
"dgp2",4,20,20271004,7,17,0
"dgp2",4,20,20271004,8,17,0
"dgp2",4,20,20271004,9,17,0
"dgp2",4,20,20271004,10,17,0
"dgp2",4,20,20271004,11,17,0
"dgp2",4,20,20271004,12,17,0
"dgp2",4,20,20271004,13,17,0
"dgp2",4,20,20271004,14,17,0
"dgp2",4,20,20271004,15,17,0
"dgp2",4,20,20271004,16,17,0.163148591253208
"dgp2",4,20,20271004,17,17,0.438694200669415
"dgp2",4,20,20271004,18,17,0.251472072469744
"dgp2",4,20,20271004,19,17,0
"dgp2",4,20,20271004,20,17,0
"dgp2",4,20,20271004,1,18,0
"dgp2",4,20,20271004,2,18,0
"dgp2",4,20,20271004,3,18,0
"dgp2",4,20,20271004,4,18,0
"dgp2",4,20,20271004,5,18,0
"dgp2",4,20,20271004,6,18,0
"dgp2",4,20,20271004,7,18,0
"dgp2",4,20,20271004,8,18,0
"dgp2",4,20,20271004,9,18,0
"dgp2",4,20,20271004,10,18,0
"dgp2",4,20,20271004,11,18,0
"dgp2",4,20,20271004,12,18,0
"dgp2",4,20,20271004,13,18,0
"dgp2",4,20,20271004,14,18,0
"dgp2",4,20,20271004,15,18,0
"dgp2",4,20,20271004,16,18,0
"dgp2",4,20,20271004,17,18,0.194388055761852
"dgp2",4,20,20271004,18,18,0.468371291976119
"dgp2",4,20,20271004,19,18,0.163660834111254
"dgp2",4,20,20271004,20,18,0
"dgp2",4,20,20271004,1,19,0
"dgp2",4,20,20271004,2,19,0
"dgp2",4,20,20271004,3,19,0
"dgp2",4,20,20271004,4,19,0
"dgp2",4,20,20271004,5,19,0
"dgp2",4,20,20271004,6,19,0
"dgp2",4,20,20271004,7,19,0
"dgp2",4,20,20271004,8,19,0
"dgp2",4,20,20271004,9,19,0
"dgp2",4,20,20271004,10,19,0
"dgp2",4,20,20271004,11,19,0
"dgp2",4,20,20271004,12,19,0
"dgp2",4,20,20271004,13,19,0
"dgp2",4,20,20271004,14,19,0
"dgp2",4,20,20271004,15,19,0
"dgp2",4,20,20271004,16,19,0
"dgp2",4,20,20271004,17,19,0
"dgp2",4,20,20271004,18,19,0.25641278950675
"dgp2",4,20,20271004,19,19,0.601896463519061
"dgp2",4,20,20271004,20,19,0.186735278819605
"dgp2",4,20,20271004,1,20,0
"dgp2",4,20,20271004,2,20,0
"dgp2",4,20,20271004,3,20,0
"dgp2",4,20,20271004,4,20,0
"dgp2",4,20,20271004,5,20,0
"dgp2",4,20,20271004,6,20,0
"dgp2",4,20,20271004,7,20,0
"dgp2",4,20,20271004,8,20,0
"dgp2",4,20,20271004,9,20,0
"dgp2",4,20,20271004,10,20,0
"dgp2",4,20,20271004,11,20,0
"dgp2",4,20,20271004,12,20,0
"dgp2",4,20,20271004,13,20,0
"dgp2",4,20,20271004,14,20,0
"dgp2",4,20,20271004,15,20,0
"dgp2",4,20,20271004,16,20,0
"dgp2",4,20,20271004,17,20,0
"dgp2",4,20,20271004,18,20,0
"dgp2",4,20,20271004,19,20,0.141373385599583
"dgp2",4,20,20271004,20,20,0.515945329203557
"dgp2",5,25,20271005,1,1,0.474851298311541
"dgp2",5,25,20271005,2,1,0.24953483255764
"dgp2",5,25,20271005,3,1,0
"dgp2",5,25,20271005,4,1,0
"dgp2",5,25,20271005,5,1,0
"dgp2",5,25,20271005,6,1,0
"dgp2",5,25,20271005,7,1,0
"dgp2",5,25,20271005,8,1,0
"dgp2",5,25,20271005,9,1,0
"dgp2",5,25,20271005,10,1,0
"dgp2",5,25,20271005,11,1,0
"dgp2",5,25,20271005,12,1,0
"dgp2",5,25,20271005,13,1,0
"dgp2",5,25,20271005,14,1,0
"dgp2",5,25,20271005,15,1,0
"dgp2",5,25,20271005,16,1,0
"dgp2",5,25,20271005,17,1,0
"dgp2",5,25,20271005,18,1,0
"dgp2",5,25,20271005,19,1,0
"dgp2",5,25,20271005,20,1,0
"dgp2",5,25,20271005,21,1,0
"dgp2",5,25,20271005,22,1,0
"dgp2",5,25,20271005,23,1,0
"dgp2",5,25,20271005,24,1,0
"dgp2",5,25,20271005,25,1,0
"dgp2",5,25,20271005,1,2,0.211758858127152
"dgp2",5,25,20271005,2,2,0.461054036144217
"dgp2",5,25,20271005,3,2,0.168079819638386
"dgp2",5,25,20271005,4,2,0
"dgp2",5,25,20271005,5,2,0
"dgp2",5,25,20271005,6,2,0
"dgp2",5,25,20271005,7,2,0
"dgp2",5,25,20271005,8,2,0
"dgp2",5,25,20271005,9,2,0
"dgp2",5,25,20271005,10,2,0
"dgp2",5,25,20271005,11,2,0
"dgp2",5,25,20271005,12,2,0
"dgp2",5,25,20271005,13,2,0
"dgp2",5,25,20271005,14,2,0
"dgp2",5,25,20271005,15,2,0
"dgp2",5,25,20271005,16,2,0
"dgp2",5,25,20271005,17,2,0
"dgp2",5,25,20271005,18,2,0
"dgp2",5,25,20271005,19,2,0
"dgp2",5,25,20271005,20,2,0
"dgp2",5,25,20271005,21,2,0
"dgp2",5,25,20271005,22,2,0
"dgp2",5,25,20271005,23,2,0
"dgp2",5,25,20271005,24,2,0
"dgp2",5,25,20271005,25,2,0
"dgp2",5,25,20271005,1,3,0
"dgp2",5,25,20271005,2,3,0.227138281656891
"dgp2",5,25,20271005,3,3,0.342746615735055
"dgp2",5,25,20271005,4,3,0.22718894348376
"dgp2",5,25,20271005,5,3,0
"dgp2",5,25,20271005,6,3,0
"dgp2",5,25,20271005,7,3,0
"dgp2",5,25,20271005,8,3,0
"dgp2",5,25,20271005,9,3,0
"dgp2",5,25,20271005,10,3,0
"dgp2",5,25,20271005,11,3,0
"dgp2",5,25,20271005,12,3,0
"dgp2",5,25,20271005,13,3,0
"dgp2",5,25,20271005,14,3,0
"dgp2",5,25,20271005,15,3,0
"dgp2",5,25,20271005,16,3,0
"dgp2",5,25,20271005,17,3,0
"dgp2",5,25,20271005,18,3,0
"dgp2",5,25,20271005,19,3,0
"dgp2",5,25,20271005,20,3,0
"dgp2",5,25,20271005,21,3,0
"dgp2",5,25,20271005,22,3,0
"dgp2",5,25,20271005,23,3,0
"dgp2",5,25,20271005,24,3,0
"dgp2",5,25,20271005,25,3,0
"dgp2",5,25,20271005,1,4,0
"dgp2",5,25,20271005,2,4,0
"dgp2",5,25,20271005,3,4,0.15131638609618
"dgp2",5,25,20271005,4,4,0.391231325268888
"dgp2",5,25,20271005,5,4,0.170531204169334
"dgp2",5,25,20271005,6,4,0
"dgp2",5,25,20271005,7,4,0
"dgp2",5,25,20271005,8,4,0
"dgp2",5,25,20271005,9,4,0
"dgp2",5,25,20271005,10,4,0
"dgp2",5,25,20271005,11,4,0
"dgp2",5,25,20271005,12,4,0
"dgp2",5,25,20271005,13,4,0
"dgp2",5,25,20271005,14,4,0
"dgp2",5,25,20271005,15,4,0
"dgp2",5,25,20271005,16,4,0
"dgp2",5,25,20271005,17,4,0
"dgp2",5,25,20271005,18,4,0
"dgp2",5,25,20271005,19,4,0
"dgp2",5,25,20271005,20,4,0
"dgp2",5,25,20271005,21,4,0
"dgp2",5,25,20271005,22,4,0
"dgp2",5,25,20271005,23,4,0
"dgp2",5,25,20271005,24,4,0
"dgp2",5,25,20271005,25,4,0
"dgp2",5,25,20271005,1,5,0
"dgp2",5,25,20271005,2,5,0
"dgp2",5,25,20271005,3,5,0
"dgp2",5,25,20271005,4,5,0.173961978227438
"dgp2",5,25,20271005,5,5,0.472653792418538
"dgp2",5,25,20271005,6,5,0.18767030825466
"dgp2",5,25,20271005,7,5,0
"dgp2",5,25,20271005,8,5,0
"dgp2",5,25,20271005,9,5,0
"dgp2",5,25,20271005,10,5,0
"dgp2",5,25,20271005,11,5,0
"dgp2",5,25,20271005,12,5,0
"dgp2",5,25,20271005,13,5,0
"dgp2",5,25,20271005,14,5,0
"dgp2",5,25,20271005,15,5,0
"dgp2",5,25,20271005,16,5,0
"dgp2",5,25,20271005,17,5,0
"dgp2",5,25,20271005,18,5,0
"dgp2",5,25,20271005,19,5,0
"dgp2",5,25,20271005,20,5,0
"dgp2",5,25,20271005,21,5,0
"dgp2",5,25,20271005,22,5,0
"dgp2",5,25,20271005,23,5,0
"dgp2",5,25,20271005,24,5,0
"dgp2",5,25,20271005,25,5,0
"dgp2",5,25,20271005,1,6,0
"dgp2",5,25,20271005,2,6,0
"dgp2",5,25,20271005,3,6,0
"dgp2",5,25,20271005,4,6,0
"dgp2",5,25,20271005,5,6,0.184812958352252
"dgp2",5,25,20271005,6,6,0.541190170833255
"dgp2",5,25,20271005,7,6,0.167396085428243
"dgp2",5,25,20271005,8,6,0
"dgp2",5,25,20271005,9,6,0
"dgp2",5,25,20271005,10,6,0
"dgp2",5,25,20271005,11,6,0
"dgp2",5,25,20271005,12,6,0
"dgp2",5,25,20271005,13,6,0
"dgp2",5,25,20271005,14,6,0
"dgp2",5,25,20271005,15,6,0
"dgp2",5,25,20271005,16,6,0
"dgp2",5,25,20271005,17,6,0
"dgp2",5,25,20271005,18,6,0
"dgp2",5,25,20271005,19,6,0
"dgp2",5,25,20271005,20,6,0
"dgp2",5,25,20271005,21,6,0
"dgp2",5,25,20271005,22,6,0
"dgp2",5,25,20271005,23,6,0
"dgp2",5,25,20271005,24,6,0
"dgp2",5,25,20271005,25,6,0
"dgp2",5,25,20271005,1,7,0
"dgp2",5,25,20271005,2,7,0
"dgp2",5,25,20271005,3,7,0
"dgp2",5,25,20271005,4,7,0
"dgp2",5,25,20271005,5,7,0
"dgp2",5,25,20271005,6,7,0.242293688852301
"dgp2",5,25,20271005,7,7,0.357301372654497
"dgp2",5,25,20271005,8,7,0.146991826885693
"dgp2",5,25,20271005,9,7,0
"dgp2",5,25,20271005,10,7,0
"dgp2",5,25,20271005,11,7,0
"dgp2",5,25,20271005,12,7,0
"dgp2",5,25,20271005,13,7,0
"dgp2",5,25,20271005,14,7,0
"dgp2",5,25,20271005,15,7,0
"dgp2",5,25,20271005,16,7,0
"dgp2",5,25,20271005,17,7,0
"dgp2",5,25,20271005,18,7,0
"dgp2",5,25,20271005,19,7,0
"dgp2",5,25,20271005,20,7,0
"dgp2",5,25,20271005,21,7,0
"dgp2",5,25,20271005,22,7,0
"dgp2",5,25,20271005,23,7,0
"dgp2",5,25,20271005,24,7,0
"dgp2",5,25,20271005,25,7,0
"dgp2",5,25,20271005,1,8,0
"dgp2",5,25,20271005,2,8,0
"dgp2",5,25,20271005,3,8,0
"dgp2",5,25,20271005,4,8,0
"dgp2",5,25,20271005,5,8,0
"dgp2",5,25,20271005,6,8,0
"dgp2",5,25,20271005,7,8,0.151510111825928
"dgp2",5,25,20271005,8,8,0.524263701105849
"dgp2",5,25,20271005,9,8,0.176974542938717
"dgp2",5,25,20271005,10,8,0
"dgp2",5,25,20271005,11,8,0
"dgp2",5,25,20271005,12,8,0
"dgp2",5,25,20271005,13,8,0
"dgp2",5,25,20271005,14,8,0
"dgp2",5,25,20271005,15,8,0
"dgp2",5,25,20271005,16,8,0
"dgp2",5,25,20271005,17,8,0
"dgp2",5,25,20271005,18,8,0
"dgp2",5,25,20271005,19,8,0
"dgp2",5,25,20271005,20,8,0
"dgp2",5,25,20271005,21,8,0
"dgp2",5,25,20271005,22,8,0
"dgp2",5,25,20271005,23,8,0
"dgp2",5,25,20271005,24,8,0
"dgp2",5,25,20271005,25,8,0
"dgp2",5,25,20271005,1,9,0
"dgp2",5,25,20271005,2,9,0
"dgp2",5,25,20271005,3,9,0
"dgp2",5,25,20271005,4,9,0
"dgp2",5,25,20271005,5,9,0
"dgp2",5,25,20271005,6,9,0
"dgp2",5,25,20271005,7,9,0
"dgp2",5,25,20271005,8,9,0.234003352623328
"dgp2",5,25,20271005,9,9,0.445240073039448
"dgp2",5,25,20271005,10,9,0.159446715719582
"dgp2",5,25,20271005,11,9,0
"dgp2",5,25,20271005,12,9,0
"dgp2",5,25,20271005,13,9,0
"dgp2",5,25,20271005,14,9,0
"dgp2",5,25,20271005,15,9,0
"dgp2",5,25,20271005,16,9,0
"dgp2",5,25,20271005,17,9,0
"dgp2",5,25,20271005,18,9,0
"dgp2",5,25,20271005,19,9,0
"dgp2",5,25,20271005,20,9,0
"dgp2",5,25,20271005,21,9,0
"dgp2",5,25,20271005,22,9,0
"dgp2",5,25,20271005,23,9,0
"dgp2",5,25,20271005,24,9,0
"dgp2",5,25,20271005,25,9,0
"dgp2",5,25,20271005,1,10,0
"dgp2",5,25,20271005,2,10,0
"dgp2",5,25,20271005,3,10,0
"dgp2",5,25,20271005,4,10,0
"dgp2",5,25,20271005,5,10,0
"dgp2",5,25,20271005,6,10,0
"dgp2",5,25,20271005,7,10,0
"dgp2",5,25,20271005,8,10,0
"dgp2",5,25,20271005,9,10,0.200820974880125
"dgp2",5,25,20271005,10,10,0.48569646583907
"dgp2",5,25,20271005,11,10,0.21165097386002
"dgp2",5,25,20271005,12,10,0
"dgp2",5,25,20271005,13,10,0
"dgp2",5,25,20271005,14,10,0
"dgp2",5,25,20271005,15,10,0
"dgp2",5,25,20271005,16,10,0
"dgp2",5,25,20271005,17,10,0
"dgp2",5,25,20271005,18,10,0
"dgp2",5,25,20271005,19,10,0
"dgp2",5,25,20271005,20,10,0
"dgp2",5,25,20271005,21,10,0
"dgp2",5,25,20271005,22,10,0
"dgp2",5,25,20271005,23,10,0
"dgp2",5,25,20271005,24,10,0
"dgp2",5,25,20271005,25,10,0
"dgp2",5,25,20271005,1,11,0
"dgp2",5,25,20271005,2,11,0
"dgp2",5,25,20271005,3,11,0
"dgp2",5,25,20271005,4,11,0
"dgp2",5,25,20271005,5,11,0
"dgp2",5,25,20271005,6,11,0
"dgp2",5,25,20271005,7,11,0
"dgp2",5,25,20271005,8,11,0
"dgp2",5,25,20271005,9,11,0
"dgp2",5,25,20271005,10,11,0.235502716387276
"dgp2",5,25,20271005,11,11,0.504037885557244
"dgp2",5,25,20271005,12,11,0.159096081306669
"dgp2",5,25,20271005,13,11,0
"dgp2",5,25,20271005,14,11,0
"dgp2",5,25,20271005,15,11,0
"dgp2",5,25,20271005,16,11,0
"dgp2",5,25,20271005,17,11,0
"dgp2",5,25,20271005,18,11,0
"dgp2",5,25,20271005,19,11,0
"dgp2",5,25,20271005,20,11,0
"dgp2",5,25,20271005,21,11,0
"dgp2",5,25,20271005,22,11,0
"dgp2",5,25,20271005,23,11,0
"dgp2",5,25,20271005,24,11,0
"dgp2",5,25,20271005,25,11,0
"dgp2",5,25,20271005,1,12,0
"dgp2",5,25,20271005,2,12,0
"dgp2",5,25,20271005,3,12,0
"dgp2",5,25,20271005,4,12,0
"dgp2",5,25,20271005,5,12,0
"dgp2",5,25,20271005,6,12,0
"dgp2",5,25,20271005,7,12,0
"dgp2",5,25,20271005,8,12,0
"dgp2",5,25,20271005,9,12,0
"dgp2",5,25,20271005,10,12,0
"dgp2",5,25,20271005,11,12,0.127839845362713
"dgp2",5,25,20271005,12,12,0.403227159386564
"dgp2",5,25,20271005,13,12,0.239956729432336
"dgp2",5,25,20271005,14,12,0
"dgp2",5,25,20271005,15,12,0
"dgp2",5,25,20271005,16,12,0
"dgp2",5,25,20271005,17,12,0
"dgp2",5,25,20271005,18,12,0
"dgp2",5,25,20271005,19,12,0
"dgp2",5,25,20271005,20,12,0
"dgp2",5,25,20271005,21,12,0
"dgp2",5,25,20271005,22,12,0
"dgp2",5,25,20271005,23,12,0
"dgp2",5,25,20271005,24,12,0
"dgp2",5,25,20271005,25,12,0
"dgp2",5,25,20271005,1,13,0
"dgp2",5,25,20271005,2,13,0
"dgp2",5,25,20271005,3,13,0
"dgp2",5,25,20271005,4,13,0
"dgp2",5,25,20271005,5,13,0
"dgp2",5,25,20271005,6,13,0
"dgp2",5,25,20271005,7,13,0
"dgp2",5,25,20271005,8,13,0
"dgp2",5,25,20271005,9,13,0
"dgp2",5,25,20271005,10,13,0
"dgp2",5,25,20271005,11,13,0
"dgp2",5,25,20271005,12,13,0.250915486763707
"dgp2",5,25,20271005,13,13,0.420806810553116
"dgp2",5,25,20271005,14,13,0.207372632670571
"dgp2",5,25,20271005,15,13,0
"dgp2",5,25,20271005,16,13,0
"dgp2",5,25,20271005,17,13,0
"dgp2",5,25,20271005,18,13,0
"dgp2",5,25,20271005,19,13,0
"dgp2",5,25,20271005,20,13,0
"dgp2",5,25,20271005,21,13,0
"dgp2",5,25,20271005,22,13,0
"dgp2",5,25,20271005,23,13,0
"dgp2",5,25,20271005,24,13,0
"dgp2",5,25,20271005,25,13,0
"dgp2",5,25,20271005,1,14,0
"dgp2",5,25,20271005,2,14,0
"dgp2",5,25,20271005,3,14,0
"dgp2",5,25,20271005,4,14,0
"dgp2",5,25,20271005,5,14,0
"dgp2",5,25,20271005,6,14,0
"dgp2",5,25,20271005,7,14,0
"dgp2",5,25,20271005,8,14,0
"dgp2",5,25,20271005,9,14,0
"dgp2",5,25,20271005,10,14,0
"dgp2",5,25,20271005,11,14,0
"dgp2",5,25,20271005,12,14,0
"dgp2",5,25,20271005,13,14,0.203485742342402
"dgp2",5,25,20271005,14,14,0.332769572846561
"dgp2",5,25,20271005,15,14,0.142110657602852
"dgp2",5,25,20271005,16,14,0
"dgp2",5,25,20271005,17,14,0
"dgp2",5,25,20271005,18,14,0
"dgp2",5,25,20271005,19,14,0
"dgp2",5,25,20271005,20,14,0
"dgp2",5,25,20271005,21,14,0
"dgp2",5,25,20271005,22,14,0
"dgp2",5,25,20271005,23,14,0
"dgp2",5,25,20271005,24,14,0
"dgp2",5,25,20271005,25,14,0
"dgp2",5,25,20271005,1,15,0
"dgp2",5,25,20271005,2,15,0
"dgp2",5,25,20271005,3,15,0
"dgp2",5,25,20271005,4,15,0
"dgp2",5,25,20271005,5,15,0
"dgp2",5,25,20271005,6,15,0
"dgp2",5,25,20271005,7,15,0
"dgp2",5,25,20271005,8,15,0
"dgp2",5,25,20271005,9,15,0
"dgp2",5,25,20271005,10,15,0
"dgp2",5,25,20271005,11,15,0
"dgp2",5,25,20271005,12,15,0
"dgp2",5,25,20271005,13,15,0
"dgp2",5,25,20271005,14,15,0.187462369426915
"dgp2",5,25,20271005,15,15,0.565054803512444
"dgp2",5,25,20271005,16,15,0.236749038169676
"dgp2",5,25,20271005,17,15,0
"dgp2",5,25,20271005,18,15,0
"dgp2",5,25,20271005,19,15,0
"dgp2",5,25,20271005,20,15,0
"dgp2",5,25,20271005,21,15,0
"dgp2",5,25,20271005,22,15,0
"dgp2",5,25,20271005,23,15,0
"dgp2",5,25,20271005,24,15,0
"dgp2",5,25,20271005,25,15,0
"dgp2",5,25,20271005,1,16,0
"dgp2",5,25,20271005,2,16,0
"dgp2",5,25,20271005,3,16,0
"dgp2",5,25,20271005,4,16,0
"dgp2",5,25,20271005,5,16,0
"dgp2",5,25,20271005,6,16,0
"dgp2",5,25,20271005,7,16,0
"dgp2",5,25,20271005,8,16,0
"dgp2",5,25,20271005,9,16,0
"dgp2",5,25,20271005,10,16,0
"dgp2",5,25,20271005,11,16,0
"dgp2",5,25,20271005,12,16,0
"dgp2",5,25,20271005,13,16,0
"dgp2",5,25,20271005,14,16,0
"dgp2",5,25,20271005,15,16,0.246380202950642
"dgp2",5,25,20271005,16,16,0.529056049239606
"dgp2",5,25,20271005,17,16,0.187253454353382
"dgp2",5,25,20271005,18,16,0
"dgp2",5,25,20271005,19,16,0
"dgp2",5,25,20271005,20,16,0
"dgp2",5,25,20271005,21,16,0
"dgp2",5,25,20271005,22,16,0
"dgp2",5,25,20271005,23,16,0
"dgp2",5,25,20271005,24,16,0
"dgp2",5,25,20271005,25,16,0
"dgp2",5,25,20271005,1,17,0
"dgp2",5,25,20271005,2,17,0
"dgp2",5,25,20271005,3,17,0
"dgp2",5,25,20271005,4,17,0
"dgp2",5,25,20271005,5,17,0
"dgp2",5,25,20271005,6,17,0
"dgp2",5,25,20271005,7,17,0
"dgp2",5,25,20271005,8,17,0
"dgp2",5,25,20271005,9,17,0
"dgp2",5,25,20271005,10,17,0
"dgp2",5,25,20271005,11,17,0
"dgp2",5,25,20271005,12,17,0
"dgp2",5,25,20271005,13,17,0
"dgp2",5,25,20271005,14,17,0
"dgp2",5,25,20271005,15,17,0
"dgp2",5,25,20271005,16,17,0.248715433796956
"dgp2",5,25,20271005,17,17,0.356571845761781
"dgp2",5,25,20271005,18,17,0.159411536083835
"dgp2",5,25,20271005,19,17,0
"dgp2",5,25,20271005,20,17,0
"dgp2",5,25,20271005,21,17,0
"dgp2",5,25,20271005,22,17,0
"dgp2",5,25,20271005,23,17,0
"dgp2",5,25,20271005,24,17,0
"dgp2",5,25,20271005,25,17,0
"dgp2",5,25,20271005,1,18,0
"dgp2",5,25,20271005,2,18,0
"dgp2",5,25,20271005,3,18,0
"dgp2",5,25,20271005,4,18,0
"dgp2",5,25,20271005,5,18,0
"dgp2",5,25,20271005,6,18,0
"dgp2",5,25,20271005,7,18,0
"dgp2",5,25,20271005,8,18,0
"dgp2",5,25,20271005,9,18,0
"dgp2",5,25,20271005,10,18,0
"dgp2",5,25,20271005,11,18,0
"dgp2",5,25,20271005,12,18,0
"dgp2",5,25,20271005,13,18,0
"dgp2",5,25,20271005,14,18,0
"dgp2",5,25,20271005,15,18,0
"dgp2",5,25,20271005,16,18,0
"dgp2",5,25,20271005,17,18,0.211881175538427
"dgp2",5,25,20271005,18,18,0.365176898343266
"dgp2",5,25,20271005,19,18,0.232736133819222
"dgp2",5,25,20271005,20,18,0
"dgp2",5,25,20271005,21,18,0
"dgp2",5,25,20271005,22,18,0
"dgp2",5,25,20271005,23,18,0
"dgp2",5,25,20271005,24,18,0
"dgp2",5,25,20271005,25,18,0
"dgp2",5,25,20271005,1,19,0
"dgp2",5,25,20271005,2,19,0
"dgp2",5,25,20271005,3,19,0
"dgp2",5,25,20271005,4,19,0
"dgp2",5,25,20271005,5,19,0
"dgp2",5,25,20271005,6,19,0
"dgp2",5,25,20271005,7,19,0
"dgp2",5,25,20271005,8,19,0
"dgp2",5,25,20271005,9,19,0
"dgp2",5,25,20271005,10,19,0
"dgp2",5,25,20271005,11,19,0
"dgp2",5,25,20271005,12,19,0
"dgp2",5,25,20271005,13,19,0
"dgp2",5,25,20271005,14,19,0
"dgp2",5,25,20271005,15,19,0
"dgp2",5,25,20271005,16,19,0
"dgp2",5,25,20271005,17,19,0
"dgp2",5,25,20271005,18,19,0.195732012371923
"dgp2",5,25,20271005,19,19,0.55908458507766
"dgp2",5,25,20271005,20,19,0.18382997484558
"dgp2",5,25,20271005,21,19,0
"dgp2",5,25,20271005,22,19,0
"dgp2",5,25,20271005,23,19,0
"dgp2",5,25,20271005,24,19,0
"dgp2",5,25,20271005,25,19,0
"dgp2",5,25,20271005,1,20,0
"dgp2",5,25,20271005,2,20,0
"dgp2",5,25,20271005,3,20,0
"dgp2",5,25,20271005,4,20,0
"dgp2",5,25,20271005,5,20,0
"dgp2",5,25,20271005,6,20,0
"dgp2",5,25,20271005,7,20,0
"dgp2",5,25,20271005,8,20,0
"dgp2",5,25,20271005,9,20,0
"dgp2",5,25,20271005,10,20,0
"dgp2",5,25,20271005,11,20,0
"dgp2",5,25,20271005,12,20,0
"dgp2",5,25,20271005,13,20,0
"dgp2",5,25,20271005,14,20,0
"dgp2",5,25,20271005,15,20,0
"dgp2",5,25,20271005,16,20,0
"dgp2",5,25,20271005,17,20,0
"dgp2",5,25,20271005,18,20,0
"dgp2",5,25,20271005,19,20,0.235043190516537
"dgp2",5,25,20271005,20,20,0.536486015916309
"dgp2",5,25,20271005,21,20,0.243190324162521
"dgp2",5,25,20271005,22,20,0
"dgp2",5,25,20271005,23,20,0
"dgp2",5,25,20271005,24,20,0
"dgp2",5,25,20271005,25,20,0
"dgp2",5,25,20271005,1,21,0
"dgp2",5,25,20271005,2,21,0
"dgp2",5,25,20271005,3,21,0
"dgp2",5,25,20271005,4,21,0
"dgp2",5,25,20271005,5,21,0
"dgp2",5,25,20271005,6,21,0
"dgp2",5,25,20271005,7,21,0
"dgp2",5,25,20271005,8,21,0
"dgp2",5,25,20271005,9,21,0
"dgp2",5,25,20271005,10,21,0
"dgp2",5,25,20271005,11,21,0
"dgp2",5,25,20271005,12,21,0
"dgp2",5,25,20271005,13,21,0
"dgp2",5,25,20271005,14,21,0
"dgp2",5,25,20271005,15,21,0
"dgp2",5,25,20271005,16,21,0
"dgp2",5,25,20271005,17,21,0
"dgp2",5,25,20271005,18,21,0
"dgp2",5,25,20271005,19,21,0
"dgp2",5,25,20271005,20,21,0.239171803971586
"dgp2",5,25,20271005,21,21,0.394846832056407
"dgp2",5,25,20271005,22,21,0.19593668761202
"dgp2",5,25,20271005,23,21,0
"dgp2",5,25,20271005,24,21,0
"dgp2",5,25,20271005,25,21,0
"dgp2",5,25,20271005,1,22,0
"dgp2",5,25,20271005,2,22,0
"dgp2",5,25,20271005,3,22,0
"dgp2",5,25,20271005,4,22,0
"dgp2",5,25,20271005,5,22,0
"dgp2",5,25,20271005,6,22,0
"dgp2",5,25,20271005,7,22,0
"dgp2",5,25,20271005,8,22,0
"dgp2",5,25,20271005,9,22,0
"dgp2",5,25,20271005,10,22,0
"dgp2",5,25,20271005,11,22,0
"dgp2",5,25,20271005,12,22,0
"dgp2",5,25,20271005,13,22,0
"dgp2",5,25,20271005,14,22,0
"dgp2",5,25,20271005,15,22,0
"dgp2",5,25,20271005,16,22,0
"dgp2",5,25,20271005,17,22,0
"dgp2",5,25,20271005,18,22,0
"dgp2",5,25,20271005,19,22,0
"dgp2",5,25,20271005,20,22,0
"dgp2",5,25,20271005,21,22,0.196389617671368
"dgp2",5,25,20271005,22,22,0.547726625728687
"dgp2",5,25,20271005,23,22,0.153070969981747
"dgp2",5,25,20271005,24,22,0
"dgp2",5,25,20271005,25,22,0
"dgp2",5,25,20271005,1,23,0
"dgp2",5,25,20271005,2,23,0
"dgp2",5,25,20271005,3,23,0
"dgp2",5,25,20271005,4,23,0
"dgp2",5,25,20271005,5,23,0
"dgp2",5,25,20271005,6,23,0
"dgp2",5,25,20271005,7,23,0
"dgp2",5,25,20271005,8,23,0
"dgp2",5,25,20271005,9,23,0
"dgp2",5,25,20271005,10,23,0
"dgp2",5,25,20271005,11,23,0
"dgp2",5,25,20271005,12,23,0
"dgp2",5,25,20271005,13,23,0
"dgp2",5,25,20271005,14,23,0
"dgp2",5,25,20271005,15,23,0
"dgp2",5,25,20271005,16,23,0
"dgp2",5,25,20271005,17,23,0
"dgp2",5,25,20271005,18,23,0
"dgp2",5,25,20271005,19,23,0
"dgp2",5,25,20271005,20,23,0
"dgp2",5,25,20271005,21,23,0
"dgp2",5,25,20271005,22,23,0.141218849287328
"dgp2",5,25,20271005,23,23,0.512544565837069
"dgp2",5,25,20271005,24,23,0.215210914801023
"dgp2",5,25,20271005,25,23,0
"dgp2",5,25,20271005,1,24,0
"dgp2",5,25,20271005,2,24,0
"dgp2",5,25,20271005,3,24,0
"dgp2",5,25,20271005,4,24,0
"dgp2",5,25,20271005,5,24,0
"dgp2",5,25,20271005,6,24,0
"dgp2",5,25,20271005,7,24,0
"dgp2",5,25,20271005,8,24,0
"dgp2",5,25,20271005,9,24,0
"dgp2",5,25,20271005,10,24,0
"dgp2",5,25,20271005,11,24,0
"dgp2",5,25,20271005,12,24,0
"dgp2",5,25,20271005,13,24,0
"dgp2",5,25,20271005,14,24,0
"dgp2",5,25,20271005,15,24,0
"dgp2",5,25,20271005,16,24,0
"dgp2",5,25,20271005,17,24,0
"dgp2",5,25,20271005,18,24,0
"dgp2",5,25,20271005,19,24,0
"dgp2",5,25,20271005,20,24,0
"dgp2",5,25,20271005,21,24,0
"dgp2",5,25,20271005,22,24,0
"dgp2",5,25,20271005,23,24,0.127299781076968
"dgp2",5,25,20271005,24,24,0.559938228028648
"dgp2",5,25,20271005,25,24,0.241253960747512
"dgp2",5,25,20271005,1,25,0
"dgp2",5,25,20271005,2,25,0
"dgp2",5,25,20271005,3,25,0
"dgp2",5,25,20271005,4,25,0
"dgp2",5,25,20271005,5,25,0
"dgp2",5,25,20271005,6,25,0
"dgp2",5,25,20271005,7,25,0
"dgp2",5,25,20271005,8,25,0
"dgp2",5,25,20271005,9,25,0
"dgp2",5,25,20271005,10,25,0
"dgp2",5,25,20271005,11,25,0
"dgp2",5,25,20271005,12,25,0
"dgp2",5,25,20271005,13,25,0
"dgp2",5,25,20271005,14,25,0
"dgp2",5,25,20271005,15,25,0
"dgp2",5,25,20271005,16,25,0
"dgp2",5,25,20271005,17,25,0
"dgp2",5,25,20271005,18,25,0
"dgp2",5,25,20271005,19,25,0
"dgp2",5,25,20271005,20,25,0
"dgp2",5,25,20271005,21,25,0
"dgp2",5,25,20271005,22,25,0
"dgp2",5,25,20271005,23,25,0
"dgp2",5,25,20271005,24,25,0.239915256893298
"dgp2",5,25,20271005,25,25,0.550427864945194
"dgp2",6,30,20271006,1,1,0.431628952239662
"dgp2",6,30,20271006,2,1,0.240566372627488
"dgp2",6,30,20271006,3,1,0
"dgp2",6,30,20271006,4,1,0
"dgp2",6,30,20271006,5,1,0
"dgp2",6,30,20271006,6,1,0
"dgp2",6,30,20271006,7,1,0
"dgp2",6,30,20271006,8,1,0
"dgp2",6,30,20271006,9,1,0
"dgp2",6,30,20271006,10,1,0
"dgp2",6,30,20271006,11,1,0
"dgp2",6,30,20271006,12,1,0
"dgp2",6,30,20271006,13,1,0
"dgp2",6,30,20271006,14,1,0
"dgp2",6,30,20271006,15,1,0
"dgp2",6,30,20271006,16,1,0
"dgp2",6,30,20271006,17,1,0
"dgp2",6,30,20271006,18,1,0
"dgp2",6,30,20271006,19,1,0
"dgp2",6,30,20271006,20,1,0
"dgp2",6,30,20271006,21,1,0
"dgp2",6,30,20271006,22,1,0
"dgp2",6,30,20271006,23,1,0
"dgp2",6,30,20271006,24,1,0
"dgp2",6,30,20271006,25,1,0
"dgp2",6,30,20271006,26,1,0
"dgp2",6,30,20271006,27,1,0
"dgp2",6,30,20271006,28,1,0
"dgp2",6,30,20271006,29,1,0
"dgp2",6,30,20271006,30,1,0
"dgp2",6,30,20271006,1,2,0.127660779733779
"dgp2",6,30,20271006,2,2,0.546823079660414
"dgp2",6,30,20271006,3,2,0.178306216310823
"dgp2",6,30,20271006,4,2,0
"dgp2",6,30,20271006,5,2,0
"dgp2",6,30,20271006,6,2,0
"dgp2",6,30,20271006,7,2,0
"dgp2",6,30,20271006,8,2,0
"dgp2",6,30,20271006,9,2,0
"dgp2",6,30,20271006,10,2,0
"dgp2",6,30,20271006,11,2,0
"dgp2",6,30,20271006,12,2,0
"dgp2",6,30,20271006,13,2,0
"dgp2",6,30,20271006,14,2,0
"dgp2",6,30,20271006,15,2,0
"dgp2",6,30,20271006,16,2,0
"dgp2",6,30,20271006,17,2,0
"dgp2",6,30,20271006,18,2,0
"dgp2",6,30,20271006,19,2,0
"dgp2",6,30,20271006,20,2,0
"dgp2",6,30,20271006,21,2,0
"dgp2",6,30,20271006,22,2,0
"dgp2",6,30,20271006,23,2,0
"dgp2",6,30,20271006,24,2,0
"dgp2",6,30,20271006,25,2,0
"dgp2",6,30,20271006,26,2,0
"dgp2",6,30,20271006,27,2,0
"dgp2",6,30,20271006,28,2,0
"dgp2",6,30,20271006,29,2,0
"dgp2",6,30,20271006,30,2,0
"dgp2",6,30,20271006,1,3,0
"dgp2",6,30,20271006,2,3,0.185642509559717
"dgp2",6,30,20271006,3,3,0.541618413703457
"dgp2",6,30,20271006,4,3,0.160235488365859
"dgp2",6,30,20271006,5,3,0
"dgp2",6,30,20271006,6,3,0
"dgp2",6,30,20271006,7,3,0
"dgp2",6,30,20271006,8,3,0
"dgp2",6,30,20271006,9,3,0
"dgp2",6,30,20271006,10,3,0
"dgp2",6,30,20271006,11,3,0
"dgp2",6,30,20271006,12,3,0
"dgp2",6,30,20271006,13,3,0
"dgp2",6,30,20271006,14,3,0
"dgp2",6,30,20271006,15,3,0
"dgp2",6,30,20271006,16,3,0
"dgp2",6,30,20271006,17,3,0
"dgp2",6,30,20271006,18,3,0
"dgp2",6,30,20271006,19,3,0
"dgp2",6,30,20271006,20,3,0
"dgp2",6,30,20271006,21,3,0
"dgp2",6,30,20271006,22,3,0
"dgp2",6,30,20271006,23,3,0
"dgp2",6,30,20271006,24,3,0
"dgp2",6,30,20271006,25,3,0
"dgp2",6,30,20271006,26,3,0
"dgp2",6,30,20271006,27,3,0
"dgp2",6,30,20271006,28,3,0
"dgp2",6,30,20271006,29,3,0
"dgp2",6,30,20271006,30,3,0
"dgp2",6,30,20271006,1,4,0
"dgp2",6,30,20271006,2,4,0
"dgp2",6,30,20271006,3,4,0.181591287103813
"dgp2",6,30,20271006,4,4,0.380069618650129
"dgp2",6,30,20271006,5,4,0.146629766676286
"dgp2",6,30,20271006,6,4,0
"dgp2",6,30,20271006,7,4,0
"dgp2",6,30,20271006,8,4,0
"dgp2",6,30,20271006,9,4,0
"dgp2",6,30,20271006,10,4,0
"dgp2",6,30,20271006,11,4,0
"dgp2",6,30,20271006,12,4,0
"dgp2",6,30,20271006,13,4,0
"dgp2",6,30,20271006,14,4,0
"dgp2",6,30,20271006,15,4,0
"dgp2",6,30,20271006,16,4,0
"dgp2",6,30,20271006,17,4,0
"dgp2",6,30,20271006,18,4,0
"dgp2",6,30,20271006,19,4,0
"dgp2",6,30,20271006,20,4,0
"dgp2",6,30,20271006,21,4,0
"dgp2",6,30,20271006,22,4,0
"dgp2",6,30,20271006,23,4,0
"dgp2",6,30,20271006,24,4,0
"dgp2",6,30,20271006,25,4,0
"dgp2",6,30,20271006,26,4,0
"dgp2",6,30,20271006,27,4,0
"dgp2",6,30,20271006,28,4,0
"dgp2",6,30,20271006,29,4,0
"dgp2",6,30,20271006,30,4,0
"dgp2",6,30,20271006,1,5,0
"dgp2",6,30,20271006,2,5,0
"dgp2",6,30,20271006,3,5,0
"dgp2",6,30,20271006,4,5,0.209152023567012
"dgp2",6,30,20271006,5,5,0.469232364829338
"dgp2",6,30,20271006,6,5,0.221203732474421
"dgp2",6,30,20271006,7,5,0
"dgp2",6,30,20271006,8,5,0
"dgp2",6,30,20271006,9,5,0
"dgp2",6,30,20271006,10,5,0
"dgp2",6,30,20271006,11,5,0
"dgp2",6,30,20271006,12,5,0
"dgp2",6,30,20271006,13,5,0
"dgp2",6,30,20271006,14,5,0
"dgp2",6,30,20271006,15,5,0
"dgp2",6,30,20271006,16,5,0
"dgp2",6,30,20271006,17,5,0
"dgp2",6,30,20271006,18,5,0
"dgp2",6,30,20271006,19,5,0
"dgp2",6,30,20271006,20,5,0
"dgp2",6,30,20271006,21,5,0
"dgp2",6,30,20271006,22,5,0
"dgp2",6,30,20271006,23,5,0
"dgp2",6,30,20271006,24,5,0
"dgp2",6,30,20271006,25,5,0
"dgp2",6,30,20271006,26,5,0
"dgp2",6,30,20271006,27,5,0
"dgp2",6,30,20271006,28,5,0
"dgp2",6,30,20271006,29,5,0
"dgp2",6,30,20271006,30,5,0
"dgp2",6,30,20271006,1,6,0
"dgp2",6,30,20271006,2,6,0
"dgp2",6,30,20271006,3,6,0
"dgp2",6,30,20271006,4,6,0
"dgp2",6,30,20271006,5,6,0.206137108079397
"dgp2",6,30,20271006,6,6,0.384524707452873
"dgp2",6,30,20271006,7,6,0.192858033258284
"dgp2",6,30,20271006,8,6,0
"dgp2",6,30,20271006,9,6,0
"dgp2",6,30,20271006,10,6,0
"dgp2",6,30,20271006,11,6,0
"dgp2",6,30,20271006,12,6,0
"dgp2",6,30,20271006,13,6,0
"dgp2",6,30,20271006,14,6,0
"dgp2",6,30,20271006,15,6,0
"dgp2",6,30,20271006,16,6,0
"dgp2",6,30,20271006,17,6,0
"dgp2",6,30,20271006,18,6,0
"dgp2",6,30,20271006,19,6,0
"dgp2",6,30,20271006,20,6,0
"dgp2",6,30,20271006,21,6,0
"dgp2",6,30,20271006,22,6,0
"dgp2",6,30,20271006,23,6,0
"dgp2",6,30,20271006,24,6,0
"dgp2",6,30,20271006,25,6,0
"dgp2",6,30,20271006,26,6,0
"dgp2",6,30,20271006,27,6,0
"dgp2",6,30,20271006,28,6,0
"dgp2",6,30,20271006,29,6,0
"dgp2",6,30,20271006,30,6,0
"dgp2",6,30,20271006,1,7,0
"dgp2",6,30,20271006,2,7,0
"dgp2",6,30,20271006,3,7,0
"dgp2",6,30,20271006,4,7,0
"dgp2",6,30,20271006,5,7,0
"dgp2",6,30,20271006,6,7,0.247043469332888
"dgp2",6,30,20271006,7,7,0.554953235111223
"dgp2",6,30,20271006,8,7,0.178243571766935
"dgp2",6,30,20271006,9,7,0
"dgp2",6,30,20271006,10,7,0
"dgp2",6,30,20271006,11,7,0
"dgp2",6,30,20271006,12,7,0
"dgp2",6,30,20271006,13,7,0
"dgp2",6,30,20271006,14,7,0
"dgp2",6,30,20271006,15,7,0
"dgp2",6,30,20271006,16,7,0
"dgp2",6,30,20271006,17,7,0
"dgp2",6,30,20271006,18,7,0
"dgp2",6,30,20271006,19,7,0
"dgp2",6,30,20271006,20,7,0
"dgp2",6,30,20271006,21,7,0
"dgp2",6,30,20271006,22,7,0
"dgp2",6,30,20271006,23,7,0
"dgp2",6,30,20271006,24,7,0
"dgp2",6,30,20271006,25,7,0
"dgp2",6,30,20271006,26,7,0
"dgp2",6,30,20271006,27,7,0
"dgp2",6,30,20271006,28,7,0
"dgp2",6,30,20271006,29,7,0
"dgp2",6,30,20271006,30,7,0
"dgp2",6,30,20271006,1,8,0
"dgp2",6,30,20271006,2,8,0
"dgp2",6,30,20271006,3,8,0
"dgp2",6,30,20271006,4,8,0
"dgp2",6,30,20271006,5,8,0
"dgp2",6,30,20271006,6,8,0
"dgp2",6,30,20271006,7,8,0.196048235360536
"dgp2",6,30,20271006,8,8,0.487806278052628
"dgp2",6,30,20271006,9,8,0.183745074944413
"dgp2",6,30,20271006,10,8,0
"dgp2",6,30,20271006,11,8,0
"dgp2",6,30,20271006,12,8,0
"dgp2",6,30,20271006,13,8,0
"dgp2",6,30,20271006,14,8,0
"dgp2",6,30,20271006,15,8,0
"dgp2",6,30,20271006,16,8,0
"dgp2",6,30,20271006,17,8,0
"dgp2",6,30,20271006,18,8,0
"dgp2",6,30,20271006,19,8,0
"dgp2",6,30,20271006,20,8,0
"dgp2",6,30,20271006,21,8,0
"dgp2",6,30,20271006,22,8,0
"dgp2",6,30,20271006,23,8,0
"dgp2",6,30,20271006,24,8,0
"dgp2",6,30,20271006,25,8,0
"dgp2",6,30,20271006,26,8,0
"dgp2",6,30,20271006,27,8,0
"dgp2",6,30,20271006,28,8,0
"dgp2",6,30,20271006,29,8,0
"dgp2",6,30,20271006,30,8,0
"dgp2",6,30,20271006,1,9,0
"dgp2",6,30,20271006,2,9,0
"dgp2",6,30,20271006,3,9,0
"dgp2",6,30,20271006,4,9,0
"dgp2",6,30,20271006,5,9,0
"dgp2",6,30,20271006,6,9,0
"dgp2",6,30,20271006,7,9,0
"dgp2",6,30,20271006,8,9,0.228311468647505
"dgp2",6,30,20271006,9,9,0.53509325072222
"dgp2",6,30,20271006,10,9,0.225042699158974
"dgp2",6,30,20271006,11,9,0
"dgp2",6,30,20271006,12,9,0
"dgp2",6,30,20271006,13,9,0
"dgp2",6,30,20271006,14,9,0
"dgp2",6,30,20271006,15,9,0
"dgp2",6,30,20271006,16,9,0
"dgp2",6,30,20271006,17,9,0
"dgp2",6,30,20271006,18,9,0
"dgp2",6,30,20271006,19,9,0
"dgp2",6,30,20271006,20,9,0
"dgp2",6,30,20271006,21,9,0
"dgp2",6,30,20271006,22,9,0
"dgp2",6,30,20271006,23,9,0
"dgp2",6,30,20271006,24,9,0
"dgp2",6,30,20271006,25,9,0
"dgp2",6,30,20271006,26,9,0
"dgp2",6,30,20271006,27,9,0
"dgp2",6,30,20271006,28,9,0
"dgp2",6,30,20271006,29,9,0
"dgp2",6,30,20271006,30,9,0
"dgp2",6,30,20271006,1,10,0
"dgp2",6,30,20271006,2,10,0
"dgp2",6,30,20271006,3,10,0
"dgp2",6,30,20271006,4,10,0
"dgp2",6,30,20271006,5,10,0
"dgp2",6,30,20271006,6,10,0
"dgp2",6,30,20271006,7,10,0
"dgp2",6,30,20271006,8,10,0
"dgp2",6,30,20271006,9,10,0.209851471415576
"dgp2",6,30,20271006,10,10,0.516809669148527
"dgp2",6,30,20271006,11,10,0.231156093609204
"dgp2",6,30,20271006,12,10,0
"dgp2",6,30,20271006,13,10,0
"dgp2",6,30,20271006,14,10,0
"dgp2",6,30,20271006,15,10,0
"dgp2",6,30,20271006,16,10,0
"dgp2",6,30,20271006,17,10,0
"dgp2",6,30,20271006,18,10,0
"dgp2",6,30,20271006,19,10,0
"dgp2",6,30,20271006,20,10,0
"dgp2",6,30,20271006,21,10,0
"dgp2",6,30,20271006,22,10,0
"dgp2",6,30,20271006,23,10,0
"dgp2",6,30,20271006,24,10,0
"dgp2",6,30,20271006,25,10,0
"dgp2",6,30,20271006,26,10,0
"dgp2",6,30,20271006,27,10,0
"dgp2",6,30,20271006,28,10,0
"dgp2",6,30,20271006,29,10,0
"dgp2",6,30,20271006,30,10,0
"dgp2",6,30,20271006,1,11,0
"dgp2",6,30,20271006,2,11,0
"dgp2",6,30,20271006,3,11,0
"dgp2",6,30,20271006,4,11,0
"dgp2",6,30,20271006,5,11,0
"dgp2",6,30,20271006,6,11,0
"dgp2",6,30,20271006,7,11,0
"dgp2",6,30,20271006,8,11,0
"dgp2",6,30,20271006,9,11,0
"dgp2",6,30,20271006,10,11,0.234529694966914
"dgp2",6,30,20271006,11,11,0.425704354134072
"dgp2",6,30,20271006,12,11,0.235256347922207
"dgp2",6,30,20271006,13,11,0
"dgp2",6,30,20271006,14,11,0
"dgp2",6,30,20271006,15,11,0
"dgp2",6,30,20271006,16,11,0
"dgp2",6,30,20271006,17,11,0
"dgp2",6,30,20271006,18,11,0
"dgp2",6,30,20271006,19,11,0
"dgp2",6,30,20271006,20,11,0
"dgp2",6,30,20271006,21,11,0
"dgp2",6,30,20271006,22,11,0
"dgp2",6,30,20271006,23,11,0
"dgp2",6,30,20271006,24,11,0
"dgp2",6,30,20271006,25,11,0
"dgp2",6,30,20271006,26,11,0
"dgp2",6,30,20271006,27,11,0
"dgp2",6,30,20271006,28,11,0
"dgp2",6,30,20271006,29,11,0
"dgp2",6,30,20271006,30,11,0
"dgp2",6,30,20271006,1,12,0
"dgp2",6,30,20271006,2,12,0
"dgp2",6,30,20271006,3,12,0
"dgp2",6,30,20271006,4,12,0
"dgp2",6,30,20271006,5,12,0
"dgp2",6,30,20271006,6,12,0
"dgp2",6,30,20271006,7,12,0
"dgp2",6,30,20271006,8,12,0
"dgp2",6,30,20271006,9,12,0
"dgp2",6,30,20271006,10,12,0
"dgp2",6,30,20271006,11,12,0.140123972698757
"dgp2",6,30,20271006,12,12,0.397645846680529
"dgp2",6,30,20271006,13,12,0.174329612479655
"dgp2",6,30,20271006,14,12,0
"dgp2",6,30,20271006,15,12,0
"dgp2",6,30,20271006,16,12,0
"dgp2",6,30,20271006,17,12,0
"dgp2",6,30,20271006,18,12,0
"dgp2",6,30,20271006,19,12,0
"dgp2",6,30,20271006,20,12,0
"dgp2",6,30,20271006,21,12,0
"dgp2",6,30,20271006,22,12,0
"dgp2",6,30,20271006,23,12,0
"dgp2",6,30,20271006,24,12,0
"dgp2",6,30,20271006,25,12,0
"dgp2",6,30,20271006,26,12,0
"dgp2",6,30,20271006,27,12,0
"dgp2",6,30,20271006,28,12,0
"dgp2",6,30,20271006,29,12,0
"dgp2",6,30,20271006,30,12,0
"dgp2",6,30,20271006,1,13,0
"dgp2",6,30,20271006,2,13,0
"dgp2",6,30,20271006,3,13,0
"dgp2",6,30,20271006,4,13,0
"dgp2",6,30,20271006,5,13,0
"dgp2",6,30,20271006,6,13,0
"dgp2",6,30,20271006,7,13,0
"dgp2",6,30,20271006,8,13,0
"dgp2",6,30,20271006,9,13,0
"dgp2",6,30,20271006,10,13,0
"dgp2",6,30,20271006,11,13,0
"dgp2",6,30,20271006,12,13,0.206829135221653
"dgp2",6,30,20271006,13,13,0.391668955731236
"dgp2",6,30,20271006,14,13,0.239312389316258
"dgp2",6,30,20271006,15,13,0
"dgp2",6,30,20271006,16,13,0
"dgp2",6,30,20271006,17,13,0
"dgp2",6,30,20271006,18,13,0
"dgp2",6,30,20271006,19,13,0
"dgp2",6,30,20271006,20,13,0
"dgp2",6,30,20271006,21,13,0
"dgp2",6,30,20271006,22,13,0
"dgp2",6,30,20271006,23,13,0
"dgp2",6,30,20271006,24,13,0
"dgp2",6,30,20271006,25,13,0
"dgp2",6,30,20271006,26,13,0
"dgp2",6,30,20271006,27,13,0
"dgp2",6,30,20271006,28,13,0
"dgp2",6,30,20271006,29,13,0
"dgp2",6,30,20271006,30,13,0
"dgp2",6,30,20271006,1,14,0
"dgp2",6,30,20271006,2,14,0
"dgp2",6,30,20271006,3,14,0
"dgp2",6,30,20271006,4,14,0
"dgp2",6,30,20271006,5,14,0
"dgp2",6,30,20271006,6,14,0
"dgp2",6,30,20271006,7,14,0
"dgp2",6,30,20271006,8,14,0
"dgp2",6,30,20271006,9,14,0
"dgp2",6,30,20271006,10,14,0
"dgp2",6,30,20271006,11,14,0
"dgp2",6,30,20271006,12,14,0
"dgp2",6,30,20271006,13,14,0.14242219492846
"dgp2",6,30,20271006,14,14,0.566404313651849
"dgp2",6,30,20271006,15,14,0.18026928744145
"dgp2",6,30,20271006,16,14,0
"dgp2",6,30,20271006,17,14,0
"dgp2",6,30,20271006,18,14,0
"dgp2",6,30,20271006,19,14,0
"dgp2",6,30,20271006,20,14,0
"dgp2",6,30,20271006,21,14,0
"dgp2",6,30,20271006,22,14,0
"dgp2",6,30,20271006,23,14,0
"dgp2",6,30,20271006,24,14,0
"dgp2",6,30,20271006,25,14,0
"dgp2",6,30,20271006,26,14,0
"dgp2",6,30,20271006,27,14,0
"dgp2",6,30,20271006,28,14,0
"dgp2",6,30,20271006,29,14,0
"dgp2",6,30,20271006,30,14,0
"dgp2",6,30,20271006,1,15,0
"dgp2",6,30,20271006,2,15,0
"dgp2",6,30,20271006,3,15,0
"dgp2",6,30,20271006,4,15,0
"dgp2",6,30,20271006,5,15,0
"dgp2",6,30,20271006,6,15,0
"dgp2",6,30,20271006,7,15,0
"dgp2",6,30,20271006,8,15,0
"dgp2",6,30,20271006,9,15,0
"dgp2",6,30,20271006,10,15,0
"dgp2",6,30,20271006,11,15,0
"dgp2",6,30,20271006,12,15,0
"dgp2",6,30,20271006,13,15,0
"dgp2",6,30,20271006,14,15,0.136814050644898
"dgp2",6,30,20271006,15,15,0.474954588950106
"dgp2",6,30,20271006,16,15,0.132598223591776
"dgp2",6,30,20271006,17,15,0
"dgp2",6,30,20271006,18,15,0
"dgp2",6,30,20271006,19,15,0
"dgp2",6,30,20271006,20,15,0
"dgp2",6,30,20271006,21,15,0
"dgp2",6,30,20271006,22,15,0
"dgp2",6,30,20271006,23,15,0
"dgp2",6,30,20271006,24,15,0
"dgp2",6,30,20271006,25,15,0
"dgp2",6,30,20271006,26,15,0
"dgp2",6,30,20271006,27,15,0
"dgp2",6,30,20271006,28,15,0
"dgp2",6,30,20271006,29,15,0
"dgp2",6,30,20271006,30,15,0
"dgp2",6,30,20271006,1,16,0
"dgp2",6,30,20271006,2,16,0
"dgp2",6,30,20271006,3,16,0
"dgp2",6,30,20271006,4,16,0
"dgp2",6,30,20271006,5,16,0
"dgp2",6,30,20271006,6,16,0
"dgp2",6,30,20271006,7,16,0
"dgp2",6,30,20271006,8,16,0
"dgp2",6,30,20271006,9,16,0
"dgp2",6,30,20271006,10,16,0
"dgp2",6,30,20271006,11,16,0
"dgp2",6,30,20271006,12,16,0
"dgp2",6,30,20271006,13,16,0
"dgp2",6,30,20271006,14,16,0
"dgp2",6,30,20271006,15,16,0.136515077528302
"dgp2",6,30,20271006,16,16,0.347097221815949
"dgp2",6,30,20271006,17,16,0.242945997714688
"dgp2",6,30,20271006,18,16,0
"dgp2",6,30,20271006,19,16,0
"dgp2",6,30,20271006,20,16,0
"dgp2",6,30,20271006,21,16,0
"dgp2",6,30,20271006,22,16,0
"dgp2",6,30,20271006,23,16,0
"dgp2",6,30,20271006,24,16,0
"dgp2",6,30,20271006,25,16,0
"dgp2",6,30,20271006,26,16,0
"dgp2",6,30,20271006,27,16,0
"dgp2",6,30,20271006,28,16,0
"dgp2",6,30,20271006,29,16,0
"dgp2",6,30,20271006,30,16,0
"dgp2",6,30,20271006,1,17,0
"dgp2",6,30,20271006,2,17,0
"dgp2",6,30,20271006,3,17,0
"dgp2",6,30,20271006,4,17,0
"dgp2",6,30,20271006,5,17,0
"dgp2",6,30,20271006,6,17,0
"dgp2",6,30,20271006,7,17,0
"dgp2",6,30,20271006,8,17,0
"dgp2",6,30,20271006,9,17,0
"dgp2",6,30,20271006,10,17,0
"dgp2",6,30,20271006,11,17,0
"dgp2",6,30,20271006,12,17,0
"dgp2",6,30,20271006,13,17,0
"dgp2",6,30,20271006,14,17,0
"dgp2",6,30,20271006,15,17,0
"dgp2",6,30,20271006,16,17,0.239926589476088
"dgp2",6,30,20271006,17,17,0.569178243733922
"dgp2",6,30,20271006,18,17,0.163866647012265
"dgp2",6,30,20271006,19,17,0
"dgp2",6,30,20271006,20,17,0
"dgp2",6,30,20271006,21,17,0
"dgp2",6,30,20271006,22,17,0
"dgp2",6,30,20271006,23,17,0
"dgp2",6,30,20271006,24,17,0
"dgp2",6,30,20271006,25,17,0
"dgp2",6,30,20271006,26,17,0
"dgp2",6,30,20271006,27,17,0
"dgp2",6,30,20271006,28,17,0
"dgp2",6,30,20271006,29,17,0
"dgp2",6,30,20271006,30,17,0
"dgp2",6,30,20271006,1,18,0
"dgp2",6,30,20271006,2,18,0
"dgp2",6,30,20271006,3,18,0
"dgp2",6,30,20271006,4,18,0
"dgp2",6,30,20271006,5,18,0
"dgp2",6,30,20271006,6,18,0
"dgp2",6,30,20271006,7,18,0
"dgp2",6,30,20271006,8,18,0
"dgp2",6,30,20271006,9,18,0
"dgp2",6,30,20271006,10,18,0
"dgp2",6,30,20271006,11,18,0
"dgp2",6,30,20271006,12,18,0
"dgp2",6,30,20271006,13,18,0
"dgp2",6,30,20271006,14,18,0
"dgp2",6,30,20271006,15,18,0
"dgp2",6,30,20271006,16,18,0
"dgp2",6,30,20271006,17,18,0.167289427965638
"dgp2",6,30,20271006,18,18,0.42767279863547
"dgp2",6,30,20271006,19,18,0.199429371208029
"dgp2",6,30,20271006,20,18,0
"dgp2",6,30,20271006,21,18,0
"dgp2",6,30,20271006,22,18,0
"dgp2",6,30,20271006,23,18,0
"dgp2",6,30,20271006,24,18,0
"dgp2",6,30,20271006,25,18,0
"dgp2",6,30,20271006,26,18,0
"dgp2",6,30,20271006,27,18,0
"dgp2",6,30,20271006,28,18,0
"dgp2",6,30,20271006,29,18,0
"dgp2",6,30,20271006,30,18,0
"dgp2",6,30,20271006,1,19,0
"dgp2",6,30,20271006,2,19,0
"dgp2",6,30,20271006,3,19,0
"dgp2",6,30,20271006,4,19,0
"dgp2",6,30,20271006,5,19,0
"dgp2",6,30,20271006,6,19,0
"dgp2",6,30,20271006,7,19,0
"dgp2",6,30,20271006,8,19,0
"dgp2",6,30,20271006,9,19,0
"dgp2",6,30,20271006,10,19,0
"dgp2",6,30,20271006,11,19,0
"dgp2",6,30,20271006,12,19,0
"dgp2",6,30,20271006,13,19,0
"dgp2",6,30,20271006,14,19,0
"dgp2",6,30,20271006,15,19,0
"dgp2",6,30,20271006,16,19,0
"dgp2",6,30,20271006,17,19,0
"dgp2",6,30,20271006,18,19,0.156898999920858
"dgp2",6,30,20271006,19,19,0.539606531114058
"dgp2",6,30,20271006,20,19,0.188717106943294
"dgp2",6,30,20271006,21,19,0
"dgp2",6,30,20271006,22,19,0
"dgp2",6,30,20271006,23,19,0
"dgp2",6,30,20271006,24,19,0
"dgp2",6,30,20271006,25,19,0
"dgp2",6,30,20271006,26,19,0
"dgp2",6,30,20271006,27,19,0
"dgp2",6,30,20271006,28,19,0
"dgp2",6,30,20271006,29,19,0
"dgp2",6,30,20271006,30,19,0
"dgp2",6,30,20271006,1,20,0
"dgp2",6,30,20271006,2,20,0
"dgp2",6,30,20271006,3,20,0
"dgp2",6,30,20271006,4,20,0
"dgp2",6,30,20271006,5,20,0
"dgp2",6,30,20271006,6,20,0
"dgp2",6,30,20271006,7,20,0
"dgp2",6,30,20271006,8,20,0
"dgp2",6,30,20271006,9,20,0
"dgp2",6,30,20271006,10,20,0
"dgp2",6,30,20271006,11,20,0
"dgp2",6,30,20271006,12,20,0
"dgp2",6,30,20271006,13,20,0
"dgp2",6,30,20271006,14,20,0
"dgp2",6,30,20271006,15,20,0
"dgp2",6,30,20271006,16,20,0
"dgp2",6,30,20271006,17,20,0
"dgp2",6,30,20271006,18,20,0
"dgp2",6,30,20271006,19,20,0.170047978309748
"dgp2",6,30,20271006,20,20,0.439657939460386
"dgp2",6,30,20271006,21,20,0.167446317352935
"dgp2",6,30,20271006,22,20,0
"dgp2",6,30,20271006,23,20,0
"dgp2",6,30,20271006,24,20,0
"dgp2",6,30,20271006,25,20,0
"dgp2",6,30,20271006,26,20,0
"dgp2",6,30,20271006,27,20,0
"dgp2",6,30,20271006,28,20,0
"dgp2",6,30,20271006,29,20,0
"dgp2",6,30,20271006,30,20,0
"dgp2",6,30,20271006,1,21,0
"dgp2",6,30,20271006,2,21,0
"dgp2",6,30,20271006,3,21,0
"dgp2",6,30,20271006,4,21,0
"dgp2",6,30,20271006,5,21,0
"dgp2",6,30,20271006,6,21,0
"dgp2",6,30,20271006,7,21,0
"dgp2",6,30,20271006,8,21,0
"dgp2",6,30,20271006,9,21,0
"dgp2",6,30,20271006,10,21,0
"dgp2",6,30,20271006,11,21,0
"dgp2",6,30,20271006,12,21,0
"dgp2",6,30,20271006,13,21,0
"dgp2",6,30,20271006,14,21,0
"dgp2",6,30,20271006,15,21,0
"dgp2",6,30,20271006,16,21,0
"dgp2",6,30,20271006,17,21,0
"dgp2",6,30,20271006,18,21,0
"dgp2",6,30,20271006,19,21,0
"dgp2",6,30,20271006,20,21,0.241706001923754
"dgp2",6,30,20271006,21,21,0.453672414315624
"dgp2",6,30,20271006,22,21,0.14400282681918
"dgp2",6,30,20271006,23,21,0
"dgp2",6,30,20271006,24,21,0
"dgp2",6,30,20271006,25,21,0
"dgp2",6,30,20271006,26,21,0
"dgp2",6,30,20271006,27,21,0
"dgp2",6,30,20271006,28,21,0
"dgp2",6,30,20271006,29,21,0
"dgp2",6,30,20271006,30,21,0
"dgp2",6,30,20271006,1,22,0
"dgp2",6,30,20271006,2,22,0
"dgp2",6,30,20271006,3,22,0
"dgp2",6,30,20271006,4,22,0
"dgp2",6,30,20271006,5,22,0
"dgp2",6,30,20271006,6,22,0
"dgp2",6,30,20271006,7,22,0
"dgp2",6,30,20271006,8,22,0
"dgp2",6,30,20271006,9,22,0
"dgp2",6,30,20271006,10,22,0
"dgp2",6,30,20271006,11,22,0
"dgp2",6,30,20271006,12,22,0
"dgp2",6,30,20271006,13,22,0
"dgp2",6,30,20271006,14,22,0
"dgp2",6,30,20271006,15,22,0
"dgp2",6,30,20271006,16,22,0
"dgp2",6,30,20271006,17,22,0
"dgp2",6,30,20271006,18,22,0
"dgp2",6,30,20271006,19,22,0
"dgp2",6,30,20271006,20,22,0
"dgp2",6,30,20271006,21,22,0.20445375929971
"dgp2",6,30,20271006,22,22,0.471130524301723
"dgp2",6,30,20271006,23,22,0.223471363056612
"dgp2",6,30,20271006,24,22,0
"dgp2",6,30,20271006,25,22,0
"dgp2",6,30,20271006,26,22,0
"dgp2",6,30,20271006,27,22,0
"dgp2",6,30,20271006,28,22,0
"dgp2",6,30,20271006,29,22,0
"dgp2",6,30,20271006,30,22,0
"dgp2",6,30,20271006,1,23,0
"dgp2",6,30,20271006,2,23,0
"dgp2",6,30,20271006,3,23,0
"dgp2",6,30,20271006,4,23,0
"dgp2",6,30,20271006,5,23,0
"dgp2",6,30,20271006,6,23,0
"dgp2",6,30,20271006,7,23,0
"dgp2",6,30,20271006,8,23,0
"dgp2",6,30,20271006,9,23,0
"dgp2",6,30,20271006,10,23,0
"dgp2",6,30,20271006,11,23,0
"dgp2",6,30,20271006,12,23,0
"dgp2",6,30,20271006,13,23,0
"dgp2",6,30,20271006,14,23,0
"dgp2",6,30,20271006,15,23,0
"dgp2",6,30,20271006,16,23,0
"dgp2",6,30,20271006,17,23,0
"dgp2",6,30,20271006,18,23,0
"dgp2",6,30,20271006,19,23,0
"dgp2",6,30,20271006,20,23,0
"dgp2",6,30,20271006,21,23,0
"dgp2",6,30,20271006,22,23,0.236146951507366
"dgp2",6,30,20271006,23,23,0.42617258696969
"dgp2",6,30,20271006,24,23,0.146523151206147
"dgp2",6,30,20271006,25,23,0
"dgp2",6,30,20271006,26,23,0
"dgp2",6,30,20271006,27,23,0
"dgp2",6,30,20271006,28,23,0
"dgp2",6,30,20271006,29,23,0
"dgp2",6,30,20271006,30,23,0
"dgp2",6,30,20271006,1,24,0
"dgp2",6,30,20271006,2,24,0
"dgp2",6,30,20271006,3,24,0
"dgp2",6,30,20271006,4,24,0
"dgp2",6,30,20271006,5,24,0
"dgp2",6,30,20271006,6,24,0
"dgp2",6,30,20271006,7,24,0
"dgp2",6,30,20271006,8,24,0
"dgp2",6,30,20271006,9,24,0
"dgp2",6,30,20271006,10,24,0
"dgp2",6,30,20271006,11,24,0
"dgp2",6,30,20271006,12,24,0
"dgp2",6,30,20271006,13,24,0
"dgp2",6,30,20271006,14,24,0
"dgp2",6,30,20271006,15,24,0
"dgp2",6,30,20271006,16,24,0
"dgp2",6,30,20271006,17,24,0
"dgp2",6,30,20271006,18,24,0
"dgp2",6,30,20271006,19,24,0
"dgp2",6,30,20271006,20,24,0
"dgp2",6,30,20271006,21,24,0
"dgp2",6,30,20271006,22,24,0
"dgp2",6,30,20271006,23,24,0.164564436725548
"dgp2",6,30,20271006,24,24,0.472491399148884
"dgp2",6,30,20271006,25,24,0.173585644434805
"dgp2",6,30,20271006,26,24,0
"dgp2",6,30,20271006,27,24,0
"dgp2",6,30,20271006,28,24,0
"dgp2",6,30,20271006,29,24,0
"dgp2",6,30,20271006,30,24,0
"dgp2",6,30,20271006,1,25,0
"dgp2",6,30,20271006,2,25,0
"dgp2",6,30,20271006,3,25,0
"dgp2",6,30,20271006,4,25,0
"dgp2",6,30,20271006,5,25,0
"dgp2",6,30,20271006,6,25,0
"dgp2",6,30,20271006,7,25,0
"dgp2",6,30,20271006,8,25,0
"dgp2",6,30,20271006,9,25,0
"dgp2",6,30,20271006,10,25,0
"dgp2",6,30,20271006,11,25,0
"dgp2",6,30,20271006,12,25,0
"dgp2",6,30,20271006,13,25,0
"dgp2",6,30,20271006,14,25,0
"dgp2",6,30,20271006,15,25,0
"dgp2",6,30,20271006,16,25,0
"dgp2",6,30,20271006,17,25,0
"dgp2",6,30,20271006,18,25,0
"dgp2",6,30,20271006,19,25,0
"dgp2",6,30,20271006,20,25,0
"dgp2",6,30,20271006,21,25,0
"dgp2",6,30,20271006,22,25,0
"dgp2",6,30,20271006,23,25,0
"dgp2",6,30,20271006,24,25,0.210750324464931
"dgp2",6,30,20271006,25,25,0.386324329078832
"dgp2",6,30,20271006,26,25,0.249546344579972
"dgp2",6,30,20271006,27,25,0
"dgp2",6,30,20271006,28,25,0
"dgp2",6,30,20271006,29,25,0
"dgp2",6,30,20271006,30,25,0
"dgp2",6,30,20271006,1,26,0
"dgp2",6,30,20271006,2,26,0
"dgp2",6,30,20271006,3,26,0
"dgp2",6,30,20271006,4,26,0
"dgp2",6,30,20271006,5,26,0
"dgp2",6,30,20271006,6,26,0
"dgp2",6,30,20271006,7,26,0
"dgp2",6,30,20271006,8,26,0
"dgp2",6,30,20271006,9,26,0
"dgp2",6,30,20271006,10,26,0
"dgp2",6,30,20271006,11,26,0
"dgp2",6,30,20271006,12,26,0
"dgp2",6,30,20271006,13,26,0
"dgp2",6,30,20271006,14,26,0
"dgp2",6,30,20271006,15,26,0
"dgp2",6,30,20271006,16,26,0
"dgp2",6,30,20271006,17,26,0
"dgp2",6,30,20271006,18,26,0
"dgp2",6,30,20271006,19,26,0
"dgp2",6,30,20271006,20,26,0
"dgp2",6,30,20271006,21,26,0
"dgp2",6,30,20271006,22,26,0
"dgp2",6,30,20271006,23,26,0
"dgp2",6,30,20271006,24,26,0
"dgp2",6,30,20271006,25,26,0.130054670531103
"dgp2",6,30,20271006,26,26,0.541577456372517
"dgp2",6,30,20271006,27,26,0.215479727112734
"dgp2",6,30,20271006,28,26,0
"dgp2",6,30,20271006,29,26,0
"dgp2",6,30,20271006,30,26,0
"dgp2",6,30,20271006,1,27,0
"dgp2",6,30,20271006,2,27,0
"dgp2",6,30,20271006,3,27,0
"dgp2",6,30,20271006,4,27,0
"dgp2",6,30,20271006,5,27,0
"dgp2",6,30,20271006,6,27,0
"dgp2",6,30,20271006,7,27,0
"dgp2",6,30,20271006,8,27,0
"dgp2",6,30,20271006,9,27,0
"dgp2",6,30,20271006,10,27,0
"dgp2",6,30,20271006,11,27,0
"dgp2",6,30,20271006,12,27,0
"dgp2",6,30,20271006,13,27,0
"dgp2",6,30,20271006,14,27,0
"dgp2",6,30,20271006,15,27,0
"dgp2",6,30,20271006,16,27,0
"dgp2",6,30,20271006,17,27,0
"dgp2",6,30,20271006,18,27,0
"dgp2",6,30,20271006,19,27,0
"dgp2",6,30,20271006,20,27,0
"dgp2",6,30,20271006,21,27,0
"dgp2",6,30,20271006,22,27,0
"dgp2",6,30,20271006,23,27,0
"dgp2",6,30,20271006,24,27,0
"dgp2",6,30,20271006,25,27,0
"dgp2",6,30,20271006,26,27,0.127991451121096
"dgp2",6,30,20271006,27,27,0.462765297914536
"dgp2",6,30,20271006,28,27,0.2520820255175
"dgp2",6,30,20271006,29,27,0
"dgp2",6,30,20271006,30,27,0
"dgp2",6,30,20271006,1,28,0
"dgp2",6,30,20271006,2,28,0
"dgp2",6,30,20271006,3,28,0
"dgp2",6,30,20271006,4,28,0
"dgp2",6,30,20271006,5,28,0
"dgp2",6,30,20271006,6,28,0
"dgp2",6,30,20271006,7,28,0
"dgp2",6,30,20271006,8,28,0
"dgp2",6,30,20271006,9,28,0
"dgp2",6,30,20271006,10,28,0
"dgp2",6,30,20271006,11,28,0
"dgp2",6,30,20271006,12,28,0
"dgp2",6,30,20271006,13,28,0
"dgp2",6,30,20271006,14,28,0
"dgp2",6,30,20271006,15,28,0
"dgp2",6,30,20271006,16,28,0
"dgp2",6,30,20271006,17,28,0
"dgp2",6,30,20271006,18,28,0
"dgp2",6,30,20271006,19,28,0
"dgp2",6,30,20271006,20,28,0
"dgp2",6,30,20271006,21,28,0
"dgp2",6,30,20271006,22,28,0
"dgp2",6,30,20271006,23,28,0
"dgp2",6,30,20271006,24,28,0
"dgp2",6,30,20271006,25,28,0
"dgp2",6,30,20271006,26,28,0
"dgp2",6,30,20271006,27,28,0.13187464571086
"dgp2",6,30,20271006,28,28,0.435927812171574
"dgp2",6,30,20271006,29,28,0.223808728316622
"dgp2",6,30,20271006,30,28,0
"dgp2",6,30,20271006,1,29,0
"dgp2",6,30,20271006,2,29,0
"dgp2",6,30,20271006,3,29,0
"dgp2",6,30,20271006,4,29,0
"dgp2",6,30,20271006,5,29,0
"dgp2",6,30,20271006,6,29,0
"dgp2",6,30,20271006,7,29,0
"dgp2",6,30,20271006,8,29,0
"dgp2",6,30,20271006,9,29,0
"dgp2",6,30,20271006,10,29,0
"dgp2",6,30,20271006,11,29,0
"dgp2",6,30,20271006,12,29,0
"dgp2",6,30,20271006,13,29,0
"dgp2",6,30,20271006,14,29,0
"dgp2",6,30,20271006,15,29,0
"dgp2",6,30,20271006,16,29,0
"dgp2",6,30,20271006,17,29,0
"dgp2",6,30,20271006,18,29,0
"dgp2",6,30,20271006,19,29,0
"dgp2",6,30,20271006,20,29,0
"dgp2",6,30,20271006,21,29,0
"dgp2",6,30,20271006,22,29,0
"dgp2",6,30,20271006,23,29,0
"dgp2",6,30,20271006,24,29,0
"dgp2",6,30,20271006,25,29,0
"dgp2",6,30,20271006,26,29,0
"dgp2",6,30,20271006,27,29,0
"dgp2",6,30,20271006,28,29,0.166577343100718
"dgp2",6,30,20271006,29,29,0.493482671652867
"dgp2",6,30,20271006,30,29,0.180667297199131
"dgp2",6,30,20271006,1,30,0
"dgp2",6,30,20271006,2,30,0
"dgp2",6,30,20271006,3,30,0
"dgp2",6,30,20271006,4,30,0
"dgp2",6,30,20271006,5,30,0
"dgp2",6,30,20271006,6,30,0
"dgp2",6,30,20271006,7,30,0
"dgp2",6,30,20271006,8,30,0
"dgp2",6,30,20271006,9,30,0
"dgp2",6,30,20271006,10,30,0
"dgp2",6,30,20271006,11,30,0
"dgp2",6,30,20271006,12,30,0
"dgp2",6,30,20271006,13,30,0
"dgp2",6,30,20271006,14,30,0
"dgp2",6,30,20271006,15,30,0
"dgp2",6,30,20271006,16,30,0
"dgp2",6,30,20271006,17,30,0
"dgp2",6,30,20271006,18,30,0
"dgp2",6,30,20271006,19,30,0
"dgp2",6,30,20271006,20,30,0
"dgp2",6,30,20271006,21,30,0
"dgp2",6,30,20271006,22,30,0
"dgp2",6,30,20271006,23,30,0
"dgp2",6,30,20271006,24,30,0
"dgp2",6,30,20271006,25,30,0
"dgp2",6,30,20271006,26,30,0
"dgp2",6,30,20271006,27,30,0
"dgp2",6,30,20271006,28,30,0
"dgp2",6,30,20271006,29,30,0.219979066772088
"dgp2",6,30,20271006,30,30,0.332901797604779
"dgp3",1,5,20272001,1,1,0.329422863405995
"dgp3",1,5,20272001,2,1,0
"dgp3",1,5,20272001,3,1,0
"dgp3",1,5,20272001,4,1,0
"dgp3",1,5,20272001,5,1,0
"dgp3",1,5,20272001,1,2,0.329422863405995
"dgp3",1,5,20272001,2,2,0.329422863405995
"dgp3",1,5,20272001,3,2,0
"dgp3",1,5,20272001,4,2,0
"dgp3",1,5,20272001,5,2,0
"dgp3",1,5,20272001,1,3,0
"dgp3",1,5,20272001,2,3,0
"dgp3",1,5,20272001,3,3,0.329422863405995
"dgp3",1,5,20272001,4,3,0.329422863405995
"dgp3",1,5,20272001,5,3,0.329422863405995
"dgp3",1,5,20272001,1,4,0
"dgp3",1,5,20272001,2,4,0
"dgp3",1,5,20272001,3,4,0.329422863405995
"dgp3",1,5,20272001,4,4,0.329422863405995
"dgp3",1,5,20272001,5,4,0.329422863405995
"dgp3",1,5,20272001,1,5,0
"dgp3",1,5,20272001,2,5,0
"dgp3",1,5,20272001,3,5,0.329422863405995
"dgp3",1,5,20272001,4,5,0
"dgp3",1,5,20272001,5,5,0.329422863405995
"dgp3",2,10,20272002,1,1,0.191413086585713
"dgp3",2,10,20272002,2,1,0
"dgp3",2,10,20272002,3,1,0.191413086585713
"dgp3",2,10,20272002,4,1,0.191413086585713
"dgp3",2,10,20272002,5,1,0.191413086585713
"dgp3",2,10,20272002,6,1,0
"dgp3",2,10,20272002,7,1,0
"dgp3",2,10,20272002,8,1,0.191413086585713
"dgp3",2,10,20272002,9,1,0
"dgp3",2,10,20272002,10,1,0
"dgp3",2,10,20272002,1,2,0
"dgp3",2,10,20272002,2,2,0.191413086585713
"dgp3",2,10,20272002,3,2,0.191413086585713
"dgp3",2,10,20272002,4,2,0.191413086585713
"dgp3",2,10,20272002,5,2,0.191413086585713
"dgp3",2,10,20272002,6,2,0
"dgp3",2,10,20272002,7,2,0
"dgp3",2,10,20272002,8,2,0
"dgp3",2,10,20272002,9,2,0
"dgp3",2,10,20272002,10,2,0
"dgp3",2,10,20272002,1,3,0.191413086585713
"dgp3",2,10,20272002,2,3,0.191413086585713
"dgp3",2,10,20272002,3,3,0.191413086585713
"dgp3",2,10,20272002,4,3,0
"dgp3",2,10,20272002,5,3,0
"dgp3",2,10,20272002,6,3,0
"dgp3",2,10,20272002,7,3,0
"dgp3",2,10,20272002,8,3,0.191413086585713
"dgp3",2,10,20272002,9,3,0
"dgp3",2,10,20272002,10,3,0
"dgp3",2,10,20272002,1,4,0.191413086585713
"dgp3",2,10,20272002,2,4,0
"dgp3",2,10,20272002,3,4,0
"dgp3",2,10,20272002,4,4,0.191413086585713
"dgp3",2,10,20272002,5,4,0.191413086585713
"dgp3",2,10,20272002,6,4,0
"dgp3",2,10,20272002,7,4,0
"dgp3",2,10,20272002,8,4,0
"dgp3",2,10,20272002,9,4,0
"dgp3",2,10,20272002,10,4,0.191413086585713
"dgp3",2,10,20272002,1,5,0.191413086585713
"dgp3",2,10,20272002,2,5,0.191413086585713
"dgp3",2,10,20272002,3,5,0.191413086585713
"dgp3",2,10,20272002,4,5,0.191413086585713
"dgp3",2,10,20272002,5,5,0.191413086585713
"dgp3",2,10,20272002,6,5,0
"dgp3",2,10,20272002,7,5,0
"dgp3",2,10,20272002,8,5,0
"dgp3",2,10,20272002,9,5,0
"dgp3",2,10,20272002,10,5,0
"dgp3",2,10,20272002,1,6,0
"dgp3",2,10,20272002,2,6,0
"dgp3",2,10,20272002,3,6,0
"dgp3",2,10,20272002,4,6,0
"dgp3",2,10,20272002,5,6,0
"dgp3",2,10,20272002,6,6,0.191413086585713
"dgp3",2,10,20272002,7,6,0.191413086585713
"dgp3",2,10,20272002,8,6,0.191413086585713
"dgp3",2,10,20272002,9,6,0.191413086585713
"dgp3",2,10,20272002,10,6,0.191413086585713
"dgp3",2,10,20272002,1,7,0
"dgp3",2,10,20272002,2,7,0.191413086585713
"dgp3",2,10,20272002,3,7,0
"dgp3",2,10,20272002,4,7,0
"dgp3",2,10,20272002,5,7,0
"dgp3",2,10,20272002,6,7,0.191413086585713
"dgp3",2,10,20272002,7,7,0.191413086585713
"dgp3",2,10,20272002,8,7,0.191413086585713
"dgp3",2,10,20272002,9,7,0
"dgp3",2,10,20272002,10,7,0.191413086585713
"dgp3",2,10,20272002,1,8,0
"dgp3",2,10,20272002,2,8,0
"dgp3",2,10,20272002,3,8,0
"dgp3",2,10,20272002,4,8,0
"dgp3",2,10,20272002,5,8,0
"dgp3",2,10,20272002,6,8,0.191413086585713
"dgp3",2,10,20272002,7,8,0.191413086585713
"dgp3",2,10,20272002,8,8,0.191413086585713
"dgp3",2,10,20272002,9,8,0
"dgp3",2,10,20272002,10,8,0.191413086585713
"dgp3",2,10,20272002,1,9,0
"dgp3",2,10,20272002,2,9,0
"dgp3",2,10,20272002,3,9,0
"dgp3",2,10,20272002,4,9,0.191413086585713
"dgp3",2,10,20272002,5,9,0
"dgp3",2,10,20272002,6,9,0.191413086585713
"dgp3",2,10,20272002,7,9,0.191413086585713
"dgp3",2,10,20272002,8,9,0.191413086585713
"dgp3",2,10,20272002,9,9,0.191413086585713
"dgp3",2,10,20272002,10,9,0.191413086585713
"dgp3",2,10,20272002,1,10,0
"dgp3",2,10,20272002,2,10,0
"dgp3",2,10,20272002,3,10,0
"dgp3",2,10,20272002,4,10,0
"dgp3",2,10,20272002,5,10,0
"dgp3",2,10,20272002,6,10,0.191413086585713
"dgp3",2,10,20272002,7,10,0
"dgp3",2,10,20272002,8,10,0
"dgp3",2,10,20272002,9,10,0.191413086585713
"dgp3",2,10,20272002,10,10,0.191413086585713
"dgp3",3,15,20272003,1,1,0.150719812205509
"dgp3",3,15,20272003,2,1,0.150719812205509
"dgp3",3,15,20272003,3,1,0.150719812205509
"dgp3",3,15,20272003,4,1,0.150719812205509
"dgp3",3,15,20272003,5,1,0.150719812205509
"dgp3",3,15,20272003,6,1,0.150719812205509
"dgp3",3,15,20272003,7,1,0
"dgp3",3,15,20272003,8,1,0
"dgp3",3,15,20272003,9,1,0
"dgp3",3,15,20272003,10,1,0
"dgp3",3,15,20272003,11,1,0
"dgp3",3,15,20272003,12,1,0
"dgp3",3,15,20272003,13,1,0.150719812205509
"dgp3",3,15,20272003,14,1,0
"dgp3",3,15,20272003,15,1,0
"dgp3",3,15,20272003,1,2,0.150719812205509
"dgp3",3,15,20272003,2,2,0.150719812205509
"dgp3",3,15,20272003,3,2,0
"dgp3",3,15,20272003,4,2,0
"dgp3",3,15,20272003,5,2,0
"dgp3",3,15,20272003,6,2,0
"dgp3",3,15,20272003,7,2,0.150719812205509
"dgp3",3,15,20272003,8,2,0
"dgp3",3,15,20272003,9,2,0
"dgp3",3,15,20272003,10,2,0
"dgp3",3,15,20272003,11,2,0
"dgp3",3,15,20272003,12,2,0
"dgp3",3,15,20272003,13,2,0
"dgp3",3,15,20272003,14,2,0
"dgp3",3,15,20272003,15,2,0
"dgp3",3,15,20272003,1,3,0.150719812205509
"dgp3",3,15,20272003,2,3,0.150719812205509
"dgp3",3,15,20272003,3,3,0.150719812205509
"dgp3",3,15,20272003,4,3,0.150719812205509
"dgp3",3,15,20272003,5,3,0
"dgp3",3,15,20272003,6,3,0
"dgp3",3,15,20272003,7,3,0.150719812205509
"dgp3",3,15,20272003,8,3,0
"dgp3",3,15,20272003,9,3,0
"dgp3",3,15,20272003,10,3,0
"dgp3",3,15,20272003,11,3,0
"dgp3",3,15,20272003,12,3,0
"dgp3",3,15,20272003,13,3,0.150719812205509
"dgp3",3,15,20272003,14,3,0
"dgp3",3,15,20272003,15,3,0
"dgp3",3,15,20272003,1,4,0.150719812205509
"dgp3",3,15,20272003,2,4,0.150719812205509
"dgp3",3,15,20272003,3,4,0
"dgp3",3,15,20272003,4,4,0.150719812205509
"dgp3",3,15,20272003,5,4,0.150719812205509
"dgp3",3,15,20272003,6,4,0
"dgp3",3,15,20272003,7,4,0.150719812205509
"dgp3",3,15,20272003,8,4,0
"dgp3",3,15,20272003,9,4,0
"dgp3",3,15,20272003,10,4,0
"dgp3",3,15,20272003,11,4,0.150719812205509
"dgp3",3,15,20272003,12,4,0
"dgp3",3,15,20272003,13,4,0
"dgp3",3,15,20272003,14,4,0
"dgp3",3,15,20272003,15,4,0
"dgp3",3,15,20272003,1,5,0
"dgp3",3,15,20272003,2,5,0
"dgp3",3,15,20272003,3,5,0.150719812205509
"dgp3",3,15,20272003,4,5,0.150719812205509
"dgp3",3,15,20272003,5,5,0.150719812205509
"dgp3",3,15,20272003,6,5,0.150719812205509
"dgp3",3,15,20272003,7,5,0.150719812205509
"dgp3",3,15,20272003,8,5,0
"dgp3",3,15,20272003,9,5,0.150719812205509
"dgp3",3,15,20272003,10,5,0
"dgp3",3,15,20272003,11,5,0
"dgp3",3,15,20272003,12,5,0
"dgp3",3,15,20272003,13,5,0
"dgp3",3,15,20272003,14,5,0
"dgp3",3,15,20272003,15,5,0.150719812205509
"dgp3",3,15,20272003,1,6,0
"dgp3",3,15,20272003,2,6,0.150719812205509
"dgp3",3,15,20272003,3,6,0.150719812205509
"dgp3",3,15,20272003,4,6,0
"dgp3",3,15,20272003,5,6,0.150719812205509
"dgp3",3,15,20272003,6,6,0.150719812205509
"dgp3",3,15,20272003,7,6,0.150719812205509
"dgp3",3,15,20272003,8,6,0
"dgp3",3,15,20272003,9,6,0
"dgp3",3,15,20272003,10,6,0
"dgp3",3,15,20272003,11,6,0
"dgp3",3,15,20272003,12,6,0.150719812205509
"dgp3",3,15,20272003,13,6,0
"dgp3",3,15,20272003,14,6,0.150719812205509
"dgp3",3,15,20272003,15,6,0
"dgp3",3,15,20272003,1,7,0.150719812205509
"dgp3",3,15,20272003,2,7,0
"dgp3",3,15,20272003,3,7,0
"dgp3",3,15,20272003,4,7,0.150719812205509
"dgp3",3,15,20272003,5,7,0.150719812205509
"dgp3",3,15,20272003,6,7,0.150719812205509
"dgp3",3,15,20272003,7,7,0.150719812205509
"dgp3",3,15,20272003,8,7,0
"dgp3",3,15,20272003,9,7,0
"dgp3",3,15,20272003,10,7,0
"dgp3",3,15,20272003,11,7,0.150719812205509
"dgp3",3,15,20272003,12,7,0
"dgp3",3,15,20272003,13,7,0.150719812205509
"dgp3",3,15,20272003,14,7,0
"dgp3",3,15,20272003,15,7,0
"dgp3",3,15,20272003,1,8,0
"dgp3",3,15,20272003,2,8,0
"dgp3",3,15,20272003,3,8,0
"dgp3",3,15,20272003,4,8,0
"dgp3",3,15,20272003,5,8,0
"dgp3",3,15,20272003,6,8,0
"dgp3",3,15,20272003,7,8,0
"dgp3",3,15,20272003,8,8,0.150719812205509
"dgp3",3,15,20272003,9,8,0.150719812205509
"dgp3",3,15,20272003,10,8,0
"dgp3",3,15,20272003,11,8,0
"dgp3",3,15,20272003,12,8,0
"dgp3",3,15,20272003,13,8,0.150719812205509
"dgp3",3,15,20272003,14,8,0
"dgp3",3,15,20272003,15,8,0.150719812205509
"dgp3",3,15,20272003,1,9,0
"dgp3",3,15,20272003,2,9,0
"dgp3",3,15,20272003,3,9,0
"dgp3",3,15,20272003,4,9,0
"dgp3",3,15,20272003,5,9,0
"dgp3",3,15,20272003,6,9,0
"dgp3",3,15,20272003,7,9,0
"dgp3",3,15,20272003,8,9,0
"dgp3",3,15,20272003,9,9,0.150719812205509
"dgp3",3,15,20272003,10,9,0.150719812205509
"dgp3",3,15,20272003,11,9,0
"dgp3",3,15,20272003,12,9,0.150719812205509
"dgp3",3,15,20272003,13,9,0.150719812205509
"dgp3",3,15,20272003,14,9,0.150719812205509
"dgp3",3,15,20272003,15,9,0
"dgp3",3,15,20272003,1,10,0
"dgp3",3,15,20272003,2,10,0
"dgp3",3,15,20272003,3,10,0
"dgp3",3,15,20272003,4,10,0
"dgp3",3,15,20272003,5,10,0
"dgp3",3,15,20272003,6,10,0
"dgp3",3,15,20272003,7,10,0
"dgp3",3,15,20272003,8,10,0.150719812205509
"dgp3",3,15,20272003,9,10,0.150719812205509
"dgp3",3,15,20272003,10,10,0.150719812205509
"dgp3",3,15,20272003,11,10,0.150719812205509
"dgp3",3,15,20272003,12,10,0.150719812205509
"dgp3",3,15,20272003,13,10,0
"dgp3",3,15,20272003,14,10,0
"dgp3",3,15,20272003,15,10,0.150719812205509
"dgp3",3,15,20272003,1,11,0
"dgp3",3,15,20272003,2,11,0.150719812205509
"dgp3",3,15,20272003,3,11,0
"dgp3",3,15,20272003,4,11,0
"dgp3",3,15,20272003,5,11,0
"dgp3",3,15,20272003,6,11,0
"dgp3",3,15,20272003,7,11,0.150719812205509
"dgp3",3,15,20272003,8,11,0.150719812205509
"dgp3",3,15,20272003,9,11,0
"dgp3",3,15,20272003,10,11,0.150719812205509
"dgp3",3,15,20272003,11,11,0.150719812205509
"dgp3",3,15,20272003,12,11,0.150719812205509
"dgp3",3,15,20272003,13,11,0.150719812205509
"dgp3",3,15,20272003,14,11,0.150719812205509
"dgp3",3,15,20272003,15,11,0.150719812205509
"dgp3",3,15,20272003,1,12,0
"dgp3",3,15,20272003,2,12,0
"dgp3",3,15,20272003,3,12,0
"dgp3",3,15,20272003,4,12,0
"dgp3",3,15,20272003,5,12,0
"dgp3",3,15,20272003,6,12,0
"dgp3",3,15,20272003,7,12,0
"dgp3",3,15,20272003,8,12,0.150719812205509
"dgp3",3,15,20272003,9,12,0.150719812205509
"dgp3",3,15,20272003,10,12,0.150719812205509
"dgp3",3,15,20272003,11,12,0.150719812205509
"dgp3",3,15,20272003,12,12,0.150719812205509
"dgp3",3,15,20272003,13,12,0
"dgp3",3,15,20272003,14,12,0.150719812205509
"dgp3",3,15,20272003,15,12,0.150719812205509
"dgp3",3,15,20272003,1,13,0
"dgp3",3,15,20272003,2,13,0
"dgp3",3,15,20272003,3,13,0
"dgp3",3,15,20272003,4,13,0
"dgp3",3,15,20272003,5,13,0
"dgp3",3,15,20272003,6,13,0
"dgp3",3,15,20272003,7,13,0
"dgp3",3,15,20272003,8,13,0.150719812205509
"dgp3",3,15,20272003,9,13,0.150719812205509
"dgp3",3,15,20272003,10,13,0
"dgp3",3,15,20272003,11,13,0
"dgp3",3,15,20272003,12,13,0
"dgp3",3,15,20272003,13,13,0.150719812205509
"dgp3",3,15,20272003,14,13,0
"dgp3",3,15,20272003,15,13,0
"dgp3",3,15,20272003,1,14,0
"dgp3",3,15,20272003,2,14,0
"dgp3",3,15,20272003,3,14,0
"dgp3",3,15,20272003,4,14,0
"dgp3",3,15,20272003,5,14,0
"dgp3",3,15,20272003,6,14,0
"dgp3",3,15,20272003,7,14,0.150719812205509
"dgp3",3,15,20272003,8,14,0
"dgp3",3,15,20272003,9,14,0.150719812205509
"dgp3",3,15,20272003,10,14,0
"dgp3",3,15,20272003,11,14,0
"dgp3",3,15,20272003,12,14,0
"dgp3",3,15,20272003,13,14,0
"dgp3",3,15,20272003,14,14,0.150719812205509
"dgp3",3,15,20272003,15,14,0.150719812205509
"dgp3",3,15,20272003,1,15,0
"dgp3",3,15,20272003,2,15,0
"dgp3",3,15,20272003,3,15,0
"dgp3",3,15,20272003,4,15,0
"dgp3",3,15,20272003,5,15,0
"dgp3",3,15,20272003,6,15,0
"dgp3",3,15,20272003,7,15,0
"dgp3",3,15,20272003,8,15,0
"dgp3",3,15,20272003,9,15,0.150719812205509
"dgp3",3,15,20272003,10,15,0
"dgp3",3,15,20272003,11,15,0
"dgp3",3,15,20272003,12,15,0.150719812205509
"dgp3",3,15,20272003,13,15,0
"dgp3",3,15,20272003,14,15,0
"dgp3",3,15,20272003,15,15,0.150719812205509
"dgp3",4,20,20272004,1,1,0.102198553487448
"dgp3",4,20,20272004,2,1,0.102198553487448
"dgp3",4,20,20272004,3,1,0
"dgp3",4,20,20272004,4,1,0.102198553487448
"dgp3",4,20,20272004,5,1,0
"dgp3",4,20,20272004,6,1,0.102198553487448
"dgp3",4,20,20272004,7,1,0
"dgp3",4,20,20272004,8,1,0.102198553487448
"dgp3",4,20,20272004,9,1,0
"dgp3",4,20,20272004,10,1,0.102198553487448
"dgp3",4,20,20272004,11,1,0
"dgp3",4,20,20272004,12,1,0
"dgp3",4,20,20272004,13,1,0
"dgp3",4,20,20272004,14,1,0
"dgp3",4,20,20272004,15,1,0.102198553487448
"dgp3",4,20,20272004,16,1,0.102198553487448
"dgp3",4,20,20272004,17,1,0
"dgp3",4,20,20272004,18,1,0
"dgp3",4,20,20272004,19,1,0
"dgp3",4,20,20272004,20,1,0
"dgp3",4,20,20272004,1,2,0
"dgp3",4,20,20272004,2,2,0.102198553487448
"dgp3",4,20,20272004,3,2,0
"dgp3",4,20,20272004,4,2,0.102198553487448
"dgp3",4,20,20272004,5,2,0
"dgp3",4,20,20272004,6,2,0.102198553487448
"dgp3",4,20,20272004,7,2,0.102198553487448
"dgp3",4,20,20272004,8,2,0.102198553487448
"dgp3",4,20,20272004,9,2,0.102198553487448
"dgp3",4,20,20272004,10,2,0.102198553487448
"dgp3",4,20,20272004,11,2,0
"dgp3",4,20,20272004,12,2,0
"dgp3",4,20,20272004,13,2,0
"dgp3",4,20,20272004,14,2,0
"dgp3",4,20,20272004,15,2,0
"dgp3",4,20,20272004,16,2,0
"dgp3",4,20,20272004,17,2,0.102198553487448
"dgp3",4,20,20272004,18,2,0
"dgp3",4,20,20272004,19,2,0
"dgp3",4,20,20272004,20,2,0
"dgp3",4,20,20272004,1,3,0
"dgp3",4,20,20272004,2,3,0.102198553487448
"dgp3",4,20,20272004,3,3,0.102198553487448
"dgp3",4,20,20272004,4,3,0.102198553487448
"dgp3",4,20,20272004,5,3,0.102198553487448
"dgp3",4,20,20272004,6,3,0.102198553487448
"dgp3",4,20,20272004,7,3,0.102198553487448
"dgp3",4,20,20272004,8,3,0
"dgp3",4,20,20272004,9,3,0.102198553487448
"dgp3",4,20,20272004,10,3,0.102198553487448
"dgp3",4,20,20272004,11,3,0
"dgp3",4,20,20272004,12,3,0
"dgp3",4,20,20272004,13,3,0
"dgp3",4,20,20272004,14,3,0
"dgp3",4,20,20272004,15,3,0.102198553487448
"dgp3",4,20,20272004,16,3,0
"dgp3",4,20,20272004,17,3,0
"dgp3",4,20,20272004,18,3,0
"dgp3",4,20,20272004,19,3,0
"dgp3",4,20,20272004,20,3,0
"dgp3",4,20,20272004,1,4,0.102198553487448
"dgp3",4,20,20272004,2,4,0
"dgp3",4,20,20272004,3,4,0.102198553487448
"dgp3",4,20,20272004,4,4,0.102198553487448
"dgp3",4,20,20272004,5,4,0
"dgp3",4,20,20272004,6,4,0
"dgp3",4,20,20272004,7,4,0.102198553487448
"dgp3",4,20,20272004,8,4,0
"dgp3",4,20,20272004,9,4,0.102198553487448
"dgp3",4,20,20272004,10,4,0.102198553487448
"dgp3",4,20,20272004,11,4,0
"dgp3",4,20,20272004,12,4,0
"dgp3",4,20,20272004,13,4,0
"dgp3",4,20,20272004,14,4,0
"dgp3",4,20,20272004,15,4,0
"dgp3",4,20,20272004,16,4,0
"dgp3",4,20,20272004,17,4,0
"dgp3",4,20,20272004,18,4,0
"dgp3",4,20,20272004,19,4,0
"dgp3",4,20,20272004,20,4,0
"dgp3",4,20,20272004,1,5,0.102198553487448
"dgp3",4,20,20272004,2,5,0
"dgp3",4,20,20272004,3,5,0.102198553487448
"dgp3",4,20,20272004,4,5,0.102198553487448
"dgp3",4,20,20272004,5,5,0.102198553487448
"dgp3",4,20,20272004,6,5,0.102198553487448
"dgp3",4,20,20272004,7,5,0.102198553487448
"dgp3",4,20,20272004,8,5,0
"dgp3",4,20,20272004,9,5,0
"dgp3",4,20,20272004,10,5,0.102198553487448
"dgp3",4,20,20272004,11,5,0
"dgp3",4,20,20272004,12,5,0
"dgp3",4,20,20272004,13,5,0
"dgp3",4,20,20272004,14,5,0
"dgp3",4,20,20272004,15,5,0.102198553487448
"dgp3",4,20,20272004,16,5,0
"dgp3",4,20,20272004,17,5,0.102198553487448
"dgp3",4,20,20272004,18,5,0
"dgp3",4,20,20272004,19,5,0
"dgp3",4,20,20272004,20,5,0
"dgp3",4,20,20272004,1,6,0.102198553487448
"dgp3",4,20,20272004,2,6,0.102198553487448
"dgp3",4,20,20272004,3,6,0.102198553487448
"dgp3",4,20,20272004,4,6,0
"dgp3",4,20,20272004,5,6,0.102198553487448
"dgp3",4,20,20272004,6,6,0.102198553487448
"dgp3",4,20,20272004,7,6,0.102198553487448
"dgp3",4,20,20272004,8,6,0
"dgp3",4,20,20272004,9,6,0
"dgp3",4,20,20272004,10,6,0.102198553487448
"dgp3",4,20,20272004,11,6,0
"dgp3",4,20,20272004,12,6,0
"dgp3",4,20,20272004,13,6,0
"dgp3",4,20,20272004,14,6,0.102198553487448
"dgp3",4,20,20272004,15,6,0
"dgp3",4,20,20272004,16,6,0
"dgp3",4,20,20272004,17,6,0
"dgp3",4,20,20272004,18,6,0
"dgp3",4,20,20272004,19,6,0.102198553487448
"dgp3",4,20,20272004,20,6,0
"dgp3",4,20,20272004,1,7,0
"dgp3",4,20,20272004,2,7,0.102198553487448
"dgp3",4,20,20272004,3,7,0.102198553487448
"dgp3",4,20,20272004,4,7,0.102198553487448
"dgp3",4,20,20272004,5,7,0
"dgp3",4,20,20272004,6,7,0.102198553487448
"dgp3",4,20,20272004,7,7,0.102198553487448
"dgp3",4,20,20272004,8,7,0
"dgp3",4,20,20272004,9,7,0
"dgp3",4,20,20272004,10,7,0.102198553487448
"dgp3",4,20,20272004,11,7,0.102198553487448
"dgp3",4,20,20272004,12,7,0
"dgp3",4,20,20272004,13,7,0
"dgp3",4,20,20272004,14,7,0
"dgp3",4,20,20272004,15,7,0.102198553487448
"dgp3",4,20,20272004,16,7,0
"dgp3",4,20,20272004,17,7,0
"dgp3",4,20,20272004,18,7,0
"dgp3",4,20,20272004,19,7,0
"dgp3",4,20,20272004,20,7,0
"dgp3",4,20,20272004,1,8,0.102198553487448
"dgp3",4,20,20272004,2,8,0
"dgp3",4,20,20272004,3,8,0.102198553487448
"dgp3",4,20,20272004,4,8,0.102198553487448
"dgp3",4,20,20272004,5,8,0.102198553487448
"dgp3",4,20,20272004,6,8,0.102198553487448
"dgp3",4,20,20272004,7,8,0
"dgp3",4,20,20272004,8,8,0.102198553487448
"dgp3",4,20,20272004,9,8,0.102198553487448
"dgp3",4,20,20272004,10,8,0.102198553487448
"dgp3",4,20,20272004,11,8,0
"dgp3",4,20,20272004,12,8,0
"dgp3",4,20,20272004,13,8,0
"dgp3",4,20,20272004,14,8,0
"dgp3",4,20,20272004,15,8,0
"dgp3",4,20,20272004,16,8,0
"dgp3",4,20,20272004,17,8,0
"dgp3",4,20,20272004,18,8,0
"dgp3",4,20,20272004,19,8,0
"dgp3",4,20,20272004,20,8,0
"dgp3",4,20,20272004,1,9,0.102198553487448
"dgp3",4,20,20272004,2,9,0.102198553487448
"dgp3",4,20,20272004,3,9,0.102198553487448
"dgp3",4,20,20272004,4,9,0.102198553487448
"dgp3",4,20,20272004,5,9,0.102198553487448
"dgp3",4,20,20272004,6,9,0.102198553487448
"dgp3",4,20,20272004,7,9,0
"dgp3",4,20,20272004,8,9,0.102198553487448
"dgp3",4,20,20272004,9,9,0.102198553487448
"dgp3",4,20,20272004,10,9,0
"dgp3",4,20,20272004,11,9,0
"dgp3",4,20,20272004,12,9,0
"dgp3",4,20,20272004,13,9,0
"dgp3",4,20,20272004,14,9,0
"dgp3",4,20,20272004,15,9,0
"dgp3",4,20,20272004,16,9,0.102198553487448
"dgp3",4,20,20272004,17,9,0
"dgp3",4,20,20272004,18,9,0
"dgp3",4,20,20272004,19,9,0.102198553487448
"dgp3",4,20,20272004,20,9,0
"dgp3",4,20,20272004,1,10,0.102198553487448
"dgp3",4,20,20272004,2,10,0.102198553487448
"dgp3",4,20,20272004,3,10,0.102198553487448
"dgp3",4,20,20272004,4,10,0.102198553487448
"dgp3",4,20,20272004,5,10,0.102198553487448
"dgp3",4,20,20272004,6,10,0.102198553487448
"dgp3",4,20,20272004,7,10,0.102198553487448
"dgp3",4,20,20272004,8,10,0.102198553487448
"dgp3",4,20,20272004,9,10,0.102198553487448
"dgp3",4,20,20272004,10,10,0.102198553487448
"dgp3",4,20,20272004,11,10,0
"dgp3",4,20,20272004,12,10,0
"dgp3",4,20,20272004,13,10,0
"dgp3",4,20,20272004,14,10,0
"dgp3",4,20,20272004,15,10,0
"dgp3",4,20,20272004,16,10,0
"dgp3",4,20,20272004,17,10,0
"dgp3",4,20,20272004,18,10,0
"dgp3",4,20,20272004,19,10,0
"dgp3",4,20,20272004,20,10,0
"dgp3",4,20,20272004,1,11,0
"dgp3",4,20,20272004,2,11,0
"dgp3",4,20,20272004,3,11,0
"dgp3",4,20,20272004,4,11,0
"dgp3",4,20,20272004,5,11,0
"dgp3",4,20,20272004,6,11,0
"dgp3",4,20,20272004,7,11,0
"dgp3",4,20,20272004,8,11,0
"dgp3",4,20,20272004,9,11,0.102198553487448
"dgp3",4,20,20272004,10,11,0
"dgp3",4,20,20272004,11,11,0.102198553487448
"dgp3",4,20,20272004,12,11,0
"dgp3",4,20,20272004,13,11,0.102198553487448
"dgp3",4,20,20272004,14,11,0
"dgp3",4,20,20272004,15,11,0
"dgp3",4,20,20272004,16,11,0.102198553487448
"dgp3",4,20,20272004,17,11,0.102198553487448
"dgp3",4,20,20272004,18,11,0
"dgp3",4,20,20272004,19,11,0.102198553487448
"dgp3",4,20,20272004,20,11,0.102198553487448
"dgp3",4,20,20272004,1,12,0
"dgp3",4,20,20272004,2,12,0
"dgp3",4,20,20272004,3,12,0
"dgp3",4,20,20272004,4,12,0
"dgp3",4,20,20272004,5,12,0
"dgp3",4,20,20272004,6,12,0
"dgp3",4,20,20272004,7,12,0
"dgp3",4,20,20272004,8,12,0
"dgp3",4,20,20272004,9,12,0.102198553487448
"dgp3",4,20,20272004,10,12,0
"dgp3",4,20,20272004,11,12,0.102198553487448
"dgp3",4,20,20272004,12,12,0.102198553487448
"dgp3",4,20,20272004,13,12,0.102198553487448
"dgp3",4,20,20272004,14,12,0.102198553487448
"dgp3",4,20,20272004,15,12,0.102198553487448
"dgp3",4,20,20272004,16,12,0.102198553487448
"dgp3",4,20,20272004,17,12,0.102198553487448
"dgp3",4,20,20272004,18,12,0.102198553487448
"dgp3",4,20,20272004,19,12,0.102198553487448
"dgp3",4,20,20272004,20,12,0
"dgp3",4,20,20272004,1,13,0
"dgp3",4,20,20272004,2,13,0
"dgp3",4,20,20272004,3,13,0
"dgp3",4,20,20272004,4,13,0
"dgp3",4,20,20272004,5,13,0
"dgp3",4,20,20272004,6,13,0
"dgp3",4,20,20272004,7,13,0
"dgp3",4,20,20272004,8,13,0
"dgp3",4,20,20272004,9,13,0
"dgp3",4,20,20272004,10,13,0
"dgp3",4,20,20272004,11,13,0.102198553487448
"dgp3",4,20,20272004,12,13,0
"dgp3",4,20,20272004,13,13,0.102198553487448
"dgp3",4,20,20272004,14,13,0.102198553487448
"dgp3",4,20,20272004,15,13,0.102198553487448
"dgp3",4,20,20272004,16,13,0.102198553487448
"dgp3",4,20,20272004,17,13,0.102198553487448
"dgp3",4,20,20272004,18,13,0
"dgp3",4,20,20272004,19,13,0
"dgp3",4,20,20272004,20,13,0.102198553487448
"dgp3",4,20,20272004,1,14,0
"dgp3",4,20,20272004,2,14,0
"dgp3",4,20,20272004,3,14,0.102198553487448
"dgp3",4,20,20272004,4,14,0
"dgp3",4,20,20272004,5,14,0
"dgp3",4,20,20272004,6,14,0
"dgp3",4,20,20272004,7,14,0
"dgp3",4,20,20272004,8,14,0
"dgp3",4,20,20272004,9,14,0
"dgp3",4,20,20272004,10,14,0
"dgp3",4,20,20272004,11,14,0.102198553487448
"dgp3",4,20,20272004,12,14,0.102198553487448
"dgp3",4,20,20272004,13,14,0.102198553487448
"dgp3",4,20,20272004,14,14,0.102198553487448
"dgp3",4,20,20272004,15,14,0.102198553487448
"dgp3",4,20,20272004,16,14,0
"dgp3",4,20,20272004,17,14,0.102198553487448
"dgp3",4,20,20272004,18,14,0.102198553487448
"dgp3",4,20,20272004,19,14,0.102198553487448
"dgp3",4,20,20272004,20,14,0.102198553487448
"dgp3",4,20,20272004,1,15,0
"dgp3",4,20,20272004,2,15,0
"dgp3",4,20,20272004,3,15,0
"dgp3",4,20,20272004,4,15,0
"dgp3",4,20,20272004,5,15,0
"dgp3",4,20,20272004,6,15,0
"dgp3",4,20,20272004,7,15,0
"dgp3",4,20,20272004,8,15,0
"dgp3",4,20,20272004,9,15,0
"dgp3",4,20,20272004,10,15,0
"dgp3",4,20,20272004,11,15,0.102198553487448
"dgp3",4,20,20272004,12,15,0.102198553487448
"dgp3",4,20,20272004,13,15,0.102198553487448
"dgp3",4,20,20272004,14,15,0
"dgp3",4,20,20272004,15,15,0.102198553487448
"dgp3",4,20,20272004,16,15,0
"dgp3",4,20,20272004,17,15,0.102198553487448
"dgp3",4,20,20272004,18,15,0.102198553487448
"dgp3",4,20,20272004,19,15,0.102198553487448
"dgp3",4,20,20272004,20,15,0.102198553487448
"dgp3",4,20,20272004,1,16,0
"dgp3",4,20,20272004,2,16,0
"dgp3",4,20,20272004,3,16,0
"dgp3",4,20,20272004,4,16,0
"dgp3",4,20,20272004,5,16,0.102198553487448
"dgp3",4,20,20272004,6,16,0
"dgp3",4,20,20272004,7,16,0
"dgp3",4,20,20272004,8,16,0
"dgp3",4,20,20272004,9,16,0
"dgp3",4,20,20272004,10,16,0
"dgp3",4,20,20272004,11,16,0
"dgp3",4,20,20272004,12,16,0
"dgp3",4,20,20272004,13,16,0.102198553487448
"dgp3",4,20,20272004,14,16,0.102198553487448
"dgp3",4,20,20272004,15,16,0
"dgp3",4,20,20272004,16,16,0.102198553487448
"dgp3",4,20,20272004,17,16,0.102198553487448
"dgp3",4,20,20272004,18,16,0
"dgp3",4,20,20272004,19,16,0.102198553487448
"dgp3",4,20,20272004,20,16,0.102198553487448
"dgp3",4,20,20272004,1,17,0
"dgp3",4,20,20272004,2,17,0
"dgp3",4,20,20272004,3,17,0
"dgp3",4,20,20272004,4,17,0
"dgp3",4,20,20272004,5,17,0.102198553487448
"dgp3",4,20,20272004,6,17,0.102198553487448
"dgp3",4,20,20272004,7,17,0
"dgp3",4,20,20272004,8,17,0
"dgp3",4,20,20272004,9,17,0
"dgp3",4,20,20272004,10,17,0
"dgp3",4,20,20272004,11,17,0.102198553487448
"dgp3",4,20,20272004,12,17,0.102198553487448
"dgp3",4,20,20272004,13,17,0
"dgp3",4,20,20272004,14,17,0
"dgp3",4,20,20272004,15,17,0.102198553487448
"dgp3",4,20,20272004,16,17,0.102198553487448
"dgp3",4,20,20272004,17,17,0.102198553487448
"dgp3",4,20,20272004,18,17,0.102198553487448
"dgp3",4,20,20272004,19,17,0.102198553487448
"dgp3",4,20,20272004,20,17,0.102198553487448
"dgp3",4,20,20272004,1,18,0
"dgp3",4,20,20272004,2,18,0
"dgp3",4,20,20272004,3,18,0
"dgp3",4,20,20272004,4,18,0
"dgp3",4,20,20272004,5,18,0
"dgp3",4,20,20272004,6,18,0
"dgp3",4,20,20272004,7,18,0
"dgp3",4,20,20272004,8,18,0.102198553487448
"dgp3",4,20,20272004,9,18,0
"dgp3",4,20,20272004,10,18,0
"dgp3",4,20,20272004,11,18,0.102198553487448
"dgp3",4,20,20272004,12,18,0.102198553487448
"dgp3",4,20,20272004,13,18,0
"dgp3",4,20,20272004,14,18,0.102198553487448
"dgp3",4,20,20272004,15,18,0.102198553487448
"dgp3",4,20,20272004,16,18,0.102198553487448
"dgp3",4,20,20272004,17,18,0.102198553487448
"dgp3",4,20,20272004,18,18,0.102198553487448
"dgp3",4,20,20272004,19,18,0
"dgp3",4,20,20272004,20,18,0
"dgp3",4,20,20272004,1,19,0
"dgp3",4,20,20272004,2,19,0.102198553487448
"dgp3",4,20,20272004,3,19,0.102198553487448
"dgp3",4,20,20272004,4,19,0
"dgp3",4,20,20272004,5,19,0
"dgp3",4,20,20272004,6,19,0
"dgp3",4,20,20272004,7,19,0
"dgp3",4,20,20272004,8,19,0
"dgp3",4,20,20272004,9,19,0.102198553487448
"dgp3",4,20,20272004,10,19,0
"dgp3",4,20,20272004,11,19,0.102198553487448
"dgp3",4,20,20272004,12,19,0.102198553487448
"dgp3",4,20,20272004,13,19,0
"dgp3",4,20,20272004,14,19,0.102198553487448
"dgp3",4,20,20272004,15,19,0.102198553487448
"dgp3",4,20,20272004,16,19,0
"dgp3",4,20,20272004,17,19,0
"dgp3",4,20,20272004,18,19,0.102198553487448
"dgp3",4,20,20272004,19,19,0.102198553487448
"dgp3",4,20,20272004,20,19,0.102198553487448
"dgp3",4,20,20272004,1,20,0
"dgp3",4,20,20272004,2,20,0
"dgp3",4,20,20272004,3,20,0
"dgp3",4,20,20272004,4,20,0
"dgp3",4,20,20272004,5,20,0.102198553487448
"dgp3",4,20,20272004,6,20,0
"dgp3",4,20,20272004,7,20,0
"dgp3",4,20,20272004,8,20,0
"dgp3",4,20,20272004,9,20,0
"dgp3",4,20,20272004,10,20,0
"dgp3",4,20,20272004,11,20,0.102198553487448
"dgp3",4,20,20272004,12,20,0
"dgp3",4,20,20272004,13,20,0
"dgp3",4,20,20272004,14,20,0.102198553487448
"dgp3",4,20,20272004,15,20,0.102198553487448
"dgp3",4,20,20272004,16,20,0.102198553487448
"dgp3",4,20,20272004,17,20,0.102198553487448
"dgp3",4,20,20272004,18,20,0.102198553487448
"dgp3",4,20,20272004,19,20,0.102198553487448
"dgp3",4,20,20272004,20,20,0.102198553487448
"dgp3",5,25,20272005,1,1,0.0838257734851763
"dgp3",5,25,20272005,2,1,0.0838257734851763
"dgp3",5,25,20272005,3,1,0.0838257734851763
"dgp3",5,25,20272005,4,1,0
"dgp3",5,25,20272005,5,1,0
"dgp3",5,25,20272005,6,1,0.0838257734851763
"dgp3",5,25,20272005,7,1,0
"dgp3",5,25,20272005,8,1,0
"dgp3",5,25,20272005,9,1,0
"dgp3",5,25,20272005,10,1,0.0838257734851763
"dgp3",5,25,20272005,11,1,0.0838257734851763
"dgp3",5,25,20272005,12,1,0.0838257734851763
"dgp3",5,25,20272005,13,1,0
"dgp3",5,25,20272005,14,1,0
"dgp3",5,25,20272005,15,1,0.0838257734851763
"dgp3",5,25,20272005,16,1,0
"dgp3",5,25,20272005,17,1,0
"dgp3",5,25,20272005,18,1,0
"dgp3",5,25,20272005,19,1,0
"dgp3",5,25,20272005,20,1,0
"dgp3",5,25,20272005,21,1,0.0838257734851763
"dgp3",5,25,20272005,22,1,0
"dgp3",5,25,20272005,23,1,0
"dgp3",5,25,20272005,24,1,0
"dgp3",5,25,20272005,25,1,0.0838257734851763
"dgp3",5,25,20272005,1,2,0.0838257734851763
"dgp3",5,25,20272005,2,2,0.0838257734851763
"dgp3",5,25,20272005,3,2,0.0838257734851763
"dgp3",5,25,20272005,4,2,0.0838257734851763
"dgp3",5,25,20272005,5,2,0.0838257734851763
"dgp3",5,25,20272005,6,2,0.0838257734851763
"dgp3",5,25,20272005,7,2,0.0838257734851763
"dgp3",5,25,20272005,8,2,0
"dgp3",5,25,20272005,9,2,0
"dgp3",5,25,20272005,10,2,0.0838257734851763
"dgp3",5,25,20272005,11,2,0.0838257734851763
"dgp3",5,25,20272005,12,2,0.0838257734851763
"dgp3",5,25,20272005,13,2,0
"dgp3",5,25,20272005,14,2,0.0838257734851763
"dgp3",5,25,20272005,15,2,0
"dgp3",5,25,20272005,16,2,0
"dgp3",5,25,20272005,17,2,0
"dgp3",5,25,20272005,18,2,0
"dgp3",5,25,20272005,19,2,0
"dgp3",5,25,20272005,20,2,0
"dgp3",5,25,20272005,21,2,0
"dgp3",5,25,20272005,22,2,0
"dgp3",5,25,20272005,23,2,0
"dgp3",5,25,20272005,24,2,0
"dgp3",5,25,20272005,25,2,0
"dgp3",5,25,20272005,1,3,0.0838257734851763
"dgp3",5,25,20272005,2,3,0
"dgp3",5,25,20272005,3,3,0.0838257734851763
"dgp3",5,25,20272005,4,3,0
"dgp3",5,25,20272005,5,3,0.0838257734851763
"dgp3",5,25,20272005,6,3,0.0838257734851763
"dgp3",5,25,20272005,7,3,0.0838257734851763
"dgp3",5,25,20272005,8,3,0.0838257734851763
"dgp3",5,25,20272005,9,3,0
"dgp3",5,25,20272005,10,3,0.0838257734851763
"dgp3",5,25,20272005,11,3,0.0838257734851763
"dgp3",5,25,20272005,12,3,0.0838257734851763
"dgp3",5,25,20272005,13,3,0
"dgp3",5,25,20272005,14,3,0
"dgp3",5,25,20272005,15,3,0
"dgp3",5,25,20272005,16,3,0
"dgp3",5,25,20272005,17,3,0
"dgp3",5,25,20272005,18,3,0
"dgp3",5,25,20272005,19,3,0
"dgp3",5,25,20272005,20,3,0
"dgp3",5,25,20272005,21,3,0
"dgp3",5,25,20272005,22,3,0
"dgp3",5,25,20272005,23,3,0
"dgp3",5,25,20272005,24,3,0
"dgp3",5,25,20272005,25,3,0
"dgp3",5,25,20272005,1,4,0.0838257734851763
"dgp3",5,25,20272005,2,4,0
"dgp3",5,25,20272005,3,4,0.0838257734851763
"dgp3",5,25,20272005,4,4,0.0838257734851763
"dgp3",5,25,20272005,5,4,0.0838257734851763
"dgp3",5,25,20272005,6,4,0.0838257734851763
"dgp3",5,25,20272005,7,4,0
"dgp3",5,25,20272005,8,4,0.0838257734851763
"dgp3",5,25,20272005,9,4,0.0838257734851763
"dgp3",5,25,20272005,10,4,0
"dgp3",5,25,20272005,11,4,0.0838257734851763
"dgp3",5,25,20272005,12,4,0.0838257734851763
"dgp3",5,25,20272005,13,4,0.0838257734851763
"dgp3",5,25,20272005,14,4,0
"dgp3",5,25,20272005,15,4,0
"dgp3",5,25,20272005,16,4,0
"dgp3",5,25,20272005,17,4,0
"dgp3",5,25,20272005,18,4,0
"dgp3",5,25,20272005,19,4,0
"dgp3",5,25,20272005,20,4,0
"dgp3",5,25,20272005,21,4,0
"dgp3",5,25,20272005,22,4,0
"dgp3",5,25,20272005,23,4,0
"dgp3",5,25,20272005,24,4,0
"dgp3",5,25,20272005,25,4,0
"dgp3",5,25,20272005,1,5,0.0838257734851763
"dgp3",5,25,20272005,2,5,0.0838257734851763
"dgp3",5,25,20272005,3,5,0
"dgp3",5,25,20272005,4,5,0
"dgp3",5,25,20272005,5,5,0.0838257734851763
"dgp3",5,25,20272005,6,5,0.0838257734851763
"dgp3",5,25,20272005,7,5,0
"dgp3",5,25,20272005,8,5,0.0838257734851763
"dgp3",5,25,20272005,9,5,0
"dgp3",5,25,20272005,10,5,0.0838257734851763
"dgp3",5,25,20272005,11,5,0
"dgp3",5,25,20272005,12,5,0.0838257734851763
"dgp3",5,25,20272005,13,5,0
"dgp3",5,25,20272005,14,5,0
"dgp3",5,25,20272005,15,5,0
"dgp3",5,25,20272005,16,5,0
"dgp3",5,25,20272005,17,5,0
"dgp3",5,25,20272005,18,5,0
"dgp3",5,25,20272005,19,5,0
"dgp3",5,25,20272005,20,5,0.0838257734851763
"dgp3",5,25,20272005,21,5,0
"dgp3",5,25,20272005,22,5,0
"dgp3",5,25,20272005,23,5,0
"dgp3",5,25,20272005,24,5,0
"dgp3",5,25,20272005,25,5,0
"dgp3",5,25,20272005,1,6,0.0838257734851763
"dgp3",5,25,20272005,2,6,0.0838257734851763
"dgp3",5,25,20272005,3,6,0.0838257734851763
"dgp3",5,25,20272005,4,6,0.0838257734851763
"dgp3",5,25,20272005,5,6,0
"dgp3",5,25,20272005,6,6,0.0838257734851763
"dgp3",5,25,20272005,7,6,0.0838257734851763
"dgp3",5,25,20272005,8,6,0.0838257734851763
"dgp3",5,25,20272005,9,6,0.0838257734851763
"dgp3",5,25,20272005,10,6,0.0838257734851763
"dgp3",5,25,20272005,11,6,0
"dgp3",5,25,20272005,12,6,0.0838257734851763
"dgp3",5,25,20272005,13,6,0
"dgp3",5,25,20272005,14,6,0.0838257734851763
"dgp3",5,25,20272005,15,6,0
"dgp3",5,25,20272005,16,6,0
"dgp3",5,25,20272005,17,6,0
"dgp3",5,25,20272005,18,6,0
"dgp3",5,25,20272005,19,6,0
"dgp3",5,25,20272005,20,6,0
"dgp3",5,25,20272005,21,6,0
"dgp3",5,25,20272005,22,6,0
"dgp3",5,25,20272005,23,6,0
"dgp3",5,25,20272005,24,6,0
"dgp3",5,25,20272005,25,6,0
"dgp3",5,25,20272005,1,7,0.0838257734851763
"dgp3",5,25,20272005,2,7,0
"dgp3",5,25,20272005,3,7,0.0838257734851763
"dgp3",5,25,20272005,4,7,0.0838257734851763
"dgp3",5,25,20272005,5,7,0.0838257734851763
"dgp3",5,25,20272005,6,7,0.0838257734851763
"dgp3",5,25,20272005,7,7,0.0838257734851763
"dgp3",5,25,20272005,8,7,0
"dgp3",5,25,20272005,9,7,0
"dgp3",5,25,20272005,10,7,0.0838257734851763
"dgp3",5,25,20272005,11,7,0
"dgp3",5,25,20272005,12,7,0
"dgp3",5,25,20272005,13,7,0
"dgp3",5,25,20272005,14,7,0
"dgp3",5,25,20272005,15,7,0.0838257734851763
"dgp3",5,25,20272005,16,7,0
"dgp3",5,25,20272005,17,7,0
"dgp3",5,25,20272005,18,7,0
"dgp3",5,25,20272005,19,7,0
"dgp3",5,25,20272005,20,7,0
"dgp3",5,25,20272005,21,7,0
"dgp3",5,25,20272005,22,7,0
"dgp3",5,25,20272005,23,7,0
"dgp3",5,25,20272005,24,7,0
"dgp3",5,25,20272005,25,7,0
"dgp3",5,25,20272005,1,8,0.0838257734851763
"dgp3",5,25,20272005,2,8,0.0838257734851763
"dgp3",5,25,20272005,3,8,0
"dgp3",5,25,20272005,4,8,0.0838257734851763
"dgp3",5,25,20272005,5,8,0
"dgp3",5,25,20272005,6,8,0.0838257734851763
"dgp3",5,25,20272005,7,8,0.0838257734851763
"dgp3",5,25,20272005,8,8,0.0838257734851763
"dgp3",5,25,20272005,9,8,0.0838257734851763
"dgp3",5,25,20272005,10,8,0.0838257734851763
"dgp3",5,25,20272005,11,8,0
"dgp3",5,25,20272005,12,8,0
"dgp3",5,25,20272005,13,8,0
"dgp3",5,25,20272005,14,8,0
"dgp3",5,25,20272005,15,8,0
"dgp3",5,25,20272005,16,8,0
"dgp3",5,25,20272005,17,8,0
"dgp3",5,25,20272005,18,8,0
"dgp3",5,25,20272005,19,8,0
"dgp3",5,25,20272005,20,8,0
"dgp3",5,25,20272005,21,8,0
"dgp3",5,25,20272005,22,8,0.0838257734851763
"dgp3",5,25,20272005,23,8,0
"dgp3",5,25,20272005,24,8,0.0838257734851763
"dgp3",5,25,20272005,25,8,0
"dgp3",5,25,20272005,1,9,0
"dgp3",5,25,20272005,2,9,0.0838257734851763
"dgp3",5,25,20272005,3,9,0.0838257734851763
"dgp3",5,25,20272005,4,9,0
"dgp3",5,25,20272005,5,9,0.0838257734851763
"dgp3",5,25,20272005,6,9,0.0838257734851763
"dgp3",5,25,20272005,7,9,0.0838257734851763
"dgp3",5,25,20272005,8,9,0.0838257734851763
"dgp3",5,25,20272005,9,9,0.0838257734851763
"dgp3",5,25,20272005,10,9,0
"dgp3",5,25,20272005,11,9,0.0838257734851763
"dgp3",5,25,20272005,12,9,0.0838257734851763
"dgp3",5,25,20272005,13,9,0
"dgp3",5,25,20272005,14,9,0
"dgp3",5,25,20272005,15,9,0
"dgp3",5,25,20272005,16,9,0
"dgp3",5,25,20272005,17,9,0.0838257734851763
"dgp3",5,25,20272005,18,9,0.0838257734851763
"dgp3",5,25,20272005,19,9,0
"dgp3",5,25,20272005,20,9,0
"dgp3",5,25,20272005,21,9,0
"dgp3",5,25,20272005,22,9,0
"dgp3",5,25,20272005,23,9,0
"dgp3",5,25,20272005,24,9,0.0838257734851763
"dgp3",5,25,20272005,25,9,0
"dgp3",5,25,20272005,1,10,0
"dgp3",5,25,20272005,2,10,0.0838257734851763
"dgp3",5,25,20272005,3,10,0.0838257734851763
"dgp3",5,25,20272005,4,10,0.0838257734851763
"dgp3",5,25,20272005,5,10,0
"dgp3",5,25,20272005,6,10,0.0838257734851763
"dgp3",5,25,20272005,7,10,0
"dgp3",5,25,20272005,8,10,0.0838257734851763
"dgp3",5,25,20272005,9,10,0.0838257734851763
"dgp3",5,25,20272005,10,10,0.0838257734851763
"dgp3",5,25,20272005,11,10,0.0838257734851763
"dgp3",5,25,20272005,12,10,0.0838257734851763
"dgp3",5,25,20272005,13,10,0
"dgp3",5,25,20272005,14,10,0
"dgp3",5,25,20272005,15,10,0
"dgp3",5,25,20272005,16,10,0
"dgp3",5,25,20272005,17,10,0
"dgp3",5,25,20272005,18,10,0
"dgp3",5,25,20272005,19,10,0
"dgp3",5,25,20272005,20,10,0
"dgp3",5,25,20272005,21,10,0
"dgp3",5,25,20272005,22,10,0
"dgp3",5,25,20272005,23,10,0
"dgp3",5,25,20272005,24,10,0.0838257734851763
"dgp3",5,25,20272005,25,10,0
"dgp3",5,25,20272005,1,11,0
"dgp3",5,25,20272005,2,11,0.0838257734851763
"dgp3",5,25,20272005,3,11,0.0838257734851763
"dgp3",5,25,20272005,4,11,0.0838257734851763
"dgp3",5,25,20272005,5,11,0.0838257734851763
"dgp3",5,25,20272005,6,11,0
"dgp3",5,25,20272005,7,11,0
"dgp3",5,25,20272005,8,11,0.0838257734851763
"dgp3",5,25,20272005,9,11,0
"dgp3",5,25,20272005,10,11,0.0838257734851763
"dgp3",5,25,20272005,11,11,0.0838257734851763
"dgp3",5,25,20272005,12,11,0.0838257734851763
"dgp3",5,25,20272005,13,11,0
"dgp3",5,25,20272005,14,11,0
"dgp3",5,25,20272005,15,11,0
"dgp3",5,25,20272005,16,11,0
"dgp3",5,25,20272005,17,11,0
"dgp3",5,25,20272005,18,11,0
"dgp3",5,25,20272005,19,11,0
"dgp3",5,25,20272005,20,11,0
"dgp3",5,25,20272005,21,11,0
"dgp3",5,25,20272005,22,11,0
"dgp3",5,25,20272005,23,11,0
"dgp3",5,25,20272005,24,11,0
"dgp3",5,25,20272005,25,11,0
"dgp3",5,25,20272005,1,12,0.0838257734851763
"dgp3",5,25,20272005,2,12,0.0838257734851763
"dgp3",5,25,20272005,3,12,0
"dgp3",5,25,20272005,4,12,0
"dgp3",5,25,20272005,5,12,0
"dgp3",5,25,20272005,6,12,0
"dgp3",5,25,20272005,7,12,0.0838257734851763
"dgp3",5,25,20272005,8,12,0.0838257734851763
"dgp3",5,25,20272005,9,12,0.0838257734851763
"dgp3",5,25,20272005,10,12,0.0838257734851763
"dgp3",5,25,20272005,11,12,0.0838257734851763
"dgp3",5,25,20272005,12,12,0.0838257734851763
"dgp3",5,25,20272005,13,12,0.0838257734851763
"dgp3",5,25,20272005,14,12,0
"dgp3",5,25,20272005,15,12,0
"dgp3",5,25,20272005,16,12,0
"dgp3",5,25,20272005,17,12,0
"dgp3",5,25,20272005,18,12,0
"dgp3",5,25,20272005,19,12,0
"dgp3",5,25,20272005,20,12,0
"dgp3",5,25,20272005,21,12,0
"dgp3",5,25,20272005,22,12,0
"dgp3",5,25,20272005,23,12,0
"dgp3",5,25,20272005,24,12,0
"dgp3",5,25,20272005,25,12,0
"dgp3",5,25,20272005,1,13,0
"dgp3",5,25,20272005,2,13,0
"dgp3",5,25,20272005,3,13,0
"dgp3",5,25,20272005,4,13,0
"dgp3",5,25,20272005,5,13,0.0838257734851763
"dgp3",5,25,20272005,6,13,0.0838257734851763
"dgp3",5,25,20272005,7,13,0
"dgp3",5,25,20272005,8,13,0
"dgp3",5,25,20272005,9,13,0.0838257734851763
"dgp3",5,25,20272005,10,13,0
"dgp3",5,25,20272005,11,13,0
"dgp3",5,25,20272005,12,13,0
"dgp3",5,25,20272005,13,13,0.0838257734851763
"dgp3",5,25,20272005,14,13,0.0838257734851763
"dgp3",5,25,20272005,15,13,0.0838257734851763
"dgp3",5,25,20272005,16,13,0.0838257734851763
"dgp3",5,25,20272005,17,13,0.0838257734851763
"dgp3",5,25,20272005,18,13,0.0838257734851763
"dgp3",5,25,20272005,19,13,0
"dgp3",5,25,20272005,20,13,0
"dgp3",5,25,20272005,21,13,0
"dgp3",5,25,20272005,22,13,0.0838257734851763
"dgp3",5,25,20272005,23,13,0.0838257734851763
"dgp3",5,25,20272005,24,13,0.0838257734851763
"dgp3",5,25,20272005,25,13,0
"dgp3",5,25,20272005,1,14,0
"dgp3",5,25,20272005,2,14,0
"dgp3",5,25,20272005,3,14,0.0838257734851763
"dgp3",5,25,20272005,4,14,0
"dgp3",5,25,20272005,5,14,0
"dgp3",5,25,20272005,6,14,0
"dgp3",5,25,20272005,7,14,0
"dgp3",5,25,20272005,8,14,0.0838257734851763
"dgp3",5,25,20272005,9,14,0
"dgp3",5,25,20272005,10,14,0
"dgp3",5,25,20272005,11,14,0
"dgp3",5,25,20272005,12,14,0
"dgp3",5,25,20272005,13,14,0.0838257734851763
"dgp3",5,25,20272005,14,14,0.0838257734851763
"dgp3",5,25,20272005,15,14,0
"dgp3",5,25,20272005,16,14,0.0838257734851763
"dgp3",5,25,20272005,17,14,0.0838257734851763
"dgp3",5,25,20272005,18,14,0
"dgp3",5,25,20272005,19,14,0
"dgp3",5,25,20272005,20,14,0.0838257734851763
"dgp3",5,25,20272005,21,14,0.0838257734851763
"dgp3",5,25,20272005,22,14,0.0838257734851763
"dgp3",5,25,20272005,23,14,0.0838257734851763
"dgp3",5,25,20272005,24,14,0.0838257734851763
"dgp3",5,25,20272005,25,14,0
"dgp3",5,25,20272005,1,15,0
"dgp3",5,25,20272005,2,15,0
"dgp3",5,25,20272005,3,15,0
"dgp3",5,25,20272005,4,15,0
"dgp3",5,25,20272005,5,15,0.0838257734851763
"dgp3",5,25,20272005,6,15,0.0838257734851763
"dgp3",5,25,20272005,7,15,0
"dgp3",5,25,20272005,8,15,0.0838257734851763
"dgp3",5,25,20272005,9,15,0.0838257734851763
"dgp3",5,25,20272005,10,15,0
"dgp3",5,25,20272005,11,15,0
"dgp3",5,25,20272005,12,15,0
"dgp3",5,25,20272005,13,15,0
"dgp3",5,25,20272005,14,15,0.0838257734851763
"dgp3",5,25,20272005,15,15,0.0838257734851763
"dgp3",5,25,20272005,16,15,0.0838257734851763
"dgp3",5,25,20272005,17,15,0.0838257734851763
"dgp3",5,25,20272005,18,15,0.0838257734851763
"dgp3",5,25,20272005,19,15,0.0838257734851763
"dgp3",5,25,20272005,20,15,0.0838257734851763
"dgp3",5,25,20272005,21,15,0.0838257734851763
"dgp3",5,25,20272005,22,15,0
"dgp3",5,25,20272005,23,15,0.0838257734851763
"dgp3",5,25,20272005,24,15,0
"dgp3",5,25,20272005,25,15,0
"dgp3",5,25,20272005,1,16,0
"dgp3",5,25,20272005,2,16,0
"dgp3",5,25,20272005,3,16,0
"dgp3",5,25,20272005,4,16,0
"dgp3",5,25,20272005,5,16,0
"dgp3",5,25,20272005,6,16,0
"dgp3",5,25,20272005,7,16,0
"dgp3",5,25,20272005,8,16,0
"dgp3",5,25,20272005,9,16,0.0838257734851763
"dgp3",5,25,20272005,10,16,0
"dgp3",5,25,20272005,11,16,0
"dgp3",5,25,20272005,12,16,0
"dgp3",5,25,20272005,13,16,0
"dgp3",5,25,20272005,14,16,0.0838257734851763
"dgp3",5,25,20272005,15,16,0.0838257734851763
"dgp3",5,25,20272005,16,16,0.0838257734851763
"dgp3",5,25,20272005,17,16,0.0838257734851763
"dgp3",5,25,20272005,18,16,0.0838257734851763
"dgp3",5,25,20272005,19,16,0.0838257734851763
"dgp3",5,25,20272005,20,16,0.0838257734851763
"dgp3",5,25,20272005,21,16,0.0838257734851763
"dgp3",5,25,20272005,22,16,0.0838257734851763
"dgp3",5,25,20272005,23,16,0.0838257734851763
"dgp3",5,25,20272005,24,16,0.0838257734851763
"dgp3",5,25,20272005,25,16,0.0838257734851763
"dgp3",5,25,20272005,1,17,0
"dgp3",5,25,20272005,2,17,0
"dgp3",5,25,20272005,3,17,0
"dgp3",5,25,20272005,4,17,0
"dgp3",5,25,20272005,5,17,0
"dgp3",5,25,20272005,6,17,0
"dgp3",5,25,20272005,7,17,0
"dgp3",5,25,20272005,8,17,0
"dgp3",5,25,20272005,9,17,0
"dgp3",5,25,20272005,10,17,0
"dgp3",5,25,20272005,11,17,0
"dgp3",5,25,20272005,12,17,0
"dgp3",5,25,20272005,13,17,0
"dgp3",5,25,20272005,14,17,0.0838257734851763
"dgp3",5,25,20272005,15,17,0.0838257734851763
"dgp3",5,25,20272005,16,17,0.0838257734851763
"dgp3",5,25,20272005,17,17,0.0838257734851763
"dgp3",5,25,20272005,18,17,0
"dgp3",5,25,20272005,19,17,0.0838257734851763
"dgp3",5,25,20272005,20,17,0.0838257734851763
"dgp3",5,25,20272005,21,17,0
"dgp3",5,25,20272005,22,17,0
"dgp3",5,25,20272005,23,17,0.0838257734851763
"dgp3",5,25,20272005,24,17,0
"dgp3",5,25,20272005,25,17,0.0838257734851763
"dgp3",5,25,20272005,1,18,0
"dgp3",5,25,20272005,2,18,0
"dgp3",5,25,20272005,3,18,0
"dgp3",5,25,20272005,4,18,0
"dgp3",5,25,20272005,5,18,0
"dgp3",5,25,20272005,6,18,0
"dgp3",5,25,20272005,7,18,0
"dgp3",5,25,20272005,8,18,0
"dgp3",5,25,20272005,9,18,0
"dgp3",5,25,20272005,10,18,0
"dgp3",5,25,20272005,11,18,0
"dgp3",5,25,20272005,12,18,0.0838257734851763
"dgp3",5,25,20272005,13,18,0.0838257734851763
"dgp3",5,25,20272005,14,18,0.0838257734851763
"dgp3",5,25,20272005,15,18,0.0838257734851763
"dgp3",5,25,20272005,16,18,0.0838257734851763
"dgp3",5,25,20272005,17,18,0.0838257734851763
"dgp3",5,25,20272005,18,18,0.0838257734851763
"dgp3",5,25,20272005,19,18,0
"dgp3",5,25,20272005,20,18,0
"dgp3",5,25,20272005,21,18,0.0838257734851763
"dgp3",5,25,20272005,22,18,0.0838257734851763
"dgp3",5,25,20272005,23,18,0.0838257734851763
"dgp3",5,25,20272005,24,18,0
"dgp3",5,25,20272005,25,18,0
"dgp3",5,25,20272005,1,19,0
"dgp3",5,25,20272005,2,19,0
"dgp3",5,25,20272005,3,19,0
"dgp3",5,25,20272005,4,19,0
"dgp3",5,25,20272005,5,19,0
"dgp3",5,25,20272005,6,19,0
"dgp3",5,25,20272005,7,19,0
"dgp3",5,25,20272005,8,19,0
"dgp3",5,25,20272005,9,19,0
"dgp3",5,25,20272005,10,19,0
"dgp3",5,25,20272005,11,19,0
"dgp3",5,25,20272005,12,19,0
"dgp3",5,25,20272005,13,19,0.0838257734851763
"dgp3",5,25,20272005,14,19,0.0838257734851763
"dgp3",5,25,20272005,15,19,0.0838257734851763
"dgp3",5,25,20272005,16,19,0
"dgp3",5,25,20272005,17,19,0
"dgp3",5,25,20272005,18,19,0.0838257734851763
"dgp3",5,25,20272005,19,19,0.0838257734851763
"dgp3",5,25,20272005,20,19,0
"dgp3",5,25,20272005,21,19,0.0838257734851763
"dgp3",5,25,20272005,22,19,0
"dgp3",5,25,20272005,23,19,0.0838257734851763
"dgp3",5,25,20272005,24,19,0.0838257734851763
"dgp3",5,25,20272005,25,19,0.0838257734851763
"dgp3",5,25,20272005,1,20,0
"dgp3",5,25,20272005,2,20,0.0838257734851763
"dgp3",5,25,20272005,3,20,0
"dgp3",5,25,20272005,4,20,0
"dgp3",5,25,20272005,5,20,0
"dgp3",5,25,20272005,6,20,0
"dgp3",5,25,20272005,7,20,0
"dgp3",5,25,20272005,8,20,0
"dgp3",5,25,20272005,9,20,0
"dgp3",5,25,20272005,10,20,0
"dgp3",5,25,20272005,11,20,0
"dgp3",5,25,20272005,12,20,0
"dgp3",5,25,20272005,13,20,0.0838257734851763
"dgp3",5,25,20272005,14,20,0.0838257734851763
"dgp3",5,25,20272005,15,20,0.0838257734851763
"dgp3",5,25,20272005,16,20,0
"dgp3",5,25,20272005,17,20,0.0838257734851763
"dgp3",5,25,20272005,18,20,0
"dgp3",5,25,20272005,19,20,0
"dgp3",5,25,20272005,20,20,0.0838257734851763
"dgp3",5,25,20272005,21,20,0.0838257734851763
"dgp3",5,25,20272005,22,20,0.0838257734851763
"dgp3",5,25,20272005,23,20,0
"dgp3",5,25,20272005,24,20,0
"dgp3",5,25,20272005,25,20,0.0838257734851763
"dgp3",5,25,20272005,1,21,0
"dgp3",5,25,20272005,2,21,0
"dgp3",5,25,20272005,3,21,0.0838257734851763
"dgp3",5,25,20272005,4,21,0
"dgp3",5,25,20272005,5,21,0
"dgp3",5,25,20272005,6,21,0
"dgp3",5,25,20272005,7,21,0
"dgp3",5,25,20272005,8,21,0
"dgp3",5,25,20272005,9,21,0
"dgp3",5,25,20272005,10,21,0.0838257734851763
"dgp3",5,25,20272005,11,21,0
"dgp3",5,25,20272005,12,21,0
"dgp3",5,25,20272005,13,21,0
"dgp3",5,25,20272005,14,21,0.0838257734851763
"dgp3",5,25,20272005,15,21,0.0838257734851763
"dgp3",5,25,20272005,16,21,0
"dgp3",5,25,20272005,17,21,0
"dgp3",5,25,20272005,18,21,0.0838257734851763
"dgp3",5,25,20272005,19,21,0.0838257734851763
"dgp3",5,25,20272005,20,21,0
"dgp3",5,25,20272005,21,21,0.0838257734851763
"dgp3",5,25,20272005,22,21,0
"dgp3",5,25,20272005,23,21,0.0838257734851763
"dgp3",5,25,20272005,24,21,0.0838257734851763
"dgp3",5,25,20272005,25,21,0
"dgp3",5,25,20272005,1,22,0
"dgp3",5,25,20272005,2,22,0
"dgp3",5,25,20272005,3,22,0
"dgp3",5,25,20272005,4,22,0
"dgp3",5,25,20272005,5,22,0
"dgp3",5,25,20272005,6,22,0
"dgp3",5,25,20272005,7,22,0
"dgp3",5,25,20272005,8,22,0
"dgp3",5,25,20272005,9,22,0.0838257734851763
"dgp3",5,25,20272005,10,22,0
"dgp3",5,25,20272005,11,22,0
"dgp3",5,25,20272005,12,22,0
"dgp3",5,25,20272005,13,22,0
"dgp3",5,25,20272005,14,22,0.0838257734851763
"dgp3",5,25,20272005,15,22,0.0838257734851763
"dgp3",5,25,20272005,16,22,0.0838257734851763
"dgp3",5,25,20272005,17,22,0.0838257734851763
"dgp3",5,25,20272005,18,22,0
"dgp3",5,25,20272005,19,22,0.0838257734851763
"dgp3",5,25,20272005,20,22,0.0838257734851763
"dgp3",5,25,20272005,21,22,0.0838257734851763
"dgp3",5,25,20272005,22,22,0.0838257734851763
"dgp3",5,25,20272005,23,22,0.0838257734851763
"dgp3",5,25,20272005,24,22,0.0838257734851763
"dgp3",5,25,20272005,25,22,0.0838257734851763
"dgp3",5,25,20272005,1,23,0
"dgp3",5,25,20272005,2,23,0
"dgp3",5,25,20272005,3,23,0
"dgp3",5,25,20272005,4,23,0
"dgp3",5,25,20272005,5,23,0
"dgp3",5,25,20272005,6,23,0
"dgp3",5,25,20272005,7,23,0.0838257734851763
"dgp3",5,25,20272005,8,23,0
"dgp3",5,25,20272005,9,23,0
"dgp3",5,25,20272005,10,23,0
"dgp3",5,25,20272005,11,23,0
"dgp3",5,25,20272005,12,23,0
"dgp3",5,25,20272005,13,23,0.0838257734851763
"dgp3",5,25,20272005,14,23,0.0838257734851763
"dgp3",5,25,20272005,15,23,0
"dgp3",5,25,20272005,16,23,0.0838257734851763
"dgp3",5,25,20272005,17,23,0.0838257734851763
"dgp3",5,25,20272005,18,23,0.0838257734851763
"dgp3",5,25,20272005,19,23,0.0838257734851763
"dgp3",5,25,20272005,20,23,0.0838257734851763
"dgp3",5,25,20272005,21,23,0.0838257734851763
"dgp3",5,25,20272005,22,23,0.0838257734851763
"dgp3",5,25,20272005,23,23,0.0838257734851763
"dgp3",5,25,20272005,24,23,0
"dgp3",5,25,20272005,25,23,0.0838257734851763
"dgp3",5,25,20272005,1,24,0.0838257734851763
"dgp3",5,25,20272005,2,24,0
"dgp3",5,25,20272005,3,24,0
"dgp3",5,25,20272005,4,24,0
"dgp3",5,25,20272005,5,24,0
"dgp3",5,25,20272005,6,24,0
"dgp3",5,25,20272005,7,24,0.0838257734851763
"dgp3",5,25,20272005,8,24,0.0838257734851763
"dgp3",5,25,20272005,9,24,0
"dgp3",5,25,20272005,10,24,0
"dgp3",5,25,20272005,11,24,0.0838257734851763
"dgp3",5,25,20272005,12,24,0
"dgp3",5,25,20272005,13,24,0
"dgp3",5,25,20272005,14,24,0
"dgp3",5,25,20272005,15,24,0.0838257734851763
"dgp3",5,25,20272005,16,24,0.0838257734851763
"dgp3",5,25,20272005,17,24,0.0838257734851763
"dgp3",5,25,20272005,18,24,0
"dgp3",5,25,20272005,19,24,0.0838257734851763
"dgp3",5,25,20272005,20,24,0
"dgp3",5,25,20272005,21,24,0.0838257734851763
"dgp3",5,25,20272005,22,24,0.0838257734851763
"dgp3",5,25,20272005,23,24,0.0838257734851763
"dgp3",5,25,20272005,24,24,0.0838257734851763
"dgp3",5,25,20272005,25,24,0.0838257734851763
"dgp3",5,25,20272005,1,25,0.0838257734851763
"dgp3",5,25,20272005,2,25,0
"dgp3",5,25,20272005,3,25,0
"dgp3",5,25,20272005,4,25,0
"dgp3",5,25,20272005,5,25,0.0838257734851763
"dgp3",5,25,20272005,6,25,0.0838257734851763
"dgp3",5,25,20272005,7,25,0
"dgp3",5,25,20272005,8,25,0
"dgp3",5,25,20272005,9,25,0
"dgp3",5,25,20272005,10,25,0.0838257734851763
"dgp3",5,25,20272005,11,25,0
"dgp3",5,25,20272005,12,25,0
"dgp3",5,25,20272005,13,25,0.0838257734851763
"dgp3",5,25,20272005,14,25,0
"dgp3",5,25,20272005,15,25,0.0838257734851763
"dgp3",5,25,20272005,16,25,0.0838257734851763
"dgp3",5,25,20272005,17,25,0.0838257734851763
"dgp3",5,25,20272005,18,25,0.0838257734851763
"dgp3",5,25,20272005,19,25,0.0838257734851763
"dgp3",5,25,20272005,20,25,0.0838257734851763
"dgp3",5,25,20272005,21,25,0
"dgp3",5,25,20272005,22,25,0
"dgp3",5,25,20272005,23,25,0.0838257734851763
"dgp3",5,25,20272005,24,25,0.0838257734851763
"dgp3",5,25,20272005,25,25,0.0838257734851763
"dgp3",6,30,20272006,1,1,0.0669069577399385
"dgp3",6,30,20272006,2,1,0
"dgp3",6,30,20272006,3,1,0.0669069577399385
"dgp3",6,30,20272006,4,1,0.0669069577399385
"dgp3",6,30,20272006,5,1,0.0669069577399385
"dgp3",6,30,20272006,6,1,0.0669069577399385
"dgp3",6,30,20272006,7,1,0.0669069577399385
"dgp3",6,30,20272006,8,1,0.0669069577399385
"dgp3",6,30,20272006,9,1,0
"dgp3",6,30,20272006,10,1,0.0669069577399385
"dgp3",6,30,20272006,11,1,0
"dgp3",6,30,20272006,12,1,0.0669069577399385
"dgp3",6,30,20272006,13,1,0
"dgp3",6,30,20272006,14,1,0
"dgp3",6,30,20272006,15,1,0.0669069577399385
"dgp3",6,30,20272006,16,1,0
"dgp3",6,30,20272006,17,1,0
"dgp3",6,30,20272006,18,1,0
"dgp3",6,30,20272006,19,1,0
"dgp3",6,30,20272006,20,1,0
"dgp3",6,30,20272006,21,1,0
"dgp3",6,30,20272006,22,1,0
"dgp3",6,30,20272006,23,1,0
"dgp3",6,30,20272006,24,1,0.0669069577399385
"dgp3",6,30,20272006,25,1,0
"dgp3",6,30,20272006,26,1,0
"dgp3",6,30,20272006,27,1,0
"dgp3",6,30,20272006,28,1,0
"dgp3",6,30,20272006,29,1,0
"dgp3",6,30,20272006,30,1,0
"dgp3",6,30,20272006,1,2,0
"dgp3",6,30,20272006,2,2,0.0669069577399385
"dgp3",6,30,20272006,3,2,0
"dgp3",6,30,20272006,4,2,0
"dgp3",6,30,20272006,5,2,0
"dgp3",6,30,20272006,6,2,0.0669069577399385
"dgp3",6,30,20272006,7,2,0.0669069577399385
"dgp3",6,30,20272006,8,2,0
"dgp3",6,30,20272006,9,2,0.0669069577399385
"dgp3",6,30,20272006,10,2,0.0669069577399385
"dgp3",6,30,20272006,11,2,0.0669069577399385
"dgp3",6,30,20272006,12,2,0.0669069577399385
"dgp3",6,30,20272006,13,2,0.0669069577399385
"dgp3",6,30,20272006,14,2,0.0669069577399385
"dgp3",6,30,20272006,15,2,0
"dgp3",6,30,20272006,16,2,0
"dgp3",6,30,20272006,17,2,0
"dgp3",6,30,20272006,18,2,0.0669069577399385
"dgp3",6,30,20272006,19,2,0
"dgp3",6,30,20272006,20,2,0
"dgp3",6,30,20272006,21,2,0
"dgp3",6,30,20272006,22,2,0.0669069577399385
"dgp3",6,30,20272006,23,2,0
"dgp3",6,30,20272006,24,2,0
"dgp3",6,30,20272006,25,2,0.0669069577399385
"dgp3",6,30,20272006,26,2,0
"dgp3",6,30,20272006,27,2,0
"dgp3",6,30,20272006,28,2,0
"dgp3",6,30,20272006,29,2,0
"dgp3",6,30,20272006,30,2,0
"dgp3",6,30,20272006,1,3,0.0669069577399385
"dgp3",6,30,20272006,2,3,0.0669069577399385
"dgp3",6,30,20272006,3,3,0.0669069577399385
"dgp3",6,30,20272006,4,3,0.0669069577399385
"dgp3",6,30,20272006,5,3,0.0669069577399385
"dgp3",6,30,20272006,6,3,0
"dgp3",6,30,20272006,7,3,0
"dgp3",6,30,20272006,8,3,0.0669069577399385
"dgp3",6,30,20272006,9,3,0
"dgp3",6,30,20272006,10,3,0.0669069577399385
"dgp3",6,30,20272006,11,3,0
"dgp3",6,30,20272006,12,3,0
"dgp3",6,30,20272006,13,3,0.0669069577399385
"dgp3",6,30,20272006,14,3,0.0669069577399385
"dgp3",6,30,20272006,15,3,0.0669069577399385
"dgp3",6,30,20272006,16,3,0
"dgp3",6,30,20272006,17,3,0
"dgp3",6,30,20272006,18,3,0
"dgp3",6,30,20272006,19,3,0
"dgp3",6,30,20272006,20,3,0
"dgp3",6,30,20272006,21,3,0
"dgp3",6,30,20272006,22,3,0
"dgp3",6,30,20272006,23,3,0
"dgp3",6,30,20272006,24,3,0
"dgp3",6,30,20272006,25,3,0
"dgp3",6,30,20272006,26,3,0.0669069577399385
"dgp3",6,30,20272006,27,3,0
"dgp3",6,30,20272006,28,3,0
"dgp3",6,30,20272006,29,3,0
"dgp3",6,30,20272006,30,3,0
"dgp3",6,30,20272006,1,4,0.0669069577399385
"dgp3",6,30,20272006,2,4,0.0669069577399385
"dgp3",6,30,20272006,3,4,0.0669069577399385
"dgp3",6,30,20272006,4,4,0.0669069577399385
"dgp3",6,30,20272006,5,4,0.0669069577399385
"dgp3",6,30,20272006,6,4,0
"dgp3",6,30,20272006,7,4,0.0669069577399385
"dgp3",6,30,20272006,8,4,0.0669069577399385
"dgp3",6,30,20272006,9,4,0
"dgp3",6,30,20272006,10,4,0.0669069577399385
"dgp3",6,30,20272006,11,4,0.0669069577399385
"dgp3",6,30,20272006,12,4,0.0669069577399385
"dgp3",6,30,20272006,13,4,0.0669069577399385
"dgp3",6,30,20272006,14,4,0.0669069577399385
"dgp3",6,30,20272006,15,4,0.0669069577399385
"dgp3",6,30,20272006,16,4,0
"dgp3",6,30,20272006,17,4,0
"dgp3",6,30,20272006,18,4,0
"dgp3",6,30,20272006,19,4,0
"dgp3",6,30,20272006,20,4,0
"dgp3",6,30,20272006,21,4,0
"dgp3",6,30,20272006,22,4,0
"dgp3",6,30,20272006,23,4,0.0669069577399385
"dgp3",6,30,20272006,24,4,0
"dgp3",6,30,20272006,25,4,0
"dgp3",6,30,20272006,26,4,0
"dgp3",6,30,20272006,27,4,0
"dgp3",6,30,20272006,28,4,0
"dgp3",6,30,20272006,29,4,0
"dgp3",6,30,20272006,30,4,0
"dgp3",6,30,20272006,1,5,0.0669069577399385
"dgp3",6,30,20272006,2,5,0
"dgp3",6,30,20272006,3,5,0
"dgp3",6,30,20272006,4,5,0.0669069577399385
"dgp3",6,30,20272006,5,5,0.0669069577399385
"dgp3",6,30,20272006,6,5,0
"dgp3",6,30,20272006,7,5,0.0669069577399385
"dgp3",6,30,20272006,8,5,0.0669069577399385
"dgp3",6,30,20272006,9,5,0.0669069577399385
"dgp3",6,30,20272006,10,5,0.0669069577399385
"dgp3",6,30,20272006,11,5,0.0669069577399385
"dgp3",6,30,20272006,12,5,0.0669069577399385
"dgp3",6,30,20272006,13,5,0.0669069577399385
"dgp3",6,30,20272006,14,5,0.0669069577399385
"dgp3",6,30,20272006,15,5,0
"dgp3",6,30,20272006,16,5,0
"dgp3",6,30,20272006,17,5,0.0669069577399385
"dgp3",6,30,20272006,18,5,0
"dgp3",6,30,20272006,19,5,0
"dgp3",6,30,20272006,20,5,0
"dgp3",6,30,20272006,21,5,0.0669069577399385
"dgp3",6,30,20272006,22,5,0
"dgp3",6,30,20272006,23,5,0.0669069577399385
"dgp3",6,30,20272006,24,5,0
"dgp3",6,30,20272006,25,5,0
"dgp3",6,30,20272006,26,5,0
"dgp3",6,30,20272006,27,5,0
"dgp3",6,30,20272006,28,5,0
"dgp3",6,30,20272006,29,5,0
"dgp3",6,30,20272006,30,5,0
"dgp3",6,30,20272006,1,6,0.0669069577399385
"dgp3",6,30,20272006,2,6,0.0669069577399385
"dgp3",6,30,20272006,3,6,0.0669069577399385
"dgp3",6,30,20272006,4,6,0.0669069577399385
"dgp3",6,30,20272006,5,6,0
"dgp3",6,30,20272006,6,6,0.0669069577399385
"dgp3",6,30,20272006,7,6,0
"dgp3",6,30,20272006,8,6,0.0669069577399385
"dgp3",6,30,20272006,9,6,0.0669069577399385
"dgp3",6,30,20272006,10,6,0.0669069577399385
"dgp3",6,30,20272006,11,6,0.0669069577399385
"dgp3",6,30,20272006,12,6,0.0669069577399385
"dgp3",6,30,20272006,13,6,0
"dgp3",6,30,20272006,14,6,0.0669069577399385
"dgp3",6,30,20272006,15,6,0.0669069577399385
"dgp3",6,30,20272006,16,6,0
"dgp3",6,30,20272006,17,6,0
"dgp3",6,30,20272006,18,6,0
"dgp3",6,30,20272006,19,6,0
"dgp3",6,30,20272006,20,6,0
"dgp3",6,30,20272006,21,6,0
"dgp3",6,30,20272006,22,6,0
"dgp3",6,30,20272006,23,6,0.0669069577399385
"dgp3",6,30,20272006,24,6,0
"dgp3",6,30,20272006,25,6,0.0669069577399385
"dgp3",6,30,20272006,26,6,0
"dgp3",6,30,20272006,27,6,0
"dgp3",6,30,20272006,28,6,0.0669069577399385
"dgp3",6,30,20272006,29,6,0
"dgp3",6,30,20272006,30,6,0.0669069577399385
"dgp3",6,30,20272006,1,7,0.0669069577399385
"dgp3",6,30,20272006,2,7,0.0669069577399385
"dgp3",6,30,20272006,3,7,0
"dgp3",6,30,20272006,4,7,0.0669069577399385
"dgp3",6,30,20272006,5,7,0.0669069577399385
"dgp3",6,30,20272006,6,7,0.0669069577399385
"dgp3",6,30,20272006,7,7,0.0669069577399385
"dgp3",6,30,20272006,8,7,0.0669069577399385
"dgp3",6,30,20272006,9,7,0.0669069577399385
"dgp3",6,30,20272006,10,7,0.0669069577399385
"dgp3",6,30,20272006,11,7,0.0669069577399385
"dgp3",6,30,20272006,12,7,0
"dgp3",6,30,20272006,13,7,0.0669069577399385
"dgp3",6,30,20272006,14,7,0
"dgp3",6,30,20272006,15,7,0.0669069577399385
"dgp3",6,30,20272006,16,7,0
"dgp3",6,30,20272006,17,7,0
"dgp3",6,30,20272006,18,7,0
"dgp3",6,30,20272006,19,7,0
"dgp3",6,30,20272006,20,7,0
"dgp3",6,30,20272006,21,7,0
"dgp3",6,30,20272006,22,7,0
"dgp3",6,30,20272006,23,7,0
"dgp3",6,30,20272006,24,7,0.0669069577399385
"dgp3",6,30,20272006,25,7,0
"dgp3",6,30,20272006,26,7,0
"dgp3",6,30,20272006,27,7,0
"dgp3",6,30,20272006,28,7,0
"dgp3",6,30,20272006,29,7,0
"dgp3",6,30,20272006,30,7,0
"dgp3",6,30,20272006,1,8,0.0669069577399385
"dgp3",6,30,20272006,2,8,0.0669069577399385
"dgp3",6,30,20272006,3,8,0.0669069577399385
"dgp3",6,30,20272006,4,8,0.0669069577399385
"dgp3",6,30,20272006,5,8,0.0669069577399385
"dgp3",6,30,20272006,6,8,0.0669069577399385
"dgp3",6,30,20272006,7,8,0.0669069577399385
"dgp3",6,30,20272006,8,8,0.0669069577399385
"dgp3",6,30,20272006,9,8,0
"dgp3",6,30,20272006,10,8,0.0669069577399385
"dgp3",6,30,20272006,11,8,0
"dgp3",6,30,20272006,12,8,0
"dgp3",6,30,20272006,13,8,0.0669069577399385
"dgp3",6,30,20272006,14,8,0
"dgp3",6,30,20272006,15,8,0.0669069577399385
"dgp3",6,30,20272006,16,8,0
"dgp3",6,30,20272006,17,8,0
"dgp3",6,30,20272006,18,8,0
"dgp3",6,30,20272006,19,8,0
"dgp3",6,30,20272006,20,8,0
"dgp3",6,30,20272006,21,8,0.0669069577399385
"dgp3",6,30,20272006,22,8,0
"dgp3",6,30,20272006,23,8,0
"dgp3",6,30,20272006,24,8,0
"dgp3",6,30,20272006,25,8,0
"dgp3",6,30,20272006,26,8,0
"dgp3",6,30,20272006,27,8,0
"dgp3",6,30,20272006,28,8,0
"dgp3",6,30,20272006,29,8,0
"dgp3",6,30,20272006,30,8,0
"dgp3",6,30,20272006,1,9,0.0669069577399385
"dgp3",6,30,20272006,2,9,0.0669069577399385
"dgp3",6,30,20272006,3,9,0.0669069577399385
"dgp3",6,30,20272006,4,9,0.0669069577399385
"dgp3",6,30,20272006,5,9,0.0669069577399385
"dgp3",6,30,20272006,6,9,0.0669069577399385
"dgp3",6,30,20272006,7,9,0.0669069577399385
"dgp3",6,30,20272006,8,9,0.0669069577399385
"dgp3",6,30,20272006,9,9,0.0669069577399385
"dgp3",6,30,20272006,10,9,0.0669069577399385
"dgp3",6,30,20272006,11,9,0.0669069577399385
"dgp3",6,30,20272006,12,9,0
"dgp3",6,30,20272006,13,9,0.0669069577399385
"dgp3",6,30,20272006,14,9,0
"dgp3",6,30,20272006,15,9,0.0669069577399385
"dgp3",6,30,20272006,16,9,0
"dgp3",6,30,20272006,17,9,0
"dgp3",6,30,20272006,18,9,0
"dgp3",6,30,20272006,19,9,0
"dgp3",6,30,20272006,20,9,0
"dgp3",6,30,20272006,21,9,0
"dgp3",6,30,20272006,22,9,0
"dgp3",6,30,20272006,23,9,0
"dgp3",6,30,20272006,24,9,0.0669069577399385
"dgp3",6,30,20272006,25,9,0
"dgp3",6,30,20272006,26,9,0
"dgp3",6,30,20272006,27,9,0.0669069577399385
"dgp3",6,30,20272006,28,9,0
"dgp3",6,30,20272006,29,9,0
"dgp3",6,30,20272006,30,9,0
"dgp3",6,30,20272006,1,10,0
"dgp3",6,30,20272006,2,10,0.0669069577399385
"dgp3",6,30,20272006,3,10,0.0669069577399385
"dgp3",6,30,20272006,4,10,0.0669069577399385
"dgp3",6,30,20272006,5,10,0.0669069577399385
"dgp3",6,30,20272006,6,10,0.0669069577399385
"dgp3",6,30,20272006,7,10,0.0669069577399385
"dgp3",6,30,20272006,8,10,0.0669069577399385
"dgp3",6,30,20272006,9,10,0.0669069577399385
"dgp3",6,30,20272006,10,10,0.0669069577399385
"dgp3",6,30,20272006,11,10,0.0669069577399385
"dgp3",6,30,20272006,12,10,0
"dgp3",6,30,20272006,13,10,0
"dgp3",6,30,20272006,14,10,0
"dgp3",6,30,20272006,15,10,0.0669069577399385
"dgp3",6,30,20272006,16,10,0
"dgp3",6,30,20272006,17,10,0
"dgp3",6,30,20272006,18,10,0.0669069577399385
"dgp3",6,30,20272006,19,10,0.0669069577399385
"dgp3",6,30,20272006,20,10,0
"dgp3",6,30,20272006,21,10,0
"dgp3",6,30,20272006,22,10,0
"dgp3",6,30,20272006,23,10,0
"dgp3",6,30,20272006,24,10,0
"dgp3",6,30,20272006,25,10,0
"dgp3",6,30,20272006,26,10,0
"dgp3",6,30,20272006,27,10,0
"dgp3",6,30,20272006,28,10,0
"dgp3",6,30,20272006,29,10,0
"dgp3",6,30,20272006,30,10,0
"dgp3",6,30,20272006,1,11,0.0669069577399385
"dgp3",6,30,20272006,2,11,0.0669069577399385
"dgp3",6,30,20272006,3,11,0.0669069577399385
"dgp3",6,30,20272006,4,11,0.0669069577399385
"dgp3",6,30,20272006,5,11,0.0669069577399385
"dgp3",6,30,20272006,6,11,0.0669069577399385
"dgp3",6,30,20272006,7,11,0.0669069577399385
"dgp3",6,30,20272006,8,11,0.0669069577399385
"dgp3",6,30,20272006,9,11,0.0669069577399385
"dgp3",6,30,20272006,10,11,0.0669069577399385
"dgp3",6,30,20272006,11,11,0.0669069577399385
"dgp3",6,30,20272006,12,11,0
"dgp3",6,30,20272006,13,11,0.0669069577399385
"dgp3",6,30,20272006,14,11,0
"dgp3",6,30,20272006,15,11,0
"dgp3",6,30,20272006,16,11,0.0669069577399385
"dgp3",6,30,20272006,17,11,0
"dgp3",6,30,20272006,18,11,0
"dgp3",6,30,20272006,19,11,0.0669069577399385
"dgp3",6,30,20272006,20,11,0.0669069577399385
"dgp3",6,30,20272006,21,11,0
"dgp3",6,30,20272006,22,11,0
"dgp3",6,30,20272006,23,11,0
"dgp3",6,30,20272006,24,11,0
"dgp3",6,30,20272006,25,11,0
"dgp3",6,30,20272006,26,11,0
"dgp3",6,30,20272006,27,11,0
"dgp3",6,30,20272006,28,11,0
"dgp3",6,30,20272006,29,11,0
"dgp3",6,30,20272006,30,11,0
"dgp3",6,30,20272006,1,12,0.0669069577399385
"dgp3",6,30,20272006,2,12,0.0669069577399385
"dgp3",6,30,20272006,3,12,0.0669069577399385
"dgp3",6,30,20272006,4,12,0
"dgp3",6,30,20272006,5,12,0.0669069577399385
"dgp3",6,30,20272006,6,12,0.0669069577399385
"dgp3",6,30,20272006,7,12,0.0669069577399385
"dgp3",6,30,20272006,8,12,0
"dgp3",6,30,20272006,9,12,0.0669069577399385
"dgp3",6,30,20272006,10,12,0
"dgp3",6,30,20272006,11,12,0
"dgp3",6,30,20272006,12,12,0.0669069577399385
"dgp3",6,30,20272006,13,12,0.0669069577399385
"dgp3",6,30,20272006,14,12,0.0669069577399385
"dgp3",6,30,20272006,15,12,0.0669069577399385
"dgp3",6,30,20272006,16,12,0
"dgp3",6,30,20272006,17,12,0
"dgp3",6,30,20272006,18,12,0
"dgp3",6,30,20272006,19,12,0
"dgp3",6,30,20272006,20,12,0
"dgp3",6,30,20272006,21,12,0
"dgp3",6,30,20272006,22,12,0
"dgp3",6,30,20272006,23,12,0
"dgp3",6,30,20272006,24,12,0
"dgp3",6,30,20272006,25,12,0
"dgp3",6,30,20272006,26,12,0
"dgp3",6,30,20272006,27,12,0
"dgp3",6,30,20272006,28,12,0
"dgp3",6,30,20272006,29,12,0.0669069577399385
"dgp3",6,30,20272006,30,12,0
"dgp3",6,30,20272006,1,13,0.0669069577399385
"dgp3",6,30,20272006,2,13,0.0669069577399385
"dgp3",6,30,20272006,3,13,0.0669069577399385
"dgp3",6,30,20272006,4,13,0.0669069577399385
"dgp3",6,30,20272006,5,13,0
"dgp3",6,30,20272006,6,13,0.0669069577399385
"dgp3",6,30,20272006,7,13,0
"dgp3",6,30,20272006,8,13,0.0669069577399385
"dgp3",6,30,20272006,9,13,0.0669069577399385
"dgp3",6,30,20272006,10,13,0.0669069577399385
"dgp3",6,30,20272006,11,13,0.0669069577399385
"dgp3",6,30,20272006,12,13,0.0669069577399385
"dgp3",6,30,20272006,13,13,0.0669069577399385
"dgp3",6,30,20272006,14,13,0.0669069577399385
"dgp3",6,30,20272006,15,13,0
"dgp3",6,30,20272006,16,13,0
"dgp3",6,30,20272006,17,13,0
"dgp3",6,30,20272006,18,13,0
"dgp3",6,30,20272006,19,13,0
"dgp3",6,30,20272006,20,13,0
"dgp3",6,30,20272006,21,13,0
"dgp3",6,30,20272006,22,13,0.0669069577399385
"dgp3",6,30,20272006,23,13,0
"dgp3",6,30,20272006,24,13,0
"dgp3",6,30,20272006,25,13,0
"dgp3",6,30,20272006,26,13,0
"dgp3",6,30,20272006,27,13,0
"dgp3",6,30,20272006,28,13,0
"dgp3",6,30,20272006,29,13,0.0669069577399385
"dgp3",6,30,20272006,30,13,0
"dgp3",6,30,20272006,1,14,0.0669069577399385
"dgp3",6,30,20272006,2,14,0.0669069577399385
"dgp3",6,30,20272006,3,14,0
"dgp3",6,30,20272006,4,14,0.0669069577399385
"dgp3",6,30,20272006,5,14,0
"dgp3",6,30,20272006,6,14,0.0669069577399385
"dgp3",6,30,20272006,7,14,0.0669069577399385
"dgp3",6,30,20272006,8,14,0.0669069577399385
"dgp3",6,30,20272006,9,14,0.0669069577399385
"dgp3",6,30,20272006,10,14,0.0669069577399385
"dgp3",6,30,20272006,11,14,0.0669069577399385
"dgp3",6,30,20272006,12,14,0.0669069577399385
"dgp3",6,30,20272006,13,14,0.0669069577399385
"dgp3",6,30,20272006,14,14,0.0669069577399385
"dgp3",6,30,20272006,15,14,0.0669069577399385
"dgp3",6,30,20272006,16,14,0
"dgp3",6,30,20272006,17,14,0
"dgp3",6,30,20272006,18,14,0
"dgp3",6,30,20272006,19,14,0.0669069577399385
"dgp3",6,30,20272006,20,14,0
"dgp3",6,30,20272006,21,14,0
"dgp3",6,30,20272006,22,14,0.0669069577399385
"dgp3",6,30,20272006,23,14,0
"dgp3",6,30,20272006,24,14,0
"dgp3",6,30,20272006,25,14,0
"dgp3",6,30,20272006,26,14,0
"dgp3",6,30,20272006,27,14,0
"dgp3",6,30,20272006,28,14,0
"dgp3",6,30,20272006,29,14,0
"dgp3",6,30,20272006,30,14,0
"dgp3",6,30,20272006,1,15,0.0669069577399385
"dgp3",6,30,20272006,2,15,0.0669069577399385
"dgp3",6,30,20272006,3,15,0.0669069577399385
"dgp3",6,30,20272006,4,15,0
"dgp3",6,30,20272006,5,15,0.0669069577399385
"dgp3",6,30,20272006,6,15,0
"dgp3",6,30,20272006,7,15,0.0669069577399385
"dgp3",6,30,20272006,8,15,0.0669069577399385
"dgp3",6,30,20272006,9,15,0.0669069577399385
"dgp3",6,30,20272006,10,15,0.0669069577399385
"dgp3",6,30,20272006,11,15,0.0669069577399385
"dgp3",6,30,20272006,12,15,0.0669069577399385
"dgp3",6,30,20272006,13,15,0.0669069577399385
"dgp3",6,30,20272006,14,15,0.0669069577399385
"dgp3",6,30,20272006,15,15,0.0669069577399385
"dgp3",6,30,20272006,16,15,0
"dgp3",6,30,20272006,17,15,0
"dgp3",6,30,20272006,18,15,0
"dgp3",6,30,20272006,19,15,0
"dgp3",6,30,20272006,20,15,0
"dgp3",6,30,20272006,21,15,0
"dgp3",6,30,20272006,22,15,0
"dgp3",6,30,20272006,23,15,0
"dgp3",6,30,20272006,24,15,0
"dgp3",6,30,20272006,25,15,0
"dgp3",6,30,20272006,26,15,0
"dgp3",6,30,20272006,27,15,0
"dgp3",6,30,20272006,28,15,0.0669069577399385
"dgp3",6,30,20272006,29,15,0
"dgp3",6,30,20272006,30,15,0
"dgp3",6,30,20272006,1,16,0
"dgp3",6,30,20272006,2,16,0
"dgp3",6,30,20272006,3,16,0
"dgp3",6,30,20272006,4,16,0.0669069577399385
"dgp3",6,30,20272006,5,16,0.0669069577399385
"dgp3",6,30,20272006,6,16,0
"dgp3",6,30,20272006,7,16,0
"dgp3",6,30,20272006,8,16,0
"dgp3",6,30,20272006,9,16,0
"dgp3",6,30,20272006,10,16,0
"dgp3",6,30,20272006,11,16,0
"dgp3",6,30,20272006,12,16,0
"dgp3",6,30,20272006,13,16,0
"dgp3",6,30,20272006,14,16,0
"dgp3",6,30,20272006,15,16,0
"dgp3",6,30,20272006,16,16,0.0669069577399385
"dgp3",6,30,20272006,17,16,0.0669069577399385
"dgp3",6,30,20272006,18,16,0.0669069577399385
"dgp3",6,30,20272006,19,16,0.0669069577399385
"dgp3",6,30,20272006,20,16,0
"dgp3",6,30,20272006,21,16,0
"dgp3",6,30,20272006,22,16,0.0669069577399385
"dgp3",6,30,20272006,23,16,0
"dgp3",6,30,20272006,24,16,0.0669069577399385
"dgp3",6,30,20272006,25,16,0
"dgp3",6,30,20272006,26,16,0
"dgp3",6,30,20272006,27,16,0.0669069577399385
"dgp3",6,30,20272006,28,16,0
"dgp3",6,30,20272006,29,16,0.0669069577399385
"dgp3",6,30,20272006,30,16,0.0669069577399385
"dgp3",6,30,20272006,1,17,0
"dgp3",6,30,20272006,2,17,0
"dgp3",6,30,20272006,3,17,0
"dgp3",6,30,20272006,4,17,0
"dgp3",6,30,20272006,5,17,0
"dgp3",6,30,20272006,6,17,0.0669069577399385
"dgp3",6,30,20272006,7,17,0
"dgp3",6,30,20272006,8,17,0
"dgp3",6,30,20272006,9,17,0
"dgp3",6,30,20272006,10,17,0
"dgp3",6,30,20272006,11,17,0.0669069577399385
"dgp3",6,30,20272006,12,17,0
"dgp3",6,30,20272006,13,17,0
"dgp3",6,30,20272006,14,17,0.0669069577399385
"dgp3",6,30,20272006,15,17,0
"dgp3",6,30,20272006,16,17,0.0669069577399385
"dgp3",6,30,20272006,17,17,0.0669069577399385
"dgp3",6,30,20272006,18,17,0.0669069577399385
"dgp3",6,30,20272006,19,17,0.0669069577399385
"dgp3",6,30,20272006,20,17,0
"dgp3",6,30,20272006,21,17,0.0669069577399385
"dgp3",6,30,20272006,22,17,0.0669069577399385
"dgp3",6,30,20272006,23,17,0.0669069577399385
"dgp3",6,30,20272006,24,17,0.0669069577399385
"dgp3",6,30,20272006,25,17,0.0669069577399385
"dgp3",6,30,20272006,26,17,0
"dgp3",6,30,20272006,27,17,0.0669069577399385
"dgp3",6,30,20272006,28,17,0.0669069577399385
"dgp3",6,30,20272006,29,17,0.0669069577399385
"dgp3",6,30,20272006,30,17,0
"dgp3",6,30,20272006,1,18,0
"dgp3",6,30,20272006,2,18,0
"dgp3",6,30,20272006,3,18,0
"dgp3",6,30,20272006,4,18,0
"dgp3",6,30,20272006,5,18,0
"dgp3",6,30,20272006,6,18,0
"dgp3",6,30,20272006,7,18,0.0669069577399385
"dgp3",6,30,20272006,8,18,0
"dgp3",6,30,20272006,9,18,0
"dgp3",6,30,20272006,10,18,0
"dgp3",6,30,20272006,11,18,0
"dgp3",6,30,20272006,12,18,0
"dgp3",6,30,20272006,13,18,0
"dgp3",6,30,20272006,14,18,0
"dgp3",6,30,20272006,15,18,0
"dgp3",6,30,20272006,16,18,0.0669069577399385
"dgp3",6,30,20272006,17,18,0.0669069577399385
"dgp3",6,30,20272006,18,18,0.0669069577399385
"dgp3",6,30,20272006,19,18,0.0669069577399385
"dgp3",6,30,20272006,20,18,0.0669069577399385
"dgp3",6,30,20272006,21,18,0.0669069577399385
"dgp3",6,30,20272006,22,18,0.0669069577399385
"dgp3",6,30,20272006,23,18,0.0669069577399385
"dgp3",6,30,20272006,24,18,0
"dgp3",6,30,20272006,25,18,0.0669069577399385
"dgp3",6,30,20272006,26,18,0.0669069577399385
"dgp3",6,30,20272006,27,18,0
"dgp3",6,30,20272006,28,18,0.0669069577399385
"dgp3",6,30,20272006,29,18,0
"dgp3",6,30,20272006,30,18,0
"dgp3",6,30,20272006,1,19,0
"dgp3",6,30,20272006,2,19,0
"dgp3",6,30,20272006,3,19,0.0669069577399385
"dgp3",6,30,20272006,4,19,0
"dgp3",6,30,20272006,5,19,0
"dgp3",6,30,20272006,6,19,0
"dgp3",6,30,20272006,7,19,0
"dgp3",6,30,20272006,8,19,0
"dgp3",6,30,20272006,9,19,0
"dgp3",6,30,20272006,10,19,0
"dgp3",6,30,20272006,11,19,0
"dgp3",6,30,20272006,12,19,0
"dgp3",6,30,20272006,13,19,0
"dgp3",6,30,20272006,14,19,0.0669069577399385
"dgp3",6,30,20272006,15,19,0
"dgp3",6,30,20272006,16,19,0.0669069577399385
"dgp3",6,30,20272006,17,19,0
"dgp3",6,30,20272006,18,19,0.0669069577399385
"dgp3",6,30,20272006,19,19,0.0669069577399385
"dgp3",6,30,20272006,20,19,0
"dgp3",6,30,20272006,21,19,0.0669069577399385
"dgp3",6,30,20272006,22,19,0.0669069577399385
"dgp3",6,30,20272006,23,19,0
"dgp3",6,30,20272006,24,19,0.0669069577399385
"dgp3",6,30,20272006,25,19,0.0669069577399385
"dgp3",6,30,20272006,26,19,0.0669069577399385
"dgp3",6,30,20272006,27,19,0
"dgp3",6,30,20272006,28,19,0.0669069577399385
"dgp3",6,30,20272006,29,19,0.0669069577399385
"dgp3",6,30,20272006,30,19,0.0669069577399385
"dgp3",6,30,20272006,1,20,0
"dgp3",6,30,20272006,2,20,0
"dgp3",6,30,20272006,3,20,0
"dgp3",6,30,20272006,4,20,0
"dgp3",6,30,20272006,5,20,0
"dgp3",6,30,20272006,6,20,0
"dgp3",6,30,20272006,7,20,0
"dgp3",6,30,20272006,8,20,0
"dgp3",6,30,20272006,9,20,0
"dgp3",6,30,20272006,10,20,0
"dgp3",6,30,20272006,11,20,0
"dgp3",6,30,20272006,12,20,0
"dgp3",6,30,20272006,13,20,0
"dgp3",6,30,20272006,14,20,0
"dgp3",6,30,20272006,15,20,0
"dgp3",6,30,20272006,16,20,0.0669069577399385
"dgp3",6,30,20272006,17,20,0.0669069577399385
"dgp3",6,30,20272006,18,20,0.0669069577399385
"dgp3",6,30,20272006,19,20,0.0669069577399385
"dgp3",6,30,20272006,20,20,0.0669069577399385
"dgp3",6,30,20272006,21,20,0
"dgp3",6,30,20272006,22,20,0.0669069577399385
"dgp3",6,30,20272006,23,20,0.0669069577399385
"dgp3",6,30,20272006,24,20,0.0669069577399385
"dgp3",6,30,20272006,25,20,0.0669069577399385
"dgp3",6,30,20272006,26,20,0.0669069577399385
"dgp3",6,30,20272006,27,20,0
"dgp3",6,30,20272006,28,20,0.0669069577399385
"dgp3",6,30,20272006,29,20,0
"dgp3",6,30,20272006,30,20,0.0669069577399385
"dgp3",6,30,20272006,1,21,0
"dgp3",6,30,20272006,2,21,0
"dgp3",6,30,20272006,3,21,0
"dgp3",6,30,20272006,4,21,0
"dgp3",6,30,20272006,5,21,0
"dgp3",6,30,20272006,6,21,0
"dgp3",6,30,20272006,7,21,0
"dgp3",6,30,20272006,8,21,0
"dgp3",6,30,20272006,9,21,0
"dgp3",6,30,20272006,10,21,0
"dgp3",6,30,20272006,11,21,0
"dgp3",6,30,20272006,12,21,0
"dgp3",6,30,20272006,13,21,0
"dgp3",6,30,20272006,14,21,0
"dgp3",6,30,20272006,15,21,0
"dgp3",6,30,20272006,16,21,0.0669069577399385
"dgp3",6,30,20272006,17,21,0.0669069577399385
"dgp3",6,30,20272006,18,21,0.0669069577399385
"dgp3",6,30,20272006,19,21,0.0669069577399385
"dgp3",6,30,20272006,20,21,0.0669069577399385
"dgp3",6,30,20272006,21,21,0.0669069577399385
"dgp3",6,30,20272006,22,21,0.0669069577399385
"dgp3",6,30,20272006,23,21,0.0669069577399385
"dgp3",6,30,20272006,24,21,0
"dgp3",6,30,20272006,25,21,0.0669069577399385
"dgp3",6,30,20272006,26,21,0.0669069577399385
"dgp3",6,30,20272006,27,21,0.0669069577399385
"dgp3",6,30,20272006,28,21,0.0669069577399385
"dgp3",6,30,20272006,29,21,0.0669069577399385
"dgp3",6,30,20272006,30,21,0.0669069577399385
"dgp3",6,30,20272006,1,22,0.0669069577399385
"dgp3",6,30,20272006,2,22,0
"dgp3",6,30,20272006,3,22,0
"dgp3",6,30,20272006,4,22,0
"dgp3",6,30,20272006,5,22,0
"dgp3",6,30,20272006,6,22,0
"dgp3",6,30,20272006,7,22,0
"dgp3",6,30,20272006,8,22,0
"dgp3",6,30,20272006,9,22,0
"dgp3",6,30,20272006,10,22,0.0669069577399385
"dgp3",6,30,20272006,11,22,0
"dgp3",6,30,20272006,12,22,0
"dgp3",6,30,20272006,13,22,0
"dgp3",6,30,20272006,14,22,0
"dgp3",6,30,20272006,15,22,0
"dgp3",6,30,20272006,16,22,0.0669069577399385
"dgp3",6,30,20272006,17,22,0.0669069577399385
"dgp3",6,30,20272006,18,22,0.0669069577399385
"dgp3",6,30,20272006,19,22,0
"dgp3",6,30,20272006,20,22,0.0669069577399385
"dgp3",6,30,20272006,21,22,0.0669069577399385
"dgp3",6,30,20272006,22,22,0.0669069577399385
"dgp3",6,30,20272006,23,22,0.0669069577399385
"dgp3",6,30,20272006,24,22,0.0669069577399385
"dgp3",6,30,20272006,25,22,0
"dgp3",6,30,20272006,26,22,0
"dgp3",6,30,20272006,27,22,0.0669069577399385
"dgp3",6,30,20272006,28,22,0.0669069577399385
"dgp3",6,30,20272006,29,22,0.0669069577399385
"dgp3",6,30,20272006,30,22,0.0669069577399385
"dgp3",6,30,20272006,1,23,0
"dgp3",6,30,20272006,2,23,0
"dgp3",6,30,20272006,3,23,0
"dgp3",6,30,20272006,4,23,0.0669069577399385
"dgp3",6,30,20272006,5,23,0
"dgp3",6,30,20272006,6,23,0
"dgp3",6,30,20272006,7,23,0
"dgp3",6,30,20272006,8,23,0
"dgp3",6,30,20272006,9,23,0
"dgp3",6,30,20272006,10,23,0
"dgp3",6,30,20272006,11,23,0
"dgp3",6,30,20272006,12,23,0
"dgp3",6,30,20272006,13,23,0
"dgp3",6,30,20272006,14,23,0
"dgp3",6,30,20272006,15,23,0
"dgp3",6,30,20272006,16,23,0.0669069577399385
"dgp3",6,30,20272006,17,23,0.0669069577399385
"dgp3",6,30,20272006,18,23,0.0669069577399385
"dgp3",6,30,20272006,19,23,0
"dgp3",6,30,20272006,20,23,0.0669069577399385
"dgp3",6,30,20272006,21,23,0
"dgp3",6,30,20272006,22,23,0.0669069577399385
"dgp3",6,30,20272006,23,23,0.0669069577399385
"dgp3",6,30,20272006,24,23,0.0669069577399385
"dgp3",6,30,20272006,25,23,0.0669069577399385
"dgp3",6,30,20272006,26,23,0.0669069577399385
"dgp3",6,30,20272006,27,23,0.0669069577399385
"dgp3",6,30,20272006,28,23,0.0669069577399385
"dgp3",6,30,20272006,29,23,0
"dgp3",6,30,20272006,30,23,0.0669069577399385
"dgp3",6,30,20272006,1,24,0
"dgp3",6,30,20272006,2,24,0
"dgp3",6,30,20272006,3,24,0
"dgp3",6,30,20272006,4,24,0
"dgp3",6,30,20272006,5,24,0
"dgp3",6,30,20272006,6,24,0
"dgp3",6,30,20272006,7,24,0
"dgp3",6,30,20272006,8,24,0
"dgp3",6,30,20272006,9,24,0
"dgp3",6,30,20272006,10,24,0
"dgp3",6,30,20272006,11,24,0
"dgp3",6,30,20272006,12,24,0
"dgp3",6,30,20272006,13,24,0
"dgp3",6,30,20272006,14,24,0
"dgp3",6,30,20272006,15,24,0
"dgp3",6,30,20272006,16,24,0.0669069577399385
"dgp3",6,30,20272006,17,24,0.0669069577399385
"dgp3",6,30,20272006,18,24,0.0669069577399385
"dgp3",6,30,20272006,19,24,0.0669069577399385
"dgp3",6,30,20272006,20,24,0.0669069577399385
"dgp3",6,30,20272006,21,24,0
"dgp3",6,30,20272006,22,24,0.0669069577399385
"dgp3",6,30,20272006,23,24,0.0669069577399385
"dgp3",6,30,20272006,24,24,0.0669069577399385
"dgp3",6,30,20272006,25,24,0.0669069577399385
"dgp3",6,30,20272006,26,24,0.0669069577399385
"dgp3",6,30,20272006,27,24,0
"dgp3",6,30,20272006,28,24,0
"dgp3",6,30,20272006,29,24,0.0669069577399385
"dgp3",6,30,20272006,30,24,0.0669069577399385
"dgp3",6,30,20272006,1,25,0
"dgp3",6,30,20272006,2,25,0
"dgp3",6,30,20272006,3,25,0
"dgp3",6,30,20272006,4,25,0
"dgp3",6,30,20272006,5,25,0
"dgp3",6,30,20272006,6,25,0
"dgp3",6,30,20272006,7,25,0
"dgp3",6,30,20272006,8,25,0
"dgp3",6,30,20272006,9,25,0.0669069577399385
"dgp3",6,30,20272006,10,25,0.0669069577399385
"dgp3",6,30,20272006,11,25,0
"dgp3",6,30,20272006,12,25,0
"dgp3",6,30,20272006,13,25,0
"dgp3",6,30,20272006,14,25,0
"dgp3",6,30,20272006,15,25,0
"dgp3",6,30,20272006,16,25,0.0669069577399385
"dgp3",6,30,20272006,17,25,0.0669069577399385
"dgp3",6,30,20272006,18,25,0.0669069577399385
"dgp3",6,30,20272006,19,25,0.0669069577399385
"dgp3",6,30,20272006,20,25,0.0669069577399385
"dgp3",6,30,20272006,21,25,0.0669069577399385
"dgp3",6,30,20272006,22,25,0
"dgp3",6,30,20272006,23,25,0.0669069577399385
"dgp3",6,30,20272006,24,25,0.0669069577399385
"dgp3",6,30,20272006,25,25,0.0669069577399385
"dgp3",6,30,20272006,26,25,0.0669069577399385
"dgp3",6,30,20272006,27,25,0.0669069577399385
"dgp3",6,30,20272006,28,25,0.0669069577399385
"dgp3",6,30,20272006,29,25,0.0669069577399385
"dgp3",6,30,20272006,30,25,0.0669069577399385
"dgp3",6,30,20272006,1,26,0
"dgp3",6,30,20272006,2,26,0
"dgp3",6,30,20272006,3,26,0.0669069577399385
"dgp3",6,30,20272006,4,26,0
"dgp3",6,30,20272006,5,26,0
"dgp3",6,30,20272006,6,26,0.0669069577399385
"dgp3",6,30,20272006,7,26,0.0669069577399385
"dgp3",6,30,20272006,8,26,0
"dgp3",6,30,20272006,9,26,0.0669069577399385
"dgp3",6,30,20272006,10,26,0
"dgp3",6,30,20272006,11,26,0
"dgp3",6,30,20272006,12,26,0
"dgp3",6,30,20272006,13,26,0.0669069577399385
"dgp3",6,30,20272006,14,26,0
"dgp3",6,30,20272006,15,26,0
"dgp3",6,30,20272006,16,26,0
"dgp3",6,30,20272006,17,26,0.0669069577399385
"dgp3",6,30,20272006,18,26,0.0669069577399385
"dgp3",6,30,20272006,19,26,0.0669069577399385
"dgp3",6,30,20272006,20,26,0
"dgp3",6,30,20272006,21,26,0
"dgp3",6,30,20272006,22,26,0
"dgp3",6,30,20272006,23,26,0.0669069577399385
"dgp3",6,30,20272006,24,26,0.0669069577399385
"dgp3",6,30,20272006,25,26,0.0669069577399385
"dgp3",6,30,20272006,26,26,0.0669069577399385
"dgp3",6,30,20272006,27,26,0.0669069577399385
"dgp3",6,30,20272006,28,26,0.0669069577399385
"dgp3",6,30,20272006,29,26,0.0669069577399385
"dgp3",6,30,20272006,30,26,0.0669069577399385
"dgp3",6,30,20272006,1,27,0.0669069577399385
"dgp3",6,30,20272006,2,27,0
"dgp3",6,30,20272006,3,27,0
"dgp3",6,30,20272006,4,27,0
"dgp3",6,30,20272006,5,27,0
"dgp3",6,30,20272006,6,27,0
"dgp3",6,30,20272006,7,27,0
"dgp3",6,30,20272006,8,27,0.0669069577399385
"dgp3",6,30,20272006,9,27,0
"dgp3",6,30,20272006,10,27,0
"dgp3",6,30,20272006,11,27,0
"dgp3",6,30,20272006,12,27,0
"dgp3",6,30,20272006,13,27,0
"dgp3",6,30,20272006,14,27,0
"dgp3",6,30,20272006,15,27,0
"dgp3",6,30,20272006,16,27,0.0669069577399385
"dgp3",6,30,20272006,17,27,0
"dgp3",6,30,20272006,18,27,0.0669069577399385
"dgp3",6,30,20272006,19,27,0.0669069577399385
"dgp3",6,30,20272006,20,27,0.0669069577399385
"dgp3",6,30,20272006,21,27,0.0669069577399385
"dgp3",6,30,20272006,22,27,0
"dgp3",6,30,20272006,23,27,0.0669069577399385
"dgp3",6,30,20272006,24,27,0
"dgp3",6,30,20272006,25,27,0.0669069577399385
"dgp3",6,30,20272006,26,27,0.0669069577399385
"dgp3",6,30,20272006,27,27,0.0669069577399385
"dgp3",6,30,20272006,28,27,0.0669069577399385
"dgp3",6,30,20272006,29,27,0.0669069577399385
"dgp3",6,30,20272006,30,27,0.0669069577399385
"dgp3",6,30,20272006,1,28,0.0669069577399385
"dgp3",6,30,20272006,2,28,0
"dgp3",6,30,20272006,3,28,0
"dgp3",6,30,20272006,4,28,0
"dgp3",6,30,20272006,5,28,0
"dgp3",6,30,20272006,6,28,0
"dgp3",6,30,20272006,7,28,0
"dgp3",6,30,20272006,8,28,0
"dgp3",6,30,20272006,9,28,0
"dgp3",6,30,20272006,10,28,0
"dgp3",6,30,20272006,11,28,0
"dgp3",6,30,20272006,12,28,0
"dgp3",6,30,20272006,13,28,0
"dgp3",6,30,20272006,14,28,0
"dgp3",6,30,20272006,15,28,0
"dgp3",6,30,20272006,16,28,0.0669069577399385
"dgp3",6,30,20272006,17,28,0
"dgp3",6,30,20272006,18,28,0.0669069577399385
"dgp3",6,30,20272006,19,28,0.0669069577399385
"dgp3",6,30,20272006,20,28,0.0669069577399385
"dgp3",6,30,20272006,21,28,0.0669069577399385
"dgp3",6,30,20272006,22,28,0
"dgp3",6,30,20272006,23,28,0.0669069577399385
"dgp3",6,30,20272006,24,28,0.0669069577399385
"dgp3",6,30,20272006,25,28,0.0669069577399385
"dgp3",6,30,20272006,26,28,0.0669069577399385
"dgp3",6,30,20272006,27,28,0
"dgp3",6,30,20272006,28,28,0.0669069577399385
"dgp3",6,30,20272006,29,28,0
"dgp3",6,30,20272006,30,28,0
"dgp3",6,30,20272006,1,29,0
"dgp3",6,30,20272006,2,29,0
"dgp3",6,30,20272006,3,29,0
"dgp3",6,30,20272006,4,29,0
"dgp3",6,30,20272006,5,29,0
"dgp3",6,30,20272006,6,29,0
"dgp3",6,30,20272006,7,29,0
"dgp3",6,30,20272006,8,29,0
"dgp3",6,30,20272006,9,29,0.0669069577399385
"dgp3",6,30,20272006,10,29,0
"dgp3",6,30,20272006,11,29,0
"dgp3",6,30,20272006,12,29,0
"dgp3",6,30,20272006,13,29,0
"dgp3",6,30,20272006,14,29,0
"dgp3",6,30,20272006,15,29,0
"dgp3",6,30,20272006,16,29,0.0669069577399385
"dgp3",6,30,20272006,17,29,0.0669069577399385
"dgp3",6,30,20272006,18,29,0.0669069577399385
"dgp3",6,30,20272006,19,29,0.0669069577399385
"dgp3",6,30,20272006,20,29,0
"dgp3",6,30,20272006,21,29,0
"dgp3",6,30,20272006,22,29,0
"dgp3",6,30,20272006,23,29,0.0669069577399385
"dgp3",6,30,20272006,24,29,0
"dgp3",6,30,20272006,25,29,0.0669069577399385
"dgp3",6,30,20272006,26,29,0
"dgp3",6,30,20272006,27,29,0
"dgp3",6,30,20272006,28,29,0
"dgp3",6,30,20272006,29,29,0.0669069577399385
"dgp3",6,30,20272006,30,29,0
"dgp3",6,30,20272006,1,30,0
"dgp3",6,30,20272006,2,30,0
"dgp3",6,30,20272006,3,30,0
"dgp3",6,30,20272006,4,30,0
"dgp3",6,30,20272006,5,30,0
"dgp3",6,30,20272006,6,30,0
"dgp3",6,30,20272006,7,30,0
"dgp3",6,30,20272006,8,30,0
"dgp3",6,30,20272006,9,30,0
"dgp3",6,30,20272006,10,30,0
"dgp3",6,30,20272006,11,30,0.0669069577399385
"dgp3",6,30,20272006,12,30,0
"dgp3",6,30,20272006,13,30,0
"dgp3",6,30,20272006,14,30,0
"dgp3",6,30,20272006,15,30,0
"dgp3",6,30,20272006,16,30,0.0669069577399385
"dgp3",6,30,20272006,17,30,0.0669069577399385
"dgp3",6,30,20272006,18,30,0.0669069577399385
"dgp3",6,30,20272006,19,30,0
"dgp3",6,30,20272006,20,30,0.0669069577399385
"dgp3",6,30,20272006,21,30,0.0669069577399385
"dgp3",6,30,20272006,22,30,0.0669069577399385
"dgp3",6,30,20272006,23,30,0.0669069577399385
"dgp3",6,30,20272006,24,30,0.0669069577399385
"dgp3",6,30,20272006,25,30,0.0669069577399385
"dgp3",6,30,20272006,26,30,0
"dgp3",6,30,20272006,27,30,0.0669069577399385
"dgp3",6,30,20272006,28,30,0.0669069577399385
"dgp3",6,30,20272006,29,30,0.0669069577399385
"dgp3",6,30,20272006,30,30,0.0669069577399385
